rank,name,url,gold_value,grand_total,value_ratio,error
1,Gorgeously Detailed 22KT Gold Bangle,https://www.bhimagold.com/products/gorgeously-detailed-22kt-gold-bangle-ngo-bgle-p-p-57428,150291.17,155607.0,0.9658381049695709,
2,Finely Detailed 22KT Gold Baby Bangles,https://www.bhimagold.com/products/finely-detailed-22kt-gold-baby-bangles-ngo-bgbl-p-p-58088,50194.05,51994.0,0.9653815824902874,
3,Classic Finely Detailed And Crafted 22KT Gold Bangles,https://www.bhimagold.com/products/classic-finely-detailed-and-crafted-22kt-gold-bangles-ngo-bgbb-p-p-59218,207451.79,214914.0,0.9652781577747378,
4,Enamel Worked 22KT Gold Bangles,https://www.bhimagold.com/products/enamel-worked-22kt-gold-bangles-ngo-bgbb-e-p-58282,177791.74,184232.0,0.9650426635980719,
5,Classic Finely Detailed And Crafted 22KT Gold Bangles For Women,https://www.bhimagold.com/products/classic-finely-detailed-and-crafted-22kt-gold-bangles-for-women-ngo-bgbb-p-s-57440,201906.35,210276.0,0.9601968365386445,
6,Traditionally Crafted 22KT Gold Bangle,https://www.bhimagold.com/products/traditionally-crafted-22kt-gold-bangle-ngo-bgbl-p-s-57468,87302.02,91158.0,0.9577000372978784,
7,Classic Finely Detailed And Crafted 22KT Gold Bangles,https://www.bhimagold.com/products/classic-finely-detailed-and-crafted-22kt-gold-bangles-ngo-bgbb-p-p-60511,144271.62,158215.0,0.9118706822994027,
8,Classic Finely Detailed And Crafted 22KT Gold Bracelet For Men,https://www.bhimagold.com/products/classic-finely-detailed-and-crafted-22kt-gold-bracelet-for-men-ngo-bgbr-p-p-81460,383890.38,420993.0,0.9118687959182219,
9,Classic Finely Detailed And Crafted 22KT Gold Bangles For Women,https://www.bhimagold.com/products/classic-finely-detailed-and-crafted-22kt-gold-bangles-for-women-ngo-bgbb-p-p-81958,169428.81,185804.0,0.9118684743062582,
10,Classic Finely Detailed And Crafted 22KT Gold Bracelet For Men,https://www.bhimagold.com/products/classic-finely-detailed-and-crafted-22kt-gold-bracelet-for-men-ngo-bgbr-p-p-81294,280064.85,307133.0,0.911868311122543,
11,Classic Finely Detailed And Crafted 22KT Gold Bracelet For Men,https://www.bhimagold.com/products/classic-finely-detailed-and-crafted-22kt-gold-bracelet-for-men-ngo-bgbr-p-p-77217,556515.96,610303.0,0.9118683014830338,
12,Classic Finely Detailed And Crafted 22KT Gold Bangles For Women,https://www.bhimagold.com/products/classic-finely-detailed-and-crafted-22kt-gold-bangles-for-women-ngo-bgbb-p-79374,167760.93,183975.0,0.9118680799021606,
13,Classic Finely Detailed And Crafted 22KT Gold Bracelet For Men,https://www.bhimagold.com/products/classic-finely-detailed-and-crafted-22kt-gold-bracelet-for-men-ngo-bgbr-p-p-78225,352200.66,386241.0,0.9118676163328077,
14,Classic Finely Detailed And Crafted 22KT Gold Bracelet For Men,https://www.bhimagold.com/products/classic-finely-detailed-and-crafted-22kt-gold-bracelet-for-men-ngo-bgbr-p-79303,364987.74,400264.0,0.9118675174384906,
15,Traditionally Crafted And Detailed 22KT Gold Necklace For Women,https://www.bhimagold.com/products/traditionally-crafted-and-detailed-22kt-gold-necklace-for-women-ngo-chnc-p-p-81622,311754.57,342221.0,0.9109743995838946,
16,Classic Finely Detailed And Crafted 22KT Gold Bangles For Women,https://www.bhimagold.com/products/classic-finely-detailed-and-crafted-22kt-gold-bangles-for-women-ngo-bgbb-p-79416,269640.6,296165.0,0.9104404639305792,
17,Classic Finely Detailed And Crafted 22KT Gold Bangles For Women,https://www.bhimagold.com/products/classic-finely-detailed-and-crafted-22kt-gold-bangles-for-women-ngo-bgle-p-p-80926,168872.85,185557.0,0.910086119090091,
18,Classic Finely Detailed And Crafted 22KT Gold Bangles For Women,https://www.bhimagold.com/products/classic-finely-detailed-and-crafted-22kt-gold-bangles-for-women-ngo-bgle-p-p-74142,172903.56,189986.0,0.9100857957954797,
19,Classic Finely Detailed And Crafted 22KT Gold Bangles For Women,https://www.bhimagold.com/products/classic-finely-detailed-and-crafted-22kt-gold-bangles-for-women-ngo-bgle-p-p-80936,177907.2,195484.0,0.910085735917006,
20,Classic Finely Detailed And Crafted 22KT Gold Bangles For Women,https://www.bhimagold.com/products/classic-finely-detailed-and-crafted-22kt-gold-bangles-ngo-bgle-p-p-58112,213905.61,235039.0,0.910085602814852,
21,Classic Finely Detailed And Crafted 22KT Gold Bangles For Women,https://www.bhimagold.com/products/classic-finely-detailed-and-crafted-22kt-gold-bangles-for-women-ngo-bgle-p-p-77023,179436.09,197164.0,0.9100854618490191,
22,Classic Finely Detailed And Crafted 22KT Gold Bangles For Women,https://www.bhimagold.com/products/classic-finely-detailed-and-crafted-22kt-gold-bangles-for-women-ngo-bgle-p-p-81236,175961.34,193346.0,0.9100852357948962,
23,Finely Detailed 22KT Gold Bangles,https://www.bhimagold.com/products/finely-detailed-22kt-gold-bangles-ngo-bgle-p-p-58101,185968.62,204342.0,0.9100851513638899,
24,Classic Finely Detailed And Crafted 22KT Gold Bangles For Women,https://www.bhimagold.com/products/classic-finely-detailed-and-crafted-22kt-gold-bangles-ngo-bgle-p-p-64922,200979.54,220836.0,0.91008504048253,
25,Classic Finely Detailed And Crafted 22KT Gold Bangles For Women,https://www.bhimagold.com/products/classic-finely-detailed-and-crafted-22kt-gold-bangles-ngo-bgle-p-p-63502,179992.05,197775.0,0.9100849450132726,
26,Classic Finely Detailed And Crafted 22KT Gold Bangles For Women,https://www.bhimagold.com/products/classic-finely-detailed-and-crafted-22kt-gold-bangles-for-women-ngo-bgle-p-p-71039,169011.84,185710.0,0.9100847558020569,
27,Classic Finely Detailed And Crafted 22KT Gold Bangles For Women,https://www.bhimagold.com/products/classic-finely-detailed-and-crafted-22kt-gold-bangles-for-women-ngo-bgle-p-p-81425,190555.29,209382.0,0.9100843912084133,
28,Classic Finely Detailed And Crafted 22KT Gold Bangles For Women,https://www.bhimagold.com/products/classic-finely-detailed-and-crafted-22kt-gold-bangles-for-women-ngo-bgle-p-p-77251,167065.98,183572.0,0.9100842176366767,
29,Classic Finely Detailed And Crafted 22KT Gold Bangles For Women,https://www.bhimagold.com/products/classic-finely-detailed-and-crafted-22kt-gold-bangles-for-women-ngo-bgle-p-p-65115,174571.44,191819.0,0.9100841939536751,
30,Classic Finely Detailed And Crafted 22KT Gold Bangles For Women,https://www.bhimagold.com/products/classic-finely-detailed-and-crafted-22kt-gold-bangles-for-women-ngo-bgle-p-p-81482,176100.33,193499.0,0.9100839280823156,
31,Classic Finely Detailed And Crafted 22KT Gold Bangles For Women,https://www.bhimagold.com/products/classic-finely-detailed-and-crafted-22kt-gold-bangles-for-women-ngo-bgle-p-p-81437,198616.71,218240.0,0.9100838984604105,
32,Classic Finely Detailed And Crafted 22KT Gold Bangles For Women,https://www.bhimagold.com/products/classic-finely-detailed-and-crafted-22kt-gold-bangles-for-women-ngo-bgle-p-p-71413,170123.76,186932.0,0.910083666787923,
33,Traditionally Crafted And Detailed 22KT Gold Punjabi Kada For Men,https://www.bhimagold.com/products/traditionally-crafted-and-detailed-22kt-gold-punjabi-kada-for-men-ngo-kada-r-p-78553,442822.14,486573.0,0.910083666787923,
34,Classic Finely Detailed And Crafted 22KT Gold Bangles For Women,https://www.bhimagold.com/products/classic-finely-detailed-and-crafted-22kt-gold-bangles-for-women-ngo-bgle-p-p-69683,175127.4,192430.0,0.9100836667879229,
35,Classic Finely Detailed And Crafted 22KT Gold Bangles For Women,https://www.bhimagold.com/products/classic-finely-detailed-and-crafted-22kt-gold-bangles-ngo-bgle-p-p-65029,182632.86,200677.0,0.9100836667879229,
36,Premium Gorgeously Detailed And Studded 22KT Gold Bangles For Women,https://www.bhimagold.com/products/premium-gorgeously-detailed-and-studded-22kt-gold-bangles-for-women-ngo-bgle-p-p-80956,204176.31,224349.0,0.910083441423853,
37,Classic Finely Detailed And Crafted 22KT Gold Bangles For Women,https://www.bhimagold.com/products/classic-finely-detailed-and-crafted-22kt-gold-bangles-for-women-ngo-bgle-p-p-81220,260745.24,286507.0,0.9100833138457349,
38,Classic Finely Detailed And Crafted 22KT Gold Bangles For Women,https://www.bhimagold.com/products/classic-finely-detailed-and-crafted-22kt-gold-bangles-ngo-bgle-p-p-59200,193196.1,212284.0,0.9100831904429915,
39,Classic Finely Detailed And Crafted 22KT Gold Bangles For Women,https://www.bhimagold.com/products/classic-finely-detailed-and-crafted-22kt-gold-bangles-for-women-ngo-bgle-p-p-73414,178185.18,195790.0,0.910083150314112,
40,Classic Finely Detailed And Crafted 22KT Gold Bangles For Women,https://www.bhimagold.com/products/classic-finely-detailed-and-crafted-22kt-gold-bangles-for-women-ngo-bgle-p-p-57418,179714.07,197470.0,0.9100828986681522,
41,Classic Finely Detailed And Crafted 22KT Gold Bangles For Women,https://www.bhimagold.com/products/classic-finely-detailed-and-crafted-22kt-gold-bangles-ngo-bgle-p-p-60937,162201.33,178227.0,0.9100828157349896,
42,Classic Finely Detailed And Crafted 22KT Gold Bangles For Women,https://www.bhimagold.com/products/classic-finely-detailed-and-crafted-22kt-gold-bangles-for-women-ngo-bgle-p-p-81465,198755.7,218393.0,0.9100827407471852,
43,Classic Finely Detailed And Crafted 22KT Gold Bangles For Women,https://www.bhimagold.com/products/classic-finely-detailed-and-crafted-22kt-gold-bangles-for-women-ngo-bgle-p-p-81451,200284.59,220073.0,0.9100825180735483,
44,Classic Finely Detailed And Crafted 22KT Gold Bangles For Women,https://www.bhimagold.com/products/classic-finely-detailed-and-crafted-22kt-gold-bangles-for-women-ngo-bgle-p-p-81424,190277.31,209077.0,0.91008245765914,
45,Classic Finely Detailed And Crafted 22KT Gold Bangles For Women,https://www.bhimagold.com/products/classic-finely-detailed-and-crafted-22kt-gold-bangles-for-women-ngo-bgle-p-p-81457,177768.21,195332.0,0.910082372575922,
46,Classic Finely Detailed And Crafted 22KT Gold Bangles For Women,https://www.bhimagold.com/products/classic-finely-detailed-and-crafted-22kt-gold-bangles-for-women-ngo-bgle-p-p-80959,175266.39,192583.0,0.9100823541018679,
47,Casual Wear 22KT Gold Bangle For Women,https://www.bhimagold.com/products/casual-wear-22kt-gold-bangle-ngo-bgle-p-p-57437,179297.1,197012.0,0.9100821269770369,
48,Classic Finely Detailed And Crafted 22KT Gold Bangles For Women,https://www.bhimagold.com/products/classic-finely-detailed-and-crafted-22kt-gold-bangles-for-women-ngo-bgle-p-p-62230,180825.99,198692.0,0.9100818855313751,
49,Classic Finely Detailed 22KT Gold Bangles For Women,https://www.bhimagold.com/products/classic-finely-detailed-22kt-gold-bangles-for-women-ngo-bgle-p-p-68665,180825.99,198692.0,0.9100818855313751,
50,Classic Finely Detailed And Crafted 22KT Gold Bangles For Women,https://www.bhimagold.com/products/classic-finely-detailed-and-crafted-22kt-gold-bangles-for-women-ngo-bgle-p-p-71403,168316.89,184947.0,0.9100817531509028,
51,Classic Finely Detailed 22KT Gold Bangles For Women,https://www.bhimagold.com/products/classic-finely-detailed-22kt-gold-bangles-ngo-bgle-p-p-57198,179853.06,197623.0,0.9100816200543459,
52,Classic Finely Detailed And Crafted 22KT Gold Bangles For Women,https://www.bhimagold.com/products/classic-finely-detailed-and-crafted-22kt-gold-bangles-for-women-ngo-bgle-p-p-57450,148302.33,162955.0,0.9100814948912276,
53,Traditionally Crafted And Detailed 22KT Gold Necklace For Women,https://www.bhimagold.com/products/traditionally-crafted-and-detailed-22kt-gold-necklace-for-women-ngo-chnc-p-p-82067,283400.61,311705.0,0.9091949439373767,
54,Traditionally Crafted And Detailed 22KT Gold Haaram For Women,https://www.bhimagold.com/products/traditionally-crafted-and-detailed-22kt-gold-haaram-for-women-ngo-chfc-p-p-81626,621146.31,683183.0,0.9091946228170198,
55,Classic Finely Detailed And Crafted 22KT Gold Necklace For Women,https://www.bhimagold.com/products/classic-finely-detailed-and-crafted-22kt-gold-necklace-for-women-ngo-chnc-p-p-80795,279230.91,307119.0,0.9091945141785431,
56,Finely Detailed And Crafted 22KT Gold Necklace For Women,https://www.bhimagold.com/products/finely-detailed-and-crafted-22kt-gold-necklace-for-women-ngo-chfc-p-p-81126,494109.45,543459.0,0.9091936098215321,
57,Traditionally Crafted And Detailed 22KT Gold Fancy Chain For Women,https://www.bhimagold.com/products/traditionally-crafted-and-detailed-22kt-gold-fancy-chain-for-women-ngo-chfc-p-p-82038,161645.37,177790.0,0.9091926992519264,
58,Classic Finely Detailed And Crafted 22KT Gold Bracelet For Men,https://www.bhimagold.com/products/classic-finely-detailed-and-crafted-22kt-gold-bracelet-for-men-ngo-bgbr-p-p-81182,115222.71,126854.0,0.9083096315449257,
59,Classic Finely Detailed And Crafted 22KT Gold Necklace For Women,https://www.bhimagold.com/products/classic-finely-detailed-and-crafted-22kt-gold-necklace-for-women-ngo-chnc-p-s-80849,134542.32,148124.0,0.9083087143204343,
60,Casual Wear and Detailed 22KT Gold Chain For Unisex,https://www.bhimagold.com/products/casual-wear-and-detailed-22kt-gold-chain-for-unisex-ngo-chmc-p-p-80878,167899.92,184849.0,0.9083085112713621,
61,Classic Finely Detailed And Crafted 22KT Gold Chain For Unisex,https://www.bhimagold.com/products/classic-finely-detailed-and-crafted-22kt-gold-chain-for-unisex-ngo-chmc-p-p-81109,194724.99,214382.0,0.9083084867199671,
62,Classic Finely Detailed 22KT Gold Chain For Unisex,https://www.bhimagold.com/products/classic-finely-detailed-22kt-gold-chain-for-unisex-ngo-chmc-p-p-80961,201257.52,221574.0,0.9083083755314251,
63,Classic Finely Detailed 22KT Gold Bangles,https://www.bhimagold.com/products/classic-finely-detailed-22kt-gold-bangles-ngo-bgle-r-p-57203,120643.32,132822.0,0.9083082621854813,
64,Classic Finely Detailed 22KT Gold Chain For Unisex,https://www.bhimagold.com/products/classic-finely-detailed-22kt-gold-chain-for-unisex-ngo-chmc-p-p-81300,187636.5,206578.0,0.9083082419231476,
65,Classic Finely Detailed And Crafted 22KT Gold Chain,https://www.bhimagold.com/products/classic-finely-detailed-and-crafted-22kt-gold-chain-ngo-chpl-p-p-81936,207234.09,228154.0,0.908307941127484,
66,Classic Finely Detailed And Crafted 22KT Gold Chain,https://www.bhimagold.com/products/classic-finely-detailed-and-crafted-22kt-gold-chain-ngo-chmc-p-p-81972,140240.91,154398.0,0.9083078148680682,
67,Classic Finely Detailed And Crafted 22KT Gold Chain,https://www.bhimagold.com/products/classic-finely-detailed-and-crafted-22kt-gold-chain-ngo-chmc-p-79403,166788.0,183625.0,0.9083076923076923,
68,Classic Finely Detailed And Crafted 22KT Gold Casual Wear Chain,https://www.bhimagold.com/products/classic-finely-detailed-and-crafted-22kt-gold-casual-wear-chain-ngo-chpl-p-p-81027,333298.02,366944.0,0.9083075891689195,
69,Classic Finely Detailed And Crafted 22KT Gold Bangles For Women,https://www.bhimagold.com/products/classic-finely-detailed-and-crafted-22kt-gold-bangles-for-women-ngo-bgle-r-p-80952,113276.85,124712.0,0.9083075405734814,
70,Casual Wear and Detailed 22KT Gold Chain For Unisex,https://www.bhimagold.com/products/casual-wear-and-detailed-22kt-gold-chain-for-unisex-ngo-chmc-p-p-80963,266443.83,293341.0,0.9083074987812819,
71,Classic Finely Detailed And Crafted 22KT Gold Chain,https://www.bhimagold.com/products/classic-finely-detailed-and-crafted-22kt-gold-chain-ngo-chpl-p-p-81955,279647.88,307878.0,0.9083074464560638,
72,Classic Finely Detailed And Crafted 22KT Gold Chain,https://www.bhimagold.com/products/classic-finely-detailed-and-crafted-22kt-gold-chain-ngo-chpl-p-p-77255,445462.95,490432.0,0.9083072678781157,
73,Finely Detailed And Crafted 22KT Gold Chain For Unisex,https://www.bhimagold.com/products/finely-detailed-and-crafted-22kt-gold-chain-for-unisex-ngo-chmc-p-p-81286,279230.91,307419.0,0.9083072614249607,
74,Classic Finely Detailed And Crafted 22KT Gold Chain For Men,https://www.bhimagold.com/products/classic-finely-detailed-and-crafted-22kt-gold-chain-for-men-ngo-chpl-p-p-79122,305778.0,336646.0,0.9083072426228145,
75,Classic Finely Detailed And Crafted 22KT Gold Casual Wear Chain,https://www.bhimagold.com/products/classic-finely-detailed-and-crafted-22kt-gold-casual-wear-chain-ngo-chpl-p-p-77550,271864.44,299309.0,0.9083069336371442,
76,Classic Finely Detailed And Crafted 22KT Gold Chain For Unisex,https://www.bhimagold.com/products/classic-finely-detailed-and-crafted-22kt-gold-chain-for-unisex-ngo-chmc-p-p-81217,278396.97,306501.0,0.9083068897001967,
77,Classic Finely Detailed And Crafted 22KT Gold Casual Wear Chain,https://www.bhimagold.com/products/classic-finely-detailed-and-crafted-22kt-gold-casual-wear-chain-ngo-chpl-p-80988,583202.04,642076.0,0.908306867099845,
78,Classic Finely Detailed And Crafted 22KT Gold Chain,https://www.bhimagold.com/products/classic-finely-detailed-and-crafted-22kt-gold-chain-ngo-chpl-p-p-81935,304805.07,335575.0,0.9083068464575729,
79,Classic Finely Detailed And Crafted 22KT Gold Chain,https://www.bhimagold.com/products/classic-finely-detailed-and-crafted-22kt-gold-chain-ngo-chpl-p-p-77444,337745.7,371841.0,0.9083067762834115,
80,Classic Finely Detailed And Crafted 22KT Gold Chain For Unisex,https://www.bhimagold.com/products/classic-finely-detailed-and-crafted-22kt-gold-chain-for-unisex-ngo-chpl-p-p-78131,330935.19,364343.0,0.9083067054945477,
81,Classic Finely Detailed And Crafted 22KT Gold Casual Wear Chain,https://www.bhimagold.com/products/classic-finely-detailed-and-crafted-22kt-gold-casual-wear-chain-ngo-chmc-p-p-80859,224885.82,247588.0,0.908306622291872,
82,Classic Finely Detailed And Crafted 22KT Gold Chain,https://www.bhimagold.com/products/classic-finely-detailed-and-crafted-22kt-gold-chain-ngo-chpl-p-p-77097,449632.65,495023.0,0.9083065837344932,
83,Classic Finely Detailed And Crafted 22KT Gold Chain For Men,https://www.bhimagold.com/products/classic-finely-detailed-and-crafted-22kt-gold-chain-for-men-ngo-chpl-p-p-79110,184995.69,203671.0,0.908306484477417,
84,Classic Finely Detailed And Crafted 22KT Gold Chain,https://www.bhimagold.com/products/classic-finely-detailed-and-crafted-22kt-gold-chain-ngo-chpl-p-p-78799,343444.29,378115.0,0.9083064411620803,
85,Classic Finely Detailed And Crafted 22KT Gold Chain For Men,https://www.bhimagold.com/products/classic-finely-detailed-and-crafted-22kt-gold-chain-for-men-ngo-chpl-p-p-76902,336494.79,370464.0,0.9083063131640321,
86,Classic Finely Detailed And Crafted 22KT Gold Chain,https://www.bhimagold.com/products/classic-finely-detailed-and-crafted-22kt-gold-chain-ngo-chpl-p-p-76921,448520.73,493799.0,0.9083062744152985,
87,Classic Finely Detailed And Crafted 22KT Gold Chain,https://www.bhimagold.com/products/classic-finely-detailed-and-crafted-22kt-gold-chain-ngo-chpl-p-p-81978,164842.14,181483.0,0.908306232539687,
88,Classic Finely Detailed And Crafted 22KT Gold Casual Wear Chain,https://www.bhimagold.com/products/classic-finely-detailed-and-crafted-22kt-gold-casual-wear-chain-ngo-chpl-p-p-81026,435038.7,478956.0,0.9083061909653497,
89,Specially Crafted And Detailed 22KT Gold Chain For Unisex,https://www.bhimagold.com/products/specially-crafted-and-detailed-22kt-gold-chain-for-unisex-ngo-chmc-p-p-80836,223634.91,246211.0,0.9083059245931335,
90,Classic Finely Detailed And Crafted 22KT Gold Chain For Unisex,https://www.bhimagold.com/products/classic-finely-detailed-and-crafted-22kt-gold-chain-for-unisex-ngo-chmc-p-p-81227,170818.71,188063.0,0.9083057805097228,
91,Classic Finely Detailed And Crafted 22KT Gold Chain For Unisex,https://www.bhimagold.com/products/classic-finely-detailed-and-crafted-22kt-gold-chain-for-unisex-ngo-chmc-p-p-81265,183883.77,202447.0,0.9083057294007814,
92,Finely Detailed And Crafted 22KT Gold Chain For Unisex,https://www.bhimagold.com/products/finely-detailed-and-crafted-22kt-gold-chain-for-unisex-ngo-chpl-p-p-81250,327877.41,360977.0,0.9083055430124356,
93,Elegant Detailed And Crafted 22KT Gold Chain For Unisex,https://www.bhimagold.com/products/elegant-detailed-and-crafted-22kt-gold-chain-for-unisex-ngo-chmc-p-p-81201,176656.29,194490.0,0.9083052599105352,
94,Classic Finely Detailed And Crafted 22KT Gold Chain,https://www.bhimagold.com/products/classic-finely-detailed-and-crafted-22kt-gold-chain-ngo-chmc-p-p-81428,222106.02,244528.0,0.9083050611790878,
95,Classic Finely Detailed And Crafted 22KT Gold Chain,https://www.bhimagold.com/products/classic-finely-detailed-and-crafted-22kt-gold-chain-ngo-chpl-p-p-81456,248097.15,273143.0,0.9083049904262602,
96,Classic Finely Detailed And Crafted 22KT Gold Casual Wear Chain,https://www.bhimagold.com/products/classic-finely-detailed-and-crafted-22kt-gold-casual-wear-chain-ngo-chmc-p-p-80933,195836.91,215607.0,0.9083049715454508,
97,Classic Finely Detailed And Crafted 22KT Gold Casual Wear Chain,https://www.bhimagold.com/products/classic-finely-detailed-and-crafted-22kt-gold-casual-wear-chain-ngo-chmc-p-p-81047,156502.74,172302.0,0.9083048368562175,
98,Classic Finely Detailed And Crafted 22KT Gold Chain,https://www.bhimagold.com/products/classic-finely-detailed-and-crafted-22kt-gold-chain-ngo-chmc-p-p-78252,136766.16,150573.0,0.908304676137156,
99,Finely Detailed And Crafted 22KT Gold Chain For Unisex,https://www.bhimagold.com/products/finely-detailed-and-crafted-22kt-gold-chain-for-unisex-ngo-chmc-p-p-81295,194863.98,214536.0,0.9083043405302607,
100,Classic Finely Detailed And Crafted 22KT Gold Casual Wear Chain,https://www.bhimagold.com/products/classic-finely-detailed-and-crafted-22kt-gold-casual-wear-chain-ngo-chmc-p-p-80897,168594.87,185615.0,0.9083041241278991,
101,Studded And Detailed 22KT Gold Necklace For Women,https://www.bhimagold.com/products/studded-and-detailed-22kt-gold-necklace-for-women-ngo-chnc-p-s-81362,176656.29,194629.0,0.9076565671097319,
102,Classic Finely Detailed And Crafted 22KT Gold Necklace For Women,https://www.bhimagold.com/products/classic-finely-detailed-and-crafted-22kt-gold-necklace-for-women-ngo-chnc-p-p-81339,172347.6,189931.0,0.9074221691035166,
103,Fancy Finely Detailed And Crafted 22KT Gold Necklace For Women,https://www.bhimagold.com/products/fancy-finely-detailed-and-crafted-22kt-gold-necklace-for-women-ngo-chnc-p-p-81333,452134.47,498263.0,0.9074213216714867,
104,Traditionally Crafted And Detailed 22KT Gold Haaram For Women,https://www.bhimagold.com/products/traditionally-crafted-and-detailed-22kt-gold-haaram-for-women-ngo-chfc-p-p-81322,559712.73,616817.0,0.9074210503277309,
105,Traditionally Crafted And Detailed 22KT Gold Haaram For Women,https://www.bhimagold.com/products/traditionally-crafted-and-detailed-22kt-gold-haaram-for-women-ngo-chfc-p-p-78322,553041.21,609465.0,0.9074207870837537,
106,Traditionally Crafted And Detailed 22KT Gold Haaram For Women,https://www.bhimagold.com/products/traditionally-crafted-and-detailed-22kt-gold-haaram-for-women-ngo-chfc-p-p-81359,551373.33,607627.0,0.907420720277407,
107,Traditionally Crafted And Detailed 22KT Gold Haaram For Women,https://www.bhimagold.com/products/traditionally-crafted-and-detailed-22kt-gold-haaram-for-women-ngo-chfc-p-p-80044,580700.22,639946.0,0.9074206573679654,
108,Traditionally Crafted And Detailed 22KT Gold Haaram For Women,https://www.bhimagold.com/products/traditionally-crafted-and-detailed-22kt-gold-haaram-for-women-ngo-chfc-p-p-81367,472149.03,520320.0,0.9074204912361624,
109,Fancy Finely Detailed And Crafted 22KT Gold Necklace For Women,https://www.bhimagold.com/products/fancy-finely-detailed-and-crafted-22kt-gold-necklace-for-women-ngo-chnc-p-p-82015,312310.53,344174.0,0.9074204617431881,
110,Fancy Finely Detailed And Crafted 22KT Gold Necklace For Women,https://www.bhimagold.com/products/fancy-finely-detailed-and-crafted-22kt-gold-necklace-for-women-ngo-chfc-p-p-81125,437679.51,482334.0,0.9074199828334722,
111,Classic Finely Detailed And Crafted 22KT Gold Bangles For Women,https://www.bhimagold.com/products/classic-finely-detailed-and-crafted-22kt-gold-bangles-for-women-ngo-bgbb-p-p-78113,175127.4,192995.0,0.9074193631959376,
112,Classic Finely Detailed And Crafted 22KT Gold Bajubandhi For Women,https://www.bhimagold.com/products/classic-finely-detailed-and-crafted-22kt-gold-bajubandhi-for-women-ngo-bgbb-p-77474,320927.91,353671.0,0.9074193530145247,
113,Fancy Finely Detailed And Crafted 22KT Gold Necklace For Women,https://www.bhimagold.com/products/fancy-finely-detailed-and-crafted-22kt-gold-necklace-for-women-ngo-chnc-p-p-81601,186524.58,205555.0,0.9074193281603463,
114,Finely Detailed And Crafted 22KT Gold Necklace For Women,https://www.bhimagold.com/products/finely-detailed-and-crafted-22kt-gold-necklace-for-women-ngo-chnc-p-s-81133,174710.43,192576.0,0.9072284708374875,
115,Simplistic 22KT Gold Kada For Kids,https://www.bhimagold.com/products/simplistic-22kt-gold-kada-for-kids-ngo-bgbl-p-p-81279,109246.14,120462.0,0.9068929620959306,
116,Classic Finely Detailed And Crafted 22KT Gold Baby Bangles,https://www.bhimagold.com/products/classic-finely-detailed-and-crafted-22kt-gold-baby-bangles-ngo-bgbl-p-p-72500,119948.37,132263.0,0.9068928574128818,
117,Classic Finely Detailed And Crafted 22KT Gold Baby Bangles,https://www.bhimagold.com/products/classic-finely-detailed-and-crafted-22kt-gold-baby-bangles-ngo-bgbl-e-p-58255,107439.27,118470.0,0.9068900987591796,
118,Classic Finely Detailed And Crafted 22KT Gold Bangles For Women,https://www.bhimagold.com/products/classic-finely-detailed-and-crafted-22kt-gold-bangles-for-women-ngo-bgbb-p-p-78538,214878.54,236940.0,0.9068900987591796,
119,Classic Finely Detailed And Crafted 22KT Gold Bangles For Women,https://www.bhimagold.com/products/classic-finely-detailed-and-crafted-22kt-gold-bangles-for-women-ngo-bgbb-p-p-81964,275756.16,304068.0,0.906889774655669,
120,Classic Finely Detailed And Crafted 22KT Gold Bangles For Women,https://www.bhimagold.com/products/classic-finely-detailed-and-crafted-22kt-gold-bangles-for-women-ngo-bgbb-p-p-75553,165120.12,182073.0,0.9068896541497091,
121,Traditionally Crafted And Detailed 22KT Gold Bangles For Women,https://www.bhimagold.com/products/traditionally-crafted-and-detailed-22kt-gold-bangles-for-women-ngo-bgbb-p-p-80893,218492.28,240925.0,0.9068891978831587,
122,Classic Finely Detailed And Crafted 22KT Gold Bangles For Women,https://www.bhimagold.com/products/classic-finely-detailed-and-crafted-22kt-gold-bangles-for-women-ngo-bgbb-p-p-78510,227526.63,250887.0,0.9068888782599338,
123,Classic Finely Detailed And Crafted 22KT Gold Bangles For Women,https://www.bhimagold.com/products/classic-finely-detailed-and-crafted-22kt-gold-bangles-for-women-ngo-bgbb-p-p-78537,160672.44,177169.0,0.9068879995936083,
124,Classic Finely Detailed And Crafted 22KT Gold Bangles For Women,https://www.bhimagold.com/products/classic-finely-detailed-and-crafted-22kt-gold-bangles-for-women-ngo-bgbb-p-p-65461,179853.06,198319.0,0.9068876910432182,
125,Classic Finely Detailed And Crafted 22KT Gold Bangles For Women,https://www.bhimagold.com/products/classic-finely-detailed-and-crafted-22kt-gold-bangles-for-women-ngo-bgbb-p-p-78530,176100.33,194181.0,0.9068875430654904,
126,Classic Finely Detailed And Crafted 22KT Gold Casual Wear Chain,https://www.bhimagold.com/products/classic-finely-detailed-and-crafted-22kt-gold-casual-wear-chain-ngo-chpl-p-81032,559712.73,617419.0,0.9065362905903446,
127,Classic Finely Detailed And Crafted 22KT Gold Chain,https://www.bhimagold.com/products/classic-finely-detailed-and-crafted-22kt-gold-chain-ngo-chpl-p-p-80060,335243.88,369808.0,0.9065349586812617,
128,Classic Finely Detailed And Crafted 22KT Gold Matty For Women,https://www.bhimagold.com/products/classic-finely-detailed-and-crafted-22kt-gold-matty-for-women-ngo-chmt-p-p-78203,100628.76,111004.0,0.9065327375590069,
129,Classic Finely Detailed 22KT Gold Chain For Women,https://www.bhimagold.com/products/classic-finely-detailed-22kt-gold-chain-for-women-ngo-chpl-s-80966,331630.14,365842.0,0.906484602642671,
130,Traditionally Crafted And Detailed 22KT Gold Haaram For Women,https://www.bhimagold.com/products/traditionally-crafted-and-detailed-22kt-gold-haaram-for-women-ngo-chfc-p-s-82035,593765.28,655446.0,0.9058950394082809,
131,Classic Finely Detailed And Crafted 22KT Gold Necklace For Women,https://www.bhimagold.com/products/classic-finely-detailed-and-crafted-22kt-gold-necklace-for-women-ngo-chnc-p-s-81553,331074.18,365501.0,0.9058092317120883,
132,Fancy Finely Detailed And Crafted 22KT Gold Necklace For Women,https://www.bhimagold.com/products/fancy-finely-detailed-and-crafted-22kt-gold-necklace-for-women-ngo-chnc-p-s-81168,348447.93,384956.0,0.9051630056422032,
133,Traditionally Crafted And Diamond Studded 22KT Gold Mogappu Chain For Women,https://www.bhimagold.com/products/traditionally-crafted-and-diamond-studded-22kt-gold-mogappu-chain-for-women-ngo-chpl-s-81017,482851.26,533509.0,0.9050480123109451,
134,Classic Finely Detailed And Crafted 22KT Gold Chain For Men,https://www.bhimagold.com/products/classic-finely-detailed-and-crafted-22kt-gold-chain-for-men-ngo-chpl-p-p-80049,269223.63,297559.0,0.9047739439909396,
135,Classic Finely Detailed And Crafted 22KT Gold Chain For Men,https://www.bhimagold.com/products/classic-finely-detailed-and-crafted-22kt-gold-chain-for-men-ngo-chpl-p-p-82076,375273.0,414770.0,0.9047737300190467,
136,Classic Finely Detailed And Crafted 22KT Gold Chain For Men,https://www.bhimagold.com/products/classic-finely-detailed-and-crafted-22kt-gold-chain-for-men-ngo-chpl-p-p-80054,227804.61,251781.0,0.9047728382999511,
137,Classic Finely Detailed And Crafted 22KT Gold Chain For Men,https://www.bhimagold.com/products/classic-finely-detailed-and-crafted-22kt-gold-chain-for-men-ngo-chpl-p-p-82084,432675.87,478215.0,0.9047726859257865,
138,Classic Finely Detailed And Crafted 22KT Gold Matty For Women,https://www.bhimagold.com/products/classic-finely-detailed-and-crafted-22kt-gold-matty-for-women-ngo-chmt-p-p-79062,170957.7,188951.0,0.9047726659292622,
139,Classic Finely Detailed And Crafted 22KT Gold Chain For Men,https://www.bhimagold.com/products/classic-finely-detailed-and-crafted-22kt-gold-chain-for-men-ngo-chpl-p-p-79644,516208.86,570540.0,0.9047724261226207,
140,Classic Finely Detailed And Crafted 22KT Gold Chain For Men,https://www.bhimagold.com/products/classic-finely-detailed-and-crafted-22kt-gold-chain-for-men-ngo-chpl-p-p-80067,207512.07,229353.0,0.9047715530208892,
141,Classic Finely Detailed And Crafted 22KT Gold Chain For Men,https://www.bhimagold.com/products/classic-finely-detailed-and-crafted-22kt-gold-chain-for-men-ngo-chpl-p-p-81944,159838.5,176662.0,0.9047701260033284,
142,Classic Finely Detailed And Crafted 22KT Gold Bracelet For Men,https://www.bhimagold.com/products/classic-finely-detailed-and-crafted-22kt-gold-bracelet-for-men-ngo-bgbr-p-p-81304,156780.72,173450.0,0.9038957624675699,
143,Classic Finely Detailed And Crafted 22KT Gold Bangles For Women,https://www.bhimagold.com/products/classic-finely-detailed-and-crafted-22kt-gold-bangles-for-women-ngo-bgbb-p-p-81959,165815.07,183445.0,0.9038952819646215,
144,Classic Finely Detailed 22KT Gold Bangles For Women,https://www.bhimagold.com/products/classic-finely-detailed-22kt-gold-bangles-for-women-ngo-bgle-p-p-67468,196948.83,217889.0,0.9038952402370013,
145,Classic Finely Detailed And Crafted 22KT Gold Bracelet For Men,https://www.bhimagold.com/products/classic-finely-detailed-and-crafted-22kt-gold-bracelet-for-men-ngo-bgbr-p-p-76971,245456.34,271554.0,0.9038951368788528,
146,Classic Finely Detailed And Crafted 22KT Gold Bracelet For Men,https://www.bhimagold.com/products/classic-finely-detailed-and-crafted-22kt-gold-bracelet-for-men-ngo-bgbr-p-p-78139,306611.94,339212.0,0.903894732497671,
147,Specially Crafted And Matte Finished 22KT Gold Bracelet For Men,https://www.bhimagold.com/products/specially-crafted-and-matte-finished-22kt-gold-bracelet-for-men-ngo-bgbr-p-p-81156,288126.27,318761.0,0.9038943597240566,
148,Classic Finely Detailed And Crafted 22KT Gold Bracelet For Men,https://www.bhimagold.com/products/classic-finely-detailed-and-crafted-22kt-gold-bracelet-for-men-ngo-bgbr-p-p-81123,282149.7,312149.0,0.9038942940711007,
149,Classic Finely Detailed And Crafted 22KT Gold Bracelet For Men,https://www.bhimagold.com/products/classic-finely-detailed-and-crafted-22kt-gold-bracelet-for-men-ngo-bgbr-p-p-76845,425448.39,470684.0,0.903893886344129,
150,Fancy Finely Detailed And Crafted 22KT Gold Necklace For Women,https://www.bhimagold.com/products/fancy-finely-detailed-and-crafted-22kt-gold-necklace-for-women-ngo-chnc-p-p-78291,190555.29,210816.0,0.9038938695355192,
151,Classic Finely Detailed And Crafted 22KT Gold Bracelet For Men,https://www.bhimagold.com/products/classic-finely-detailed-and-crafted-22kt-gold-bracelet-for-men-ngo-bgbr-p-p-81271,226553.7,250642.0,0.9038936012320362,
152,Classic Finely Detailed And Crafted 22KT Gold Bracelet For Men,https://www.bhimagold.com/products/classic-finely-detailed-and-crafted-22kt-gold-bracelet-for-men-ngo-bgbr-p-77228,393202.71,435010.0,0.9038934967012253,
153,Classic Finely Detailed And Crafted 22KT Gold Bracelet For Men,https://www.bhimagold.com/products/classic-finely-detailed-and-crafted-22kt-gold-bracelet-for-men-ngo-bgbr-p-p-81951,356092.38,393954.0,0.9038932971869812,
154,Classic Finely Detailed And Crafted 22KT Gold Bracelet For Men,https://www.bhimagold.com/products/classic-finely-detailed-and-crafted-22kt-gold-bracelet-for-men-ngo-bgbr-p-p-79692,284790.51,315071.0,0.903893122502547,
155,Classic Finely Detailed And Crafted 22KT Gold Bangles For Women,https://www.bhimagold.com/products/classic-finely-detailed-and-crafted-22kt-gold-bangles-for-women-ngo-bgle-p-p-81270,166093.05,183753.0,0.9038929976653441,
156,Classic Finely Detailed And Crafted 22KT Gold Bangles For Women,https://www.bhimagold.com/products/classic-finely-detailed-and-crafted-22kt-gold-bangles-for-women-ngo-bgle-p-p-81485,167899.92,185752.0,0.9038929325121668,
157,Classic Finely Detailed And Crafted 22KT Gold Bracelet For Men,https://www.bhimagold.com/products/classic-finely-detailed-and-crafted-22kt-gold-bracelet-for-men-ngo-bgbr-p-p-78783,274088.28,303231.0,0.9038926758807643,
158,Classic Finely Detailed And Crafted 22KT Gold Bracelet For Men,https://www.bhimagold.com/products/classic-finely-detailed-and-crafted-22kt-gold-bracelet-for-men-ngo-bgbr-p-p-81939,355119.45,392878.0,0.9038924297110045,
159,Classic Finely Detailed And Crafted 22KT Gold Bangles For Women,https://www.bhimagold.com/products/classic-finely-detailed-and-crafted-22kt-gold-bangles-for-women-ngo-bgle-p-p-80913,136210.2,150693.0,0.9038920188728077,
160,Classic Finely Detailed And Crafted 22KT Gold Bangles For Women,https://www.bhimagold.com/products/classic-finely-detailed-and-crafted-22kt-gold-bangles-for-women-ngo-bgle-p-p-65620,174432.45,193091.0,0.9033691368318565,
161,Classic Finely Detailed 22KT Gold Bangles For Women,https://www.bhimagold.com/products/classic-finely-detailed-22kt-gold-bangles-ngo-bgle-p-p-57134,170540.73,188783.0,0.90336910632843,
162,Classic Finely Detailed And Crafted 22KT Gold Bangles For Women,https://www.bhimagold.com/products/classic-finely-detailed-and-crafted-22kt-gold-bangles-for-women-ngo-bgle-p-p-69657,181381.95,200784.0,0.9033685453024146,
163,Classic Finely Detailed And Crafted 22KT Gold Bangles For Women,https://www.bhimagold.com/products/classic-finely-detailed-and-crafted-22kt-gold-bangles-for-women-ngo-bgle-p-p-74836,180409.02,199707.0,0.9033685349036338,
164,Classic Finely Detailed And Crafted 22KT Gold Bangles For Women,https://www.bhimagold.com/products/classic-finely-detailed-and-crafted-22kt-gold-bangles-for-women-ngo-bgbb-e-p-81229,153166.98,169551.0,0.9033681901020932,
165,Matte Finished And Detailed 22KT Gold Bangles,https://www.bhimagold.com/products/matte-finished-and-detailed-22kt-gold-bangles-ngo-bgle-cb-p-l-na-25851772,176656.29,195553.0,0.9033678337841915,
166,Enamel Worked And Detailed 22KT Gold Bangles For Women,https://www.bhimagold.com/products/enamel-worked-and-detailed-22kt-gold-bangles-for-women-ngo-bgbb-e-p-69641,174710.43,193399.0,0.9033678043836835,
167,Classic Finely Detailed And Crafted 22KT Gold Bangles For Women,https://www.bhimagold.com/products/classic-finely-detailed-and-crafted-22kt-gold-bangles-for-women-ngo-bgle-p-p-76918,173737.5,192322.0,0.9033677894364659,
168,Traditionally Crafted And Detailed 22KT Gold Punjabi Kada For Men,https://www.bhimagold.com/products/traditionally-crafted-and-detailed-22kt-gold-punjabi-kada-for-men-ngo-kada-p-p-78555,429479.1,475420.0,0.9033677590341171,
169,Classic Finely Detailed And Crafted 22KT Gold Bangles For Women,https://www.bhimagold.com/products/classic-finely-detailed-and-crafted-22kt-gold-bangles-for-women-ngo-bgle-p-p-65554,169845.78,188014.0,0.9033677279351537,
170,Classic Finely Detailed And Crafted 22KT Gold Chain For Men,https://www.bhimagold.com/products/classic-finely-detailed-and-crafted-22kt-gold-chain-for-men-ngo-chpl-p-p-80035,210847.83,233402.0,0.9033677089313715,
171,Enamel Worked And Detailed 22KT Gold Bangles For Women,https://www.bhimagold.com/products/enamel-worked-and-detailed-22kt-gold-bangles-for-women-ngo-bgbb-e-p-74093,166926.99,184783.0,0.903367679927266,
172,Classic Finely Detailed And Crafted 22KT Gold Bracelet For Men,https://www.bhimagold.com/products/classic-finely-detailed-and-crafted-22kt-gold-bracelet-for-men-ngo-bgbr-p-p-79029,410993.43,454957.0,0.9033676369415131,
173,Classic Finely Detailed And Crafted 22KT Gold Bangles For Women,https://www.bhimagold.com/products/classic-finely-detailed-and-crafted-22kt-gold-bangles-for-women-ngo-bgle-p-p-81469,163035.27,180475.0,0.9033676132428313,
174,Classic Finely Detailed And Crafted 22KT Gold Bangles For Women,https://www.bhimagold.com/products/classic-finely-detailed-and-crafted-22kt-gold-bangles-for-women-ngo-bgle-p-81941,156224.76,172936.0,0.9033674885506777,
175,Traditionally Crafted And Detailed 22KT Gold Kada For Men,https://www.bhimagold.com/products/traditionally-crafted-and-detailed-22kt-gold-kada-for-men-ngo-kada-p-p-79638,497028.24,550195.0,0.9033674242768472,
176,Classic Finely Detailed And Crafted 22KT Gold Chain For Men,https://www.bhimagold.com/products/classic-finely-detailed-and-crafted-22kt-gold-chain-for-men-ngo-chpl-p-p-80039,301747.29,334025.0,0.903367382680937,
177,Classic Finely Detailed And Crafted 22KT Gold Bangles For Women,https://www.bhimagold.com/products/classic-finely-detailed-and-crafted-22kt-gold-bangles-for-women-ngo-bgle-p-p-73161,150387.18,166474.0,0.9033673726828213,
178,Classic Finely Detailed And Crafted 22KT Gold Chain,https://www.bhimagold.com/products/classic-finely-detailed-and-crafted-22kt-gold-chain-ngo-chpl-p-p-81023,594738.21,658357.0,0.9033673371742078,
179,Classic Finely Detailed And Crafted 22KT Gold Bangles For Women,https://www.bhimagold.com/products/classic-finely-detailed-and-crafted-22kt-gold-bangles-for-women-ngo-bgle-p-p-82087,278396.97,308177.0,0.903367123438803,
180,Classic Finely Detailed And Crafted 22KT Gold Kada For Men,https://www.bhimagold.com/products/classic-finely-detailed-and-crafted-22kt-gold-kada-for-men-ngo-kada-p-p-78569,440598.3,487729.0,0.9033670337420986,
181,Classic Finely Detailed And Crafted 22KT Gold Bangles For Women,https://www.bhimagold.com/products/classic-finely-detailed-and-crafted-22kt-gold-bangles-for-women-ngo-bgle-p-p-74815,169011.84,187091.0,0.9033670246030007,
182,Classic Finely Detailed And Crafted 22KT Gold Bangles For Women,https://www.bhimagold.com/products/classic-finely-detailed-and-crafted-22kt-gold-bangles-for-women-ngo-bgle-p-p-76961,167065.98,184937.0,0.9033669844325365,
183,Classic Finely Detailed And Crafted 22KT Gold Bangles For Women,https://www.bhimagold.com/products/classic-finely-detailed-and-crafted-22kt-gold-bangles-for-women-ngo-bgle-p-p-81477,165120.12,182783.0,0.9033669433152973,
184,Traditionally Crafted And Detailed 22KT Gold Kada For Men,https://www.bhimagold.com/products/traditionally-crafted-and-detailed-22kt-gold-kada-for-men-ngo-kada-p-p-79679,389866.95,431571.0,0.9033668851706904,
185,Traditionally Crafted And Detailed 22KT Gold Bangles,https://www.bhimagold.com/products/traditionally-crafted-and-detailed-22kt-gold-bangles-ngo-bgbb-ce-p-l-e-24725047,152472.03,168782.0,0.9033666504722068,
186,Classic Finely Detailed And Crafted 22KT Gold Kada For Men,https://www.bhimagold.com/products/classic-finely-detailed-and-crafted-22kt-gold-kada-for-men-ngo-kada-p-p-78565,420305.76,465266.0,0.9033665902945842,
187,Classic Finely Detailed And Crafted 22KT Gold Bangles For Women,https://www.bhimagold.com/products/classic-finely-detailed-and-crafted-22kt-gold-bangles-ngo-bgle-p-p-57422,143715.66,159089.0,0.9033664175398677,
188,Classic Finely Detailed And Crafted 22KT Gold Chain,https://www.bhimagold.com/products/classic-finely-detailed-and-crafted-22kt-gold-chain-ngo-chpl-p-p-81948,222939.96,246788.0,0.9033662900951424,
189,Classic Finely Detailed 22KT Gold Chain For Men,https://www.bhimagold.com/products/classic-finely-detailed-22kt-gold-chain-for-men-ngo-chpl-p-80975,465477.51,515270.0,0.9033662157703728,
190,Classic Finely Detailed And Crafted 22KT Gold Bangles,https://www.bhimagold.com/products/classic-finely-detailed-and-crafted-22kt-gold-bangles-ngo-bgle-cb-p-l-p-25323341,162340.32,179706.0,0.903366164735735,
191,Classic Finely Detailed And Crafted 22KT Gold Bracelet For Men,https://www.bhimagold.com/products/classic-finely-detailed-and-crafted-22kt-gold-bracelet-for-men-ngo-bgbr-p-p-81967,312032.55,345411.0,0.9033659900813813,
192,Traditionally Crafted And Detailed 22KT Gold Punjabi Kada For Men,https://www.bhimagold.com/products/traditionally-crafted-and-detailed-22kt-gold-punjabi-kada-for-men-ngo-kada-p-p-79598,360957.03,399569.0,0.9033659518130787,
193,Classic Finely Detailed And Crafted 22KT Gold Bangles For Women,https://www.bhimagold.com/products/classic-finely-detailed-and-crafted-22kt-gold-bangles-for-women-ngo-bgle-p-p-66772,150665.16,166782.0,0.9033658308450553,
194,Enamel Worked And Detailed 22KT Gold Bangles,https://www.bhimagold.com/products/enamel-worked-and-detailed-22kt-gold-bangles-ngo-bgbb-ce-p-l-e-25128583,225024.81,249096.0,0.9033658107717506,
195,Classic Finely Detailed And Crafted 22KT Gold Bangles For Women,https://www.bhimagold.com/products/classic-finely-detailed-and-crafted-22kt-gold-bangles-for-women-ngo-bgle-p-p-69712,171235.68,189553.0,0.9033657077440083,
196,Classic Finely Detailed And Crafted 22KT Gold Bangles For Women,https://www.bhimagold.com/products/classic-finely-detailed-and-crafted-22kt-gold-bangles-ngo-bgle-p-p-60986,169289.82,187399.0,0.9033656529650639,
197,Classic Finely Detailed And Crafted 22KT Gold Bangles For Women,https://www.bhimagold.com/products/classic-finely-detailed-and-crafted-22kt-gold-bangles-for-women-ngo-bgle-p-p-81225,144827.58,160320.0,0.9033656437125748,
198,Classic Finely Detailed And Crafted 22KT Gold Bangles For Women,https://www.bhimagold.com/products/premium-gorgeously-detailed-and-studded-22kt-gold-bangles-ngo-bgle-p-p-62266,167343.96,185245.0,0.9033655969121973,
199,Classic Finely Detailed 22KT Gold Bangles,https://www.bhimagold.com/products/classic-finely-detailed-22kt-gold-bangles-ngo-bgle-p-p-57209,164425.17,182014.0,0.9033655103453582,
200,Enamel Worked And Detailed 22KT Gold Bangles For Women,https://www.bhimagold.com/products/enamel-worked-and-detailed-22kt-gold-bangles-ngo-bgbb-e-p-63217,177212.25,196169.0,0.9033652106092196,
201,Classic Finely Detailed And Crafted 22KT Gold Chain,https://www.bhimagold.com/products/classic-finely-detailed-and-crafted-22kt-gold-chain-ngo-chpl-p-p-81968,219326.22,242788.0,0.9033651580803005,
202,Classic Finely Detailed 22KT Gold Bangles For Women,https://www.bhimagold.com/products/classic-finely-detailed-22kt-gold-bangles-ngo-bgle-p-p-58097,195836.91,216786.0,0.903365115828513,
203,Classic Finely Detailed 22KT Gold Bangles,https://www.bhimagold.com/products/classic-finely-detailed-22kt-gold-bangles-ngo-bgle-p-p-57206,195836.91,216786.0,0.903365115828513,
204,Enamel Worked And Detailed 22KT Gold Bangles For Women,https://www.bhimagold.com/products/enamel-worked-and-detailed-22kt-gold-bangles-for-women-ngo-bgbb-e-p-70946,173320.53,191861.0,0.903365092436712,
205,Classic Finely Detailed And Crafted 22KT Gold Bangles For Women,https://www.bhimagold.com/products/classic-finely-detailed-and-crafted-22kt-gold-bangles-for-women-ngo-bgle-p-p-74845,168455.88,186476.0,0.9033649370428366,
206,Classic Finely Detailed And Crafted 22KT Gold Bangles For Women,https://www.bhimagold.com/products/classic-finely-detailed-and-crafted-22kt-gold-bangles-for-women-ngo-bgle-p-p-74567,167482.95,185399.0,0.9033649048808247,
207,Enamel Worked And Detailed 22KT Gold Bangles,https://www.bhimagold.com/products/enamel-worked-and-detailed-22kt-gold-bangles-ngo-bgbb-ce-p-l-e-259940,145939.5,161551.0,0.9033648816782316,
208,Enamel Worked And Detailed 22KT Gold Bangles For Women,https://www.bhimagold.com/products/enamel-worked-and-detailed-22kt-gold-bangles-for-women-ngo-bgbb-e-p-76896,154834.86,171398.0,0.9033644499935821,
209,Classic Finely Detailed And Crafted 22KT Gold Bangles For Women,https://www.bhimagold.com/products/classic-finely-detailed-and-crafted-22kt-gold-bangles-for-women-ngo-bgle-p-p-81427,135237.27,149704.0,0.9033644391599422,
210,Classic Finely Detailed And Crafted 22KT Gold Chain,https://www.bhimagold.com/products/classic-finely-detailed-and-crafted-22kt-gold-chain-ngo-chmc-p-p-78127,130928.58,144990.0,0.9030180012414649,
211,Classic Finely Detailed And Crafted 22KT Gold Chain,https://www.bhimagold.com/products/classic-finely-detailed-and-crafted-22kt-gold-chain-ngo-chmc-p-p-78148,131067.57,145144.0,0.9030174860827868,
212,Classic Finely Detailed And Crafted 22KT Gold Chain,https://www.bhimagold.com/products/classic-finely-detailed-and-crafted-22kt-gold-chain-ngo-chmc-p-p-80043,238645.83,264276.0,0.9030174136130409,
213,Classic Finely Detailed And Crafted 22KT Gold Chain For Unisex,https://www.bhimagold.com/products/classic-finely-detailed-and-crafted-22kt-gold-chain-for-unisex-ngo-chmc-p-p-81056,127731.81,141450.0,0.9030173913043478,
214,Classic Finely Detailed And Crafted 22KT Gold Bangles For Women,https://www.bhimagold.com/products/classic-finely-detailed-and-crafted-22kt-gold-bangles-for-women-ngo-bgle-p-80857,143020.71,158381.0,0.9030168391410586,
215,Finely Detailed And Crafted 22KT Gold Chain For Unisex,https://www.bhimagold.com/products/finely-detailed-and-crafted-22kt-gold-chain-for-unisex-ngo-chmc-p-p-81298,166649.01,184547.0,0.9030166299099959,
216,Elegant Detailed And Crafted 22KT Gold Chain For Unisex,https://www.bhimagold.com/products/elegant-detailed-and-crafted-22kt-gold-chain-for-unisex-ngo-chmc-p-p-81269,237533.91,263045.0,0.903016251972096,
217,Finely Detailed And Crafted 22KT Gold Chain For Unisex,https://www.bhimagold.com/products/finely-detailed-and-crafted-22kt-gold-chain-for-unisex-ngo-chmc-p-p-81198,138295.05,153148.0,0.903015710293311,
218,Beautifully Crafted 22KT Gold Bangle,https://www.bhimagold.com/products/beautifully-crafted-22kt-gold-bangle-ngo-bgle-p-p-57461,112998.87,125135.0,0.903015703040716,
219,Classic Finely Detailed And Crafted 22KT Gold Chain For Unisex,https://www.bhimagold.com/products/classic-finely-detailed-and-crafted-22kt-gold-chain-for-unisex-ngo-chmc-p-p-81199,210847.83,233493.0,0.9030156364430625,
220,Classic Finely Detailed And Crafted 22KT Gold Bangles For Women,https://www.bhimagold.com/products/classic-finely-detailed-and-crafted-22kt-gold-bangles-ngo-bgle-p-p-64809,113137.86,125289.0,0.9030151090678352,
221,Classic Finely Detailed And Crafted 22KT Gold Bangles For Women,https://www.bhimagold.com/products/classic-finely-detailed-and-crafted-22kt-gold-bangles-ngo-bgle-p-p-60364,146912.43,162691.0,0.9030151022490488,
222,Classic Finely Detailed And Crafted 22KT Gold Casual Wear Chain,https://www.bhimagold.com/products/classic-finely-detailed-and-crafted-22kt-gold-casual-wear-chain-ngo-chmc-p-p-81259,197643.78,218871.0,0.9030149266006003,
223,Classic Finely Detailed 22KT Gold Bangles,https://www.bhimagold.com/products/classic-finely-detailed-22kt-gold-bangles-ngo-bgle-p-p-57143,170679.72,189011.0,0.9030147451735613,
224,Classic Finely Detailed And Crafted 22KT Gold Bangles For Women,https://www.bhimagold.com/products/classic-finely-detailed-and-crafted-22kt-gold-bangles-for-women-ngo-bgle-p-p-81226,123423.12,136679.0,0.9030145084467986,
225,Classic Finely Detailed And Crafted 22KT Gold Bangles,https://www.bhimagold.com/products/classic-finely-detailed-and-crafted-22kt-gold-bangles-ngo-bgle-tf-p-l-p-25874940,116751.6,129291.0,0.9030141309139847,
226,Premium Finished And Studded 22KT Gold Oddiyanam,https://www.bhimagold.com/products/premium-finished-and-studded-22kt-gold-oddiyanam-ngo-chod-s-81114,1621596.33,1796634.0,0.9025746646228447,
227,Classic Finely Detailed And Crafted 22KT Gold Bangles For Women,https://www.bhimagold.com/products/classic-finely-detailed-and-crafted-22kt-gold-bangles-for-women-ngo-bgbb-p-p-77411,170540.73,189223.0,0.9012685033003388,
228,Classic Finely Detailed And Crafted 22KT Gold Bangles For Women,https://www.bhimagold.com/products/classic-finely-detailed-and-crafted-22kt-gold-bangles-for-women-ngo-bgbb-p-p-76887,169845.78,188452.0,0.9012681213253242,
229,Classic Finely Detailed And Crafted 22KT Gold Chain,https://www.bhimagold.com/products/classic-finely-detailed-and-crafted-22kt-gold-chain-ngo-chmc-p-p-76937,173042.55,191999.0,0.9012679753540382,
230,Classic Finely Detailed And Crafted 22KT Gold Bangles For Women,https://www.bhimagold.com/products/classic-finely-detailed-and-crafted-22kt-gold-bangles-for-women-ngo-bgbb-p-p-76141,145244.55,161156.0,0.9012667849785301,
231,Classic Finely Detailed And Crafted 22KT Gold Bangles For Women,https://www.bhimagold.com/products/classic-finely-detailed-and-crafted-22kt-gold-bangles-for-women-ngo-bgbb-p-p-78505,552485.25,613010.0,0.901266292556402,
232,Classic Finely Detailed And Crafted 22KT Gold Chain,https://www.bhimagold.com/products/classic-finely-detailed-and-crafted-22kt-gold-chain-ngo-chmc-p-p-76834,190694.28,211585.0,0.9012655906609637,
233,Classic Finely Detailed And Crafted 22KT Gold Bangles For Women,https://www.bhimagold.com/products/classic-finely-detailed-and-crafted-22kt-gold-bangles-for-women-ngo-bgbb-p-p-79196,171374.67,190149.0,0.9012651657384473,
234,Classic Finely Detailed And Crafted 22KT Gold Bangles For Women,https://www.bhimagold.com/products/classic-finely-detailed-and-crafted-22kt-gold-bangles-for-women-ngo-bgbb-p-p-76044,169428.81,187990.0,0.9012650140964945,
235,Casual Wear and Detailed 22KT Gold Chain For Unisex,https://www.bhimagold.com/products/casual-wear-and-detailed-22kt-gold-chain-for-unisex-ngo-chmc-p-p-80847,172625.58,191537.0,0.901264925314691,
236,Classic Finely Detailed And Crafted 22KT Gold Bangles For Women,https://www.bhimagold.com/products/classic-finely-detailed-and-crafted-22kt-gold-bangles-for-women-ngo-bgbb-p-p-76863,172625.58,191537.0,0.901264925314691,
237,Classic Finely Detailed And Crafted 22KT Gold Bangles For Women,https://www.bhimagold.com/products/classic-finely-detailed-and-crafted-22kt-gold-bangles-for-women-ngo-bgbb-p-p-75541,162340.32,180125.0,0.9012647883414296,
238,Premium Gorgeously Detailed And Studded 22KT Gold Bangles For Women,https://www.bhimagold.com/products/premium-gorgeously-detailed-and-studded-22kt-gold-bangles-for-women-ngo-bgbb-p-s-80950,216824.4,240784.0,0.900493388265001,
239,Classic Finely Detailed And Crafted 22KT Gold Bangles For Women,https://www.bhimagold.com/products/classic-finely-detailed-and-crafted-22kt-gold-bangles-for-women-ngo-bgbb-p-s-75544,196809.84,218576.0,0.900418344191494,
240,Traditionally Crafted And Detailed 22KT Gold Bangles For Women,https://www.bhimagold.com/products/traditionally-crafted-and-detailed-22kt-gold-bangles-for-women-ngo-bgbb-p-s-81248,272698.38,302861.0,0.9004077117885763,
241,Classic Finely Detailed And Crafted 22KT Gold Chain,https://www.bhimagold.com/products/classic-finely-detailed-and-crafted-22kt-gold-chain-ngo-chpl-p-p-78153,173320.53,192494.0,0.9003944538531071,
242,Classic Finely Detailed And Crafted 22KT Gold Bracelet For Men,https://www.bhimagold.com/products/classic-finely-detailed-and-crafted-22kt-gold-bracelet-for-men-ngo-bgbr-p-p-79033,280481.82,311510.0,0.9003942730570448,
243,Specially Crafted And Detailed 22KT Gold Necklace For Women,https://www.bhimagold.com/products/specially-crafted-and-detailed-22kt-gold-necklace-for-women-ngo-chnc-p-p-77110,169845.78,188635.0,0.9003937763405518,
244,Classic Finely Detailed And Crafted 22KT Gold Bracelet For Men,https://www.bhimagold.com/products/classic-finely-detailed-and-crafted-22kt-gold-bracelet-for-men-ngo-bgbr-p-p-77043,168177.9,186783.0,0.9003918986203241,
245,Studded And Detailed 22KT Gold Bangles For Women,https://www.bhimagold.com/products/studded-and-detailed-22kt-gold-bangles-for-women-ngo-bgbb-p-s-77221,194586.0,216150.0,0.900235947258848,
246,Traditionally Crafted And Detailed 22KT Gold Necklace,https://www.bhimagold.com/products/traditionally-crafted-and-detailed-22kt-gold-necklace-ngo-chnc-kls-s-l-p-25590704,579171.33,643596.0,0.8998988962019652,
247,Classic Finely Detailed And Crafted 22KT Gold Bangles For Women,https://www.bhimagold.com/products/classic-finely-detailed-and-crafted-22kt-gold-bangles-ngo-bgle-p-p-64892,171652.65,190752.0,0.8998733958228485,
248,Classic Finely Detailed And Crafted 22KT Gold Casual Wear Chain,https://www.bhimagold.com/products/classic-finely-detailed-and-crafted-22kt-gold-casual-wear-chain-ngo-chmc-p-p-80853,165537.09,183956.0,0.8998732849159582,
249,Classic Finely Detailed And Crafted 22KT Gold Bangles For Women,https://www.bhimagold.com/products/classic-finely-detailed-and-crafted-22kt-gold-bangles-for-women-ngo-bgle-p-p-65537,162479.31,180558.0,0.8998732263317051,
250,Classic Finely Detailed And Crafted 22KT Gold Bangles For Women,https://www.bhimagold.com/products/classic-finely-detailed-and-crafted-22kt-gold-bangles-for-women-ngo-bgle-p-p-69724,182632.86,202954.0,0.8998731732313725,
251,Classic Finely Detailed And Crafted 22KT Gold Chain,https://www.bhimagold.com/products/classic-finely-detailed-and-crafted-22kt-gold-chain-ngo-chmc-p-p-81977,221411.07,246047.0,0.8998730730307625,
252,Classic Finely Detailed And Crafted 22KT Gold Chain For Kids,https://www.bhimagold.com/products/classic-finely-detailed-and-crafted-22kt-gold-chain-for-kids-ngo-chmc-p-p-81961,170401.74,189362.0,0.8998729417729006,
253,Classic Finely Detailed And Crafted 22KT Gold Casual Wear Chain,https://www.bhimagold.com/products/classic-finely-detailed-and-crafted-22kt-gold-casual-wear-chain-ngo-chmc-p-p-80800,167343.96,185964.0,0.8998728786216686,
254,Classic Finely Detailed And Crafted 22KT Gold Chain,https://www.bhimagold.com/products/classic-finely-detailed-and-crafted-22kt-gold-chain-ngo-chmc-p-p-79625,221689.05,246356.0,0.8998727451330595,
255,Classic Finely Detailed And Crafted 22KT Gold Bangles For Women,https://www.bhimagold.com/products/classic-finely-detailed-and-crafted-22kt-gold-bangles-for-women-ngo-bgle-p-p-76828,198477.72,220562.0,0.8998726888584616,
256,Classic Finely Detailed 22KT Gold Chain For Unisex,https://www.bhimagold.com/products/classic-finely-detailed-22kt-gold-chain-for-unisex-ngo-chmc-p-p-80960,195419.94,217164.0,0.8998726308227883,
257,Classic Finely Detailed And Crafted 22KT Gold Casual Wear Chain,https://www.bhimagold.com/products/classic-finely-detailed-and-crafted-22kt-gold-casual-wear-chain-ngo-chmc-p-p-80934,234198.15,260257.0,0.8998726259043944,
258,Classic Finely Detailed And Crafted 22KT Gold Casual Wear Chain,https://www.bhimagold.com/products/classic-finely-detailed-and-crafted-22kt-gold-casual-wear-chain-ngo-chmc-p-p-80914,155112.84,172372.0,0.8998726011185111,
259,Classic Finely Detailed And Crafted 22KT Gold Bangles For Women,https://www.bhimagold.com/products/classic-finely-detailed-and-crafted-22kt-gold-bangles-ngo-bgle-p-p-63554,173737.5,193069.0,0.8998725844128265,
260,Classic Finely Detailed And Crafted 22KT Gold Chain For Unisex,https://www.bhimagold.com/products/classic-finely-detailed-and-crafted-22kt-gold-chain-for-unisex-ngo-chpl-p-p-80990,279369.9,310455.0,0.899872445281925,
261,Classic Finely Detailed And Crafted 22KT Gold Casual Wear Chain,https://www.bhimagold.com/products/classic-finely-detailed-and-crafted-22kt-gold-casual-wear-chain-ngo-chpl-p-p-81028,335243.88,372546.0,0.8998724452819249,
262,Classic Finely Detailed And Crafted 22KT Gold Chain,https://www.bhimagold.com/products/classic-finely-detailed-and-crafted-22kt-gold-chain-ngo-chpl-p-p-80036,333714.99,370847.0,0.8998724271734705,
263,Classic Finely Detailed And Crafted 22KT Gold Bangles For Women,https://www.bhimagold.com/products/classic-finely-detailed-and-crafted-22kt-gold-bangles-for-women-ngo-bgle-p-81454,184717.71,205271.0,0.899872412566802,
264,Classic Finely Detailed And Crafted 22KT Gold Bangles For Women,https://www.bhimagold.com/products/classic-finely-detailed-and-crafted-22kt-gold-bangles-for-women-ngo-bgle-p-p-74136,164564.16,182875.0,0.8998723718386876,
265,Classic Finely Detailed And Crafted 22KT Gold Chain For Unisex,https://www.bhimagold.com/products/classic-finely-detailed-and-crafted-22kt-gold-chain-for-unisex-ngo-chmc-p-p-80852,142881.72,158780.0,0.899872276105303,
266,Classic Finely Detailed And Crafted 22KT Gold Chain,https://www.bhimagold.com/products/classic-finely-detailed-and-crafted-22kt-gold-chain-ngo-chmc-p-p-79672,195697.92,217473.0,0.8998722600046903,
267,Classic Finely Detailed And Crafted 22KT Gold Chain,https://www.bhimagold.com/products/classic-finely-detailed-and-crafted-22kt-gold-chain-ngo-chpl-p-p-81963,324819.63,360962.0,0.8998720917991367,
268,Classic Finely Detailed And Crafted 22KT Gold Chain,https://www.bhimagold.com/products/classic-finely-detailed-and-crafted-22kt-gold-chain-ngo-chpl-p-p-76826,391673.82,435255.0,0.8998720749905228,
269,Classic Finely Detailed And Crafted 22KT Gold Chain,https://www.bhimagold.com/products/classic-finely-detailed-and-crafted-22kt-gold-chain-ngo-chpl-p-p-76830,418220.91,464756.0,0.8998719973491466,
270,Classic Finely Detailed And Crafted 22KT Gold Chain,https://www.bhimagold.com/products/classic-finely-detailed-and-crafted-22kt-gold-chain-ngo-chpl-p-p-77496,334270.95,371465.0,0.8998719933237317,
271,Classic Finely Detailed And Crafted 22KT Gold Casual Wear Chain,https://www.bhimagold.com/products/classic-finely-detailed-and-crafted-22kt-gold-casual-wear-chain-ngo-chpl-p-80910,334270.95,371465.0,0.8998719933237317,
272,Classic Finely Detailed And Crafted 22KT Gold Chain,https://www.bhimagold.com/products/classic-finely-detailed-and-crafted-22kt-gold-chain-ngo-chmc-p-p-79301,278396.97,309374.0,0.8998719026162508,
273,Classic Finely Detailed And Crafted 22KT Gold Chain,https://www.bhimagold.com/products/classic-finely-detailed-and-crafted-22kt-gold-chain-ngo-chmc-p-p-81291,222522.99,247283.0,0.8998717663567652,
274,Classic Finely Detailed And Crafted 22KT Gold Chain,https://www.bhimagold.com/products/classic-finely-detailed-and-crafted-22kt-gold-chain-ngo-chpl-p-p-76905,558878.79,621065.0,0.8998716559458351,
275,Classic Finely Detailed And Crafted 22KT Gold Chain,https://www.bhimagold.com/products/classic-finely-detailed-and-crafted-22kt-gold-chain-ngo-chpl-p-p-77296,398623.32,442978.0,0.8998715963320978,
276,Classic Finely Detailed And Crafted 22KT Gold Casual Wear Chain,https://www.bhimagold.com/products/classic-finely-detailed-and-crafted-22kt-gold-casual-wear-chain-ngo-chmc-p-80844,168177.9,186891.0,0.8998715829012632,
277,Classic Finely Detailed And Crafted 22KT Gold Chain,https://www.bhimagold.com/products/classic-finely-detailed-and-crafted-22kt-gold-chain-ngo-chpl-p-p-81472,361374.0,401584.0,0.8998715088250528,
278,Classic Finely Detailed And Crafted 22KT Gold Casual Wear Chain,https://www.bhimagold.com/products/classic-finely-detailed-and-crafted-22kt-gold-casual-wear-chain-ngo-chmc-p-p-80928,193196.1,214693.0,0.899871444341455,
279,Classic Finely Detailed And Crafted 22KT Gold Chain,https://www.bhimagold.com/products/classic-finely-detailed-and-crafted-22kt-gold-chain-ngo-chpl-p-p-76833,335104.89,372392.0,0.8998713452490924,
280,Classic Finely Detailed And Crafted 22KT Gold Bangles For Women,https://www.bhimagold.com/products/classic-finely-detailed-and-crafted-22kt-gold-bangles-ngo-bgle-p-p-63544,171513.66,190598.0,0.8998712473373278,
281,Classic Finely Detailed 22KT Gold Chain For Women,https://www.bhimagold.com/products/classic-finely-detailed-22kt-gold-chain-for-women-ngo-chpl-p-p-81001,322873.77,358800.0,0.8998711538461539,
282,Classic Finely Detailed And Crafted 22KT Gold Casual Wear Chain,https://www.bhimagold.com/products/classic-finely-detailed-and-crafted-22kt-gold-casual-wear-chain-ngo-chmc-p-p-80832,166926.99,185501.0,0.899871105816141,
283,Classic Finely Detailed And Crafted 22KT Gold Chain,https://www.bhimagold.com/products/classic-finely-detailed-and-crafted-22kt-gold-chain-ngo-chpl-p-p-81461,319815.99,355402.0,0.8998711037079138,
284,Classic Finely Detailed And Crafted 22KT Gold Chain,https://www.bhimagold.com/products/classic-finely-detailed-and-crafted-22kt-gold-chain-ngo-chmc-p-p-79717,276173.13,306903.0,0.8998710667539906,
285,Classic Finely Detailed 22KT Gold Bangles,https://www.bhimagold.com/products/classic-finely-detailed-22kt-gold-bangles-ngo-bgle-han-p-l-p-25265613,179436.09,199402.0,0.8998710644828035,
286,Classic Finely Detailed And Crafted 22KT Gold Chain For Unisex,https://www.bhimagold.com/products/classic-finely-detailed-and-crafted-22kt-gold-chain-for-unisex-ngo-chmc-p-p-81285,274644.24,305204.0,0.8998710370768404,
287,Classic Finely Detailed And Crafted 22KT Gold Chain,https://www.bhimagold.com/products/classic-finely-detailed-and-crafted-22kt-gold-chain-ngo-chpl-p-p-76984,337189.74,374709.0,0.8998709398493231,
288,Classic Finely Detailed And Crafted 22KT Gold Chain,https://www.bhimagold.com/products/classic-finely-detailed-and-crafted-22kt-gold-chain-ngo-chpl-p-p-80068,279508.89,310610.0,0.899870867003638,
289,Classic Finely Detailed And Crafted 22KT Gold Chain,https://www.bhimagold.com/products/classic-finely-detailed-and-crafted-22kt-gold-chain-ngo-chpl-p-p-81458,251432.91,279410.0,0.8998708349736946,
290,Classic Finely Detailed And Crafted 22KT Gold Chain,https://www.bhimagold.com/products/classic-finely-detailed-and-crafted-22kt-gold-chain-ngo-chpl-p-p-81965,224885.82,249909.0,0.8998708329832059,
291,Classic Finely Detailed And Crafted 22KT Gold Chain,https://www.bhimagold.com/products/classic-finely-detailed-and-crafted-22kt-gold-chain-ngo-chpl-p-p-80045,328016.4,364515.0,0.8998707872104029,
292,Classic Finely Detailed And Crafted 22KT Gold Bangles For Women,https://www.bhimagold.com/products/classic-finely-detailed-and-crafted-22kt-gold-bangles-for-women-ngo-bgle-p-p-69971,170262.75,189208.0,0.8998707771341592,
293,Classic Finely Detailed And Crafted 22KT Gold Bangles For Women,https://www.bhimagold.com/products/classic-finely-detailed-and-crafted-22kt-gold-bangles-ngo-bgle-p-p-63179,182771.85,203109.0,0.8998707590505591,
294,Classic Finely Detailed And Crafted 22KT Gold Chain For Men,https://www.bhimagold.com/products/classic-finely-detailed-and-crafted-22kt-gold-chain-for-men-ngo-chpl-p-p-78253,443656.08,493022.0,0.8998707562745679,
295,Classic Finely Detailed And Crafted 22KT Gold Chain,https://www.bhimagold.com/products/classic-finely-detailed-and-crafted-22kt-gold-chain-ngo-chpl-p-p-76827,451578.51,501826.0,0.8998706922319689,
296,Classic Finely Detailed 22KT Gold Bangles For Women,https://www.bhimagold.com/products/classic-finely-detailed-22kt-gold-bangles-for-women-ngo-bgle-p-p-67256,151638.09,168511.0,0.899870572247509,
297,Classic Finely Detailed And Crafted 22KT Gold Chain,https://www.bhimagold.com/products/classic-finely-detailed-and-crafted-22kt-gold-chain-ngo-chpl-p-p-79239,226692.69,251917.0,0.8998705526026429,
298,Classic Finely Detailed And Crafted 22KT Gold Chain,https://www.bhimagold.com/products/classic-finely-detailed-and-crafted-22kt-gold-chain-ngo-chpl-p-p-79617,275200.2,305822.0,0.8998705129127401,
299,Classic Finely Detailed And Crafted 22KT Gold Chain,https://www.bhimagold.com/products/classic-finely-detailed-and-crafted-22kt-gold-chain-ngo-chpl-p-p-81938,336216.81,373628.0,0.8998704861520015,
300,Classic Finely Detailed And Crafted 22KT Gold Chain,https://www.bhimagold.com/products/classic-finely-detailed-and-crafted-22kt-gold-chain-ngo-chmc-p-p-81442,223634.91,248519.0,0.8998704726801573,
301,Classic Finely Detailed And Crafted 22KT Gold Bangles For Women,https://www.bhimagold.com/products/classic-finely-detailed-and-crafted-22kt-gold-bangles-ngo-bgle-p-p-63508,173598.51,192915.0,0.8998704610838971,
302,Classic Finely Detailed And Crafted 22KT Gold Chain For Unisex,https://www.bhimagold.com/products/classic-finely-detailed-and-crafted-22kt-gold-chain-for-unisex-ngo-chpl-p-p-81005,296187.69,329145.0,0.8998699357426059,
303,Classic Finely Detailed And Crafted 22KT Gold Casual Wear Chain,https://www.bhimagold.com/products/classic-finely-detailed-and-crafted-22kt-gold-casual-wear-chain-ngo-chmc-p-p-80905,169289.82,188127.0,0.8998698751375401,
304,Classic Finely Detailed And Crafted 22KT Gold Casual Wear Chain,https://www.bhimagold.com/products/classic-finely-detailed-and-crafted-22kt-gold-casual-wear-chain-ngo-chmc-p-p-80946,224190.87,249137.0,0.8998698306554225,
305,Classic Finely Detailed And Crafted 22KT Gold Bangles For Women,https://www.bhimagold.com/products/classic-finely-detailed-and-crafted-22kt-gold-bangles-for-women-ngo-bgle-p-p-81468,144271.62,160325.0,0.8998697645407765,
306,Classic Finely Detailed And Crafted 22KT Gold Bangles For Women,https://www.bhimagold.com/products/classic-finely-detailed-and-crafted-22kt-gold-bangles-for-women-ngo-bgle-p-p-77457,183605.79,204036.0,0.8998695818384991,
307,Classic Finely Detailed And Crafted 22KT Gold Bangles For Women,https://www.bhimagold.com/products/classic-finely-detailed-and-crafted-22kt-gold-bangles-for-women-ngo-bgle-p-p-70123,180548.01,200638.0,0.8998694664021771,
308,Classic Finely Detailed And Crafted 22KT Gold Chain For Unisex,https://www.bhimagold.com/products/classic-finely-detailed-and-crafted-22kt-gold-chain-for-unisex-ngo-chmc-p-p-81230,166510.02,185038.0,0.8998693241388255,
309,Classic Finely Detailed And Crafted 22KT Gold Bangles For Women,https://www.bhimagold.com/products/classic-finely-detailed-and-crafted-22kt-gold-bangles-for-women-ngo-bgle-p-79344,144549.6,160634.0,0.8998692680254492,
310,Premium Gorgeously Detailed And Studded 22KT Gold Bangles For Women,https://www.bhimagold.com/products/premium-gorgeously-detailed-and-studded-22kt-gold-bangles-for-women-ngo-bgle-p-p-80787,183883.77,204345.0,0.8998691918079718,
311,Classic Finely Detailed And Crafted 22KT Gold Chain,https://www.bhimagold.com/products/classic-finely-detailed-and-crafted-22kt-gold-chain-ngo-chmc-p-p-78209,114944.73,127735.0,0.8998687125689905,
312,Classic Finely Detailed And Crafted 22KT Gold Bangles For Women,https://www.bhimagold.com/products/classic-finely-detailed-and-crafted-22kt-gold-bangles-for-women-ngo-bgbb-p-s-76014,191389.23,212747.0,0.8996095362096763,
313,Classic Finely Detailed And Crafted 22KT Gold Chain For Men,https://www.bhimagold.com/products/classic-finely-detailed-and-crafted-22kt-gold-chain-for-men-ngo-chpl-p-p-78747,553458.18,615279.0,0.8995239232933353,
314,Classic Finely Detailed And Crafted 22KT Gold Chain,https://www.bhimagold.com/products/classic-finely-detailed-and-crafted-22kt-gold-chain-ngo-chpl-p-p-78239,562214.55,625014.0,0.8995231306818728,
315,Classic Finely Detailed And Crafted 22KT Gold Chain,https://www.bhimagold.com/products/classic-finely-detailed-and-crafted-22kt-gold-chain-ngo-chpl-p-p-78794,310225.68,344878.0,0.8995229617429932,
316,Classic Finely Detailed And Crafted 22KT Gold Chain For Men,https://www.bhimagold.com/products/classic-finely-detailed-and-crafted-22kt-gold-chain-for-men-ngo-chpl-p-78841,574584.66,638766.0,0.8995229238876209,
317,Classic Finely Detailed And Crafted 22KT Gold Chain For Men,https://www.bhimagold.com/products/classic-finely-detailed-and-crafted-22kt-gold-chain-for-men-ngo-chpl-p-p-76927,441849.21,491204.0,0.8995228255470232,
318,Classic Finely Detailed And Crafted 22KT Gold Chain,https://www.bhimagold.com/products/classic-finely-detailed-and-crafted-22kt-gold-chain-ngo-chpl-p-p-76947,312588.51,347505.0,0.8995223378080891,
319,Classic Finely Detailed And Crafted 22KT Gold Bracelet For Men,https://www.bhimagold.com/products/classic-finely-detailed-and-crafted-22kt-gold-bracelet-for-men-ngo-bgbr-p-p-76637,229472.49,255105.0,0.8995217263479743,
320,Classic Finely Detailed And Crafted 22KT Gold Bracelet For Men,https://www.bhimagold.com/products/classic-finely-detailed-and-crafted-22kt-gold-bracelet-for-men-ngo-bgbr-p-p-81486,170679.72,189928.0,0.8986548586832905,
321,Classic Finely Detailed And Crafted 22KT Gold Bracelet For Men,https://www.bhimagold.com/products/classic-finely-detailed-and-crafted-22kt-gold-bracelet-for-men-ngo-bgbr-p-p-78158,222106.02,247154.0,0.8986543612484523,
322,Classic Finely Detailed And Crafted 22KT Gold Bracelet For Men,https://www.bhimagold.com/products/classic-finely-detailed-and-crafted-22kt-gold-bracelet-for-men-ngo-bgbr-p-p-78142,226692.69,252258.0,0.8986541160240706,
323,Traditionally Crafted And Detailed 22KT Gold Kollussu For Women,https://www.bhimagold.com/products/traditionally-crafted-and-detailed-22kt-gold-kollussu-for-women-ngo-chkl-p-p-81646,318009.12,353873.0,0.8986532456559274,
324,Finely Detailed & Studded 22KT Gold Oddiyanam For Women,https://www.bhimagold.com/products/finely-detailed-&-studded-22kt-gold-oddiyanam-for-women-ngo-chod-p-s-81319,2112092.04,2352067.0,0.8979727363208616,
325,Fancy Finely Detailed And Crafted 22KT Gold Bangles,https://www.bhimagold.com/products/fancy-finely-detailed-and-crafted-22kt-gold-bangles-ngo-bgbb-fny1-p-l-r-25180493,2218697.37,2471296.0,0.8977869789778319,
326,Classic Finely Detailed And Crafted 22KT Gold Bangles For Women,https://www.bhimagold.com/products/classic-finely-detailed-and-crafted-22kt-gold-bangles-for-women-ngo-bgbb-r-p-57412,840750.51,936470.0,0.8977869125545933,
327,Studded & Detailed 22KT Gold Matty For Women,https://www.bhimagold.com/products/studded-&-detailed-22kt-gold-matty-for-women-ngo-chmt-p-s-79709,131623.53,146661.0,0.8974678339844948,
328,Classic Finely Detailed And Crafted 22KT Gold Bangles For Women,https://www.bhimagold.com/products/classic-finely-detailed-and-crafted-22kt-gold-bangles-for-women-ngo-bgle-p-p-81207,176795.28,197113.0,0.8969234905866178,
329,Classic Finely Detailed And Crafted 22KT Gold Bangles For Women,https://www.bhimagold.com/products/classic-finely-detailed-and-crafted-22kt-gold-bangles-for-women-ngo-bgle-p-p-72005,173042.55,192929.0,0.8969234796220371,
330,Classic Finely Detailed And Crafted 22KT Gold Bangles For Women,https://www.bhimagold.com/products/classic-finely-detailed-and-crafted-22kt-gold-bangles-for-women-ngo-bgle-p-p-76436,173042.55,192929.0,0.8969234796220371,
331,Classic Finely Detailed And Crafted 22KT Gold Bangles For Women,https://www.bhimagold.com/products/classic-finely-detailed-and-crafted-22kt-gold-bangles-ngo-bgbb-p-p-60489,165537.09,184561.0,0.8969234562014726,
332,Classic Finely Detailed And Crafted 22KT Gold Bangles For Women,https://www.bhimagold.com/products/classic-finely-detailed-and-crafted-22kt-gold-bangles-for-women-ngo-bgle-p-p-71054,165676.08,184716.0,0.8969232768141362,
333,Finely Detailed 22KT Gold Bangles For Women,https://www.bhimagold.com/products/finely-detailed-22kt-gold-bangles-ngo-bgbb-p-p-58272,158170.62,176348.0,0.8969232426792478,
334,Classic Finely Detailed 22KT Gold Bangles,https://www.bhimagold.com/products/classic-finely-detailed-22kt-gold-bangles-ngo-bgle-ka-p-l-p-2519172,154417.89,172164.0,0.8969232243674636,
335,Classic Finely Detailed And Crafted 22KT Gold Bangles For Women,https://www.bhimagold.com/products/classic-finely-detailed-and-crafted-22kt-gold-bangles-for-women-ngo-bgle-p-p-70617,150665.16,167980.0,0.8969232051434695,
336,Classic Finely Detailed And Crafted 22KT Gold Bangles,https://www.bhimagold.com/products/classic-finely-detailed-and-crafted-22kt-gold-bangles-ngo-bgle-ka-p-l-p-2519165,180825.99,201607.0,0.8969231723104852,
337,Classic Finely Detailed And Crafted 22KT Gold Bangles For Women,https://www.bhimagold.com/products/classic-finely-detailed-and-crafted-22kt-gold-bangles-for-women-ngo-bgle-p-p-73170,165815.07,184871.0,0.8969230977276047,
338,Detailed And Crafted 22KT Gold Bangles,https://www.bhimagold.com/products/detailed-and-crafted-22kt-gold-bangles-ngo-bgle-ka-p-l-p-24670895,188470.44,210130.0,0.896923047637177,
339,Classic Finely Detailed 22KT Gold Bangles,https://www.bhimagold.com/products/classic-finely-detailed-22kt-gold-bangles-ngo-bgle-p-p-57106,150804.15,168135.0,0.8969230082969042,
340,Classic Finely Detailed And Crafted 22KT Gold Bangles,https://www.bhimagold.com/products/classic-finely-detailed-and-crafted-22kt-gold-bangles-ngo-bgle-ka-p-l-p-25211219,162201.33,180842.0,0.8969228940179825,
341,Traditionally Crafted And Detailed 22KT Gold Bangles For Women,https://www.bhimagold.com/products/traditionally-crafted-and-detailed-22kt-gold-bangles-for-women-ngo-bgbb-p-p-81249,184856.7,206101.0,0.8969228679142751,
342,Classic Finely Detailed And Crafted 22KT Gold Bangles For Women,https://www.bhimagold.com/products/classic-finely-detailed-and-crafted-22kt-gold-bangles-for-women-ngo-bgle-p-p-69620,166093.05,185181.0,0.8969227404539342,
343,Classic Finely Detailed And Crafted 22KT Gold Bangles For Women,https://www.bhimagold.com/products/classic-finely-detailed-and-crafted-22kt-gold-bangles-for-women-ngo-bgle-p-p-74490,139684.95,155738.0,0.8969227163569585,
344,Classic Finely Detailed And Crafted 22KT Gold Bangles,https://www.bhimagold.com/products/classic-finely-detailed-and-crafted-22kt-gold-bangles-ngo-bgle-ka-p-l-p-2622838,154834.86,172629.0,0.8969226491493317,
345,Classic Finely Detailed And Crafted 22KT Gold Bangles For Women,https://www.bhimagold.com/products/classic-finely-detailed-and-crafted-22kt-gold-bangles-for-women-ngo-bgbb-dub-p-l-p-24646023,192640.14,214779.0,0.8969226041652117,
346,Classic Finely Detailed And Crafted 22KT Gold Bangles With Screw For Women,https://www.bhimagold.com/products/classic-finely-detailed-and-crafted-22kt-gold-bangles-with-screw-for-women-ngo-bgbb-p-p-82080,256853.52,286372.0,0.8969226041652116,
347,Classic Finely Detailed And Crafted 22KT Gold Bangles For Women,https://www.bhimagold.com/products/classic-finely-detailed-and-crafted-22kt-gold-bangles-for-women-ngo-bgle-p-p-75436,166232.04,185336.0,0.8969225622652912,
348,Enamel Worked And Detailed 22KT Gold Bangles For Women,https://www.bhimagold.com/products/enamel-worked-and-detailed-22kt-gold-bangles-ngo-bgle-p-p-61683,177629.22,198043.0,0.896922486530703,
349,Classic Finely Detailed And Crafted 22KT Gold Bangles,https://www.bhimagold.com/products/classic-finely-detailed-and-crafted-22kt-gold-bangles-ngo-bgle-ka-p-l-p-254972,173876.49,193859.0,0.8969224539484882,
350,Classic Finely Detailed And Crafted 22KT Gold Bangles,https://www.bhimagold.com/products/classic-finely-detailed-and-crafted-22kt-gold-bangles-ngo-bgle-ka-p-l-p-25173795,166371.03,185491.0,0.896922384374444,
351,Classic Finely Detailed And Crafted 22KT Gold Bangles For Women,https://www.bhimagold.com/products/classic-finely-detailed-and-crafted-22kt-gold-bangles-for-women-ngo-bgle-p-p-75453,143715.66,160232.0,0.8969223376104648,
352,Classic Finely Detailed And Crafted 22KT Gold Bangles With Screw For Women,https://www.bhimagold.com/products/classic-finely-detailed-and-crafted-22kt-gold-bangles-with-screw-for-women-ngo-bgbb-p-p-82079,264775.95,295205.0,0.8969223082264867,
353,Classic Finely Detailed And Crafted 22KT Gold Bangles For Women,https://www.bhimagold.com/products/classic-finely-detailed-and-crafted-22kt-gold-bangles-ngo-bgbb-p-p-60501,158865.57,177123.0,0.8969223082264867,
354,Classic Finely Detailed And Crafted 22KT Gold Drops For Women,https://www.bhimagold.com/products/classic-finely-detailed-and-crafted-22kt-gold-drops-for-women-ngo-stdr-p-p-79616,226970.67,253055.0,0.8969222896208334,
355,Classic Finely Detailed And Crafted 22KT Gold Bangles,https://www.bhimagold.com/products/classic-finely-detailed-and-crafted-22kt-gold-bangles-ngo-bgle-ka-p-l-p-256398,174015.48,194014.0,0.8969222839588896,
356,Classic Finely Detailed And Crafted 22KT Gold Bangles For Women,https://www.bhimagold.com/products/classic-finely-detailed-and-crafted-22kt-gold-bangles-ngo-bgle-p-p-64802,177907.2,198353.0,0.8969221539376768,
357,Classic Finely Detailed And Crafted 22KT Gold Bangles With Screw For Women,https://www.bhimagold.com/products/classic-finely-detailed-and-crafted-22kt-gold-bangles-with-screw-for-women-ngo-bgbb-p-p-78873,344556.21,384154.0,0.896922093743655,
358,Classic Finely Detailed And Crafted 22KT Gold Bangles For Women,https://www.bhimagold.com/products/classic-finely-detailed-and-crafted-22kt-gold-bangles-ngo-bgle-p-p-57586,170401.74,189985.0,0.8969220727952206,
359,Classic Finely Detailed And Crafted 22KT Gold Bangles For Women,https://www.bhimagold.com/products/classic-finely-detailed-and-crafted-22kt-gold-bangles-for-women-ngo-bgle-p-p-81455,170401.74,189985.0,0.8969220727952206,
360,Classic Finely Detailed And Crafted 22KT Gold Bangles With Screw For Women,https://www.bhimagold.com/products/classic-finely-detailed-and-crafted-22kt-gold-bangles-with-screw-for-women-ngo-bgbb-p-p-78507,337050.75,375786.0,0.8969220513803069,
361,Classic Finely Detailed And Crafted 22KT Gold Bangles For Women,https://www.bhimagold.com/products/classic-finely-detailed-and-crafted-22kt-gold-bangles-for-women-ngo-bgle-p-p-71875,166649.01,185801.0,0.8969220294831568,
362,Classic Finely Detailed And Crafted 22KT Gold Bangles For Women,https://www.bhimagold.com/products/classic-finely-detailed-and-crafted-22kt-gold-bangles-for-women-ngo-bgle-p-p-80856,113693.82,126760.0,0.8969218996528874,
363,Classic Finely Detailed And Crafted 22KT Gold Bangles For Women,https://www.bhimagold.com/products/classic-finely-detailed-and-crafted-22kt-gold-bangles-ngo-bgle-p-p-59292,178185.18,198663.0,0.8969218223826279,
364,Classic Finely Detailed And Crafted 22KT Gold Bangles For Women,https://www.bhimagold.com/products/classic-finely-detailed-and-crafted-22kt-gold-bangles-for-women-ngo-bgle-p-p-70973,189582.36,211370.0,0.896921795902919,
365,Classic Finely Detailed And Crafted 22KT Gold Bangles With Screw For Women,https://www.bhimagold.com/products/classic-finely-detailed-and-crafted-22kt-gold-bangles-with-screw-for-women-ngo-bgbb-p-p-76903,223773.9,249491.0,0.8969217326476706,
366,Classic Finely Detailed 22KT Gold Bangles,https://www.bhimagold.com/products/classic-finely-detailed-22kt-gold-bangles-ngo-bgle-ka-p-l-p-25173792,170679.72,190295.0,0.8969217267926115,
367,Classic Finely Detailed And Crafted 22KT Gold Bangles For Women,https://www.bhimagold.com/products/classic-finely-detailed-and-crafted-22kt-gold-bangles-for-women-ngo-bgle-p-p-81463,182076.9,203002.0,0.8969217052048748,
368,Classic Finely Detailed And Crafted 22KT Gold Bangles With Screw For Women,https://www.bhimagold.com/products/classic-finely-detailed-and-crafted-22kt-gold-bangles-with-screw-for-women-ngo-bgbb-p-p-65102,383195.43,427234.0,0.8969216635380143,
369,Classic Finely Detailed And Crafted 22KT Gold Bangles,https://www.bhimagold.com/products/classic-finely-detailed-and-crafted-22kt-gold-bangles-ngo-bgle-ka-p-l-p-25134026,163174.26,181927.0,0.8969216224089883,
370,Traditionally Crafted And Detailed 22KT Gold Bangles For Women,https://www.bhimagold.com/products/traditionally-crafted-and-detailed-22kt-gold-bangles-for-women-ngo-bgbb-p-p-80957,250459.98,279244.0,0.8969216169371589,
371,Classic Black Beaded & Detailed 22KT Gold Mangalsutra For Women,https://www.bhimagold.com/products/classic-black-beaded-&-detailed-22kt-gold-mangalsutra-for-women-ngo-chms-p-p-78673,550400.4,613655.0,0.8969215601600248,
372,Classic Finely Detailed And Crafted 22KT Gold Bangles For Women,https://www.bhimagold.com/products/classic-finely-detailed-and-crafted-22kt-gold-bangles-for-women-ngo-bgle-p-p-71720,155668.8,173559.0,0.8969215079598292,
373,Classic Finely Detailed And Crafted 22KT Gold Bangles For Women,https://www.bhimagold.com/products/classic-finely-detailed-and-crafted-22kt-gold-bangles-for-women-ngo-bgle-p-p-72361,155668.8,173559.0,0.8969215079598292,
374,Classic Finely Detailed And Crafted 22KT Gold Bangles With Screw For Women,https://www.bhimagold.com/products/classic-finely-detailed-and-crafted-22kt-gold-bangles-with-screw-for-women-ngo-bgbb-p-p-82070,239201.79,266692.0,0.8969215049570292,
375,Classic Finely Detailed And Crafted 22KT Gold Bangles For Women,https://www.bhimagold.com/products/classic-finely-detailed-and-crafted-22kt-gold-bangles-for-women-ngo-bgle-p-p-73140,167065.98,186266.0,0.8969214993611287,
376,Classic Finely Detailed And Crafted 22KT Gold Bangles For Women,https://www.bhimagold.com/products/classic-finely-detailed-and-crafted-22kt-gold-bangles-for-women-ngo-bgle-p-p-73397,178463.16,198973.0,0.8969214918607047,
377,Classic Finely Detailed And Crafted 22KT Gold Bangles For Women,https://www.bhimagold.com/products/classic-finely-detailed-and-crafted-22kt-gold-bangles-for-women-ngo-bgle-p-p-75676,182354.88,203312.0,0.8969213819154797,
378,Classic Finely Detailed And Crafted 22KT Gold Bangles For Women,https://www.bhimagold.com/products/classic-finely-detailed-and-crafted-22kt-gold-bangles-for-women-ngo-bgle-p-p-71925,193891.05,216174.0,0.8969212301201809,
379,Classic Finely Detailed And Crafted 22KT Gold Bangles For Women,https://www.bhimagold.com/products/classic-finely-detailed-and-crafted-22kt-gold-bangles-for-women-ngo-bgle-p-p-70833,171096.69,190760.0,0.8969212098972531,
380,Classic Finely Detailed And Crafted 22KT Gold Bangles For Women,https://www.bhimagold.com/products/classic-finely-detailed-and-crafted-22kt-gold-bangles-for-women-ngo-bgle-p-p-73387,178741.14,199283.0,0.8969211623670861,
381,Classic Finely Detailed And Crafted 22KT Gold Bangles For Women,https://www.bhimagold.com/products/classic-finely-detailed-and-crafted-22kt-gold-bangles-for-women-ngo-bgle-p-p-72358,167343.96,186576.0,0.8969211474144584,
382,Classic Finely Detailed And Crafted 22KT Gold Bangles For Women,https://www.bhimagold.com/products/classic-finely-detailed-and-crafted-22kt-gold-bangles-ngo-bgle-p-p-65041,174988.41,195099.0,0.896921101594575,
383,Classic Finely Detailed And Crafted 22KT Gold Bangles For Women,https://www.bhimagold.com/products/classic-finely-detailed-and-crafted-22kt-gold-bangles-for-women-ngo-bgle-p-p-74564,159838.5,178208.0,0.8969210136469743,
384,Specially Crafted And Detailed 22KT Gold Bangles For Women,https://www.bhimagold.com/products/specially-crafted-and-detailed-22kt-gold-bangle-ngo-bgle-p-p-57464,163730.22,182547.0,0.8969209025620799,
385,Classic Finely Detailed And Crafted 22KT Gold Bangles For Women,https://www.bhimagold.com/products/classic-finely-detailed-and-crafted-22kt-gold-bangles-for-women-ngo-bgle-p-p-70674,190416.3,212300.0,0.8969208666980687,
386,Classic Finely Detailed And Crafted 22KT Gold Bangles For Women,https://www.bhimagold.com/products/classic-finely-detailed-and-crafted-22kt-gold-bangles-for-women-ngo-bgle-p-p-71049,159977.49,178363.0,0.8969208299927675,
387,Detailed And Crafted 22KT Gold Bangles,https://www.bhimagold.com/products/detailed-and-crafted-22kt-gold-bangles-ngo-bgle-ka-p-l-p-24561781,186663.57,208116.0,0.8969208037825059,
388,Classic Finely Detailed And Crafted 22KT Gold Bangles For Women,https://www.bhimagold.com/products/classic-finely-detailed-and-crafted-22kt-gold-bangles-for-women-ngo-bgle-p-p-75546,167621.94,186886.0,0.896920796635382,
389,Simplistic 22KT Gold Bangles For Women,https://www.bhimagold.com/products/simplistic-22kt-gold-bangles-for-women-ngo-bgle-p-p-81255,156224.76,174179.0,0.8969207539370418,
390,Traditionally Crafted And Detailed 22KT Gold Bangles For Women,https://www.bhimagold.com/products/traditionally-crafted-and-detailed-22kt-gold-bangles-for-women-ngo-bgbb-p-p-81290,243927.45,271961.0,0.8969206981883432,
391,Classic Finely Detailed And Crafted 22KT Gold Bangles For Women,https://www.bhimagold.com/products/classic-finely-detailed-and-crafted-22kt-gold-bangles-for-women-ngo-bgle-p-p-81242,152472.03,169995.0,0.8969206741374747,
392,Classic Finely Detailed And Crafted 22KT Gold Bangles For Women,https://www.bhimagold.com/products/classic-finely-detailed-and-crafted-22kt-gold-bangles-for-women-ngo-bgle-p-p-81444,179158.11,199748.0,0.8969206700442557,
393,Classic Finely Detailed And Crafted 22KT Gold Bangles,https://www.bhimagold.com/products/classic-finely-detailed-and-crafted-22kt-gold-bangles-ngo-bgle-ka-p-l-na-2670529,186802.56,208271.0,0.89692064665748,
394,Classic Finely Detailed And Crafted 22KT Gold Bangles For Women,https://www.bhimagold.com/products/classic-finely-detailed-and-crafted-22kt-gold-bangles-for-women-ngo-bgbb-p-p-69651,160116.48,178518.0,0.89692064665748,
395,Classic Finely Detailed And Crafted 22KT Gold Bangles For Women,https://www.bhimagold.com/products/classic-finely-detailed-and-crafted-22kt-gold-bangles-for-women-ngo-bgle-p-p-72737,164008.2,182857.0,0.8969205444691755,
396,Classic Finely Detailed And Crafted 22KT Gold Bangles,https://www.bhimagold.com/products/classic-finely-detailed-and-crafted-22kt-gold-bangles-ngo-bgle-p-p-59404,171652.65,191380.0,0.8969205246107221,
397,Classic Finely Detailed And Crafted 22KT Gold Bangles For Women,https://www.bhimagold.com/products/classic-finely-detailed-and-crafted-22kt-gold-bangles-for-women-ngo-bgle-p-p-73401,179297.1,199903.0,0.8969205064456262,
398,Classic Finely Detailed And Crafted 22KT Gold Bangles For Women,https://www.bhimagold.com/products/classic-finely-detailed-and-crafted-22kt-gold-bangles-for-women-ngo-bgle-p-p-80900,160255.47,178673.0,0.8969204636402814,
399,Classic Finely Detailed And Crafted 22KT Gold Bangles For Women,https://www.bhimagold.com/products/classic-finely-detailed-and-crafted-22kt-gold-bangles-for-women-ngo-bgle-p-p-57420,167899.92,187196.0,0.8969204470180987,
400,Classic Finely Detailed And Crafted 22KT Gold Bangles,https://www.bhimagold.com/products/classic-finely-detailed-and-crafted-22kt-gold-bangles-ngo-bgle-ka-p-l-p-25173678,167899.92,187196.0,0.8969204470180987,
401,Classic Finely Detailed And Crafted 22KT Gold Bangles For Women,https://www.bhimagold.com/products/classic-finely-detailed-and-crafted-22kt-gold-bangles-ngo-bgle-p-p-64953,183188.82,204242.0,0.8969204179355863,
402,Classic Finely Detailed And Crafted 22KT Gold Bangles For Women,https://www.bhimagold.com/products/classic-finely-detailed-and-crafted-22kt-gold-bangles-for-women-ngo-bgle-p-p-65528,164147.19,183012.0,0.8969203658776473,
403,Classic Finely Detailed And Crafted 22KT Gold Bangles For Women,https://www.bhimagold.com/products/classic-finely-detailed-and-crafted-22kt-gold-bangles-for-women-ngo-bgle-p-p-76179,168038.91,187351.0,0.8969202726433273,
404,Classic Finely Detailed And Crafted 22KT Gold Bangles With Screw For Women,https://www.bhimagold.com/products/classic-finely-detailed-and-crafted-22kt-gold-bangles-with-screw-for-women-ngo-bgbb-p-p-82075,305778.0,340920.0,0.8969200985568462,
405,Classic Finely Detailed And Crafted 22KT Gold Bangles,https://www.bhimagold.com/products/classic-finely-detailed-and-crafted-22kt-gold-bangles-ngo-bgle-ka-p-l-p-2649345,175822.35,196029.0,0.8969200985568462,
406,Classic Finely Detailed And Crafted 22KT Gold Bangles For Women,https://www.bhimagold.com/products/classic-finely-detailed-and-crafted-22kt-gold-bangles-for-women-ngo-bgle-p-p-69673,168177.9,187506.0,0.8969200985568462,
407,Classic Finely Detailed And Crafted 22KT Gold Bangles For Women,https://www.bhimagold.com/products/classic-finely-detailed-and-crafted-22kt-gold-bangles-ngo-bgle-p-p-57186,191250.24,213230.0,0.8969199455986493,
408,Classic Finely Detailed 22KT Gold Bangles,https://www.bhimagold.com/products/classic-finely-detailed-22kt-gold-bangles-ngo-bgle-ka-p-l-p-2664821,168316.89,187661.0,0.8969199247579412,
409,Classic Finely Detailed And Crafted 22KT Gold Bangles For Women,https://www.bhimagold.com/products/classic-finely-detailed-and-crafted-22kt-gold-bangles-for-women-ngo-bgle-p-p-73590,153027.99,170615.0,0.8969199073938399,
410,Classic Finely Detailed 22KT Gold Bangles For Women,https://www.bhimagold.com/products/classic-finely-detailed-and-crafted-22kt-gold-bangles-ngo-bgle-p-p-59790,137739.09,153569.0,0.8969198861749441,
411,Classic Finely Detailed And Crafted 22KT Gold Bangles For Women,https://www.bhimagold.com/products/classic-finely-detailed-and-crafted-22kt-gold-bangles-ngo-bgle-p-p-63200,164564.16,183477.0,0.8969198319135369,
412,Classic Finely Detailed And Crafted 22KT Gold Bangles For Women,https://www.bhimagold.com/products/classic-finely-detailed-and-crafted-22kt-gold-bangles-for-women-ngo-bgle-p-p-73579,141630.81,157908.0,0.896919788737746,
413,Classic Finely Detailed And Crafted 22KT Gold Bangles For Women,https://www.bhimagold.com/products/classic-finely-detailed-and-crafted-22kt-gold-bangles-for-women-ngo-bgle-p-p-73228,183744.78,204862.0,0.8969197801446828,
414,Classic Finely Detailed 22KT Gold Bangles For Women,https://www.bhimagold.com/products/classic-finely-detailed-22kt-gold-bangles-for-women-ngo-bgle-p-p-68164,176100.33,196339.0,0.8969197663225339,
415,Classic Finely Detailed 22KT Gold Bangles For Women,https://www.bhimagold.com/products/classic-finely-detailed-22kt-gold-bangles-for-women-ngo-bgle-p-p-59402,160811.43,179293.0,0.8969197347358793,
416,Classic Finely Detailed And Crafted 22KT Gold Bangles For Women,https://www.bhimagold.com/products/classic-finely-detailed-and-crafted-22kt-gold-bangles-for-women-ngo-bgle-p-p-80929,145522.53,162247.0,0.8969196965121081,
417,Classic Finely Detailed And Crafted 22KT Gold Bangles,https://www.bhimagold.com/products/classic-finely-detailed-and-crafted-22kt-gold-bangles-ngo-bgle-p-p-72632,183883.77,205017.0,0.896919621299697,
418,Classic Finely Detailed And Crafted 22KT Gold Bangles For Women,https://www.bhimagold.com/products/classic-finely-detailed-and-crafted-22kt-gold-bangles-ngo-bgle-p-p-64832,187775.49,209356.0,0.8969195532967768,
419,Traditionally Crafted 22KT Gold Bangles For Women,https://www.bhimagold.com/products/traditionally-crafted-22kt-gold-bangles-for-women-ngo-bgle-p-p-67727,172486.59,192310.0,0.8969195049659404,
420,Finely Detailed 22KT Gold Bangles For Women,https://www.bhimagold.com/products/finely-detailed-22kt-gold-bangles-for-women-ngo-bgle-p-p-67553,168733.86,188126.0,0.8969194050795742,
421,Classic Finely Detailed And Crafted 22KT Gold Bangles,https://www.bhimagold.com/products/classic-finely-detailed-and-crafted-22kt-gold-bangles-ngo-bgle-ka-p-l-p-25154547,161089.41,179603.0,0.8969193721708435,
422,Classic Finely Detailed 22KT Gold Bangles For Women,https://www.bhimagold.com/products/classic-finely-detailed-22kt-gold-bangles-ngo-bgbb-p-p-57117,172764.57,192620.0,0.8969191672723498,
423,Classic Finely Detailed And Crafted 22KT Gold Bangles For Women,https://www.bhimagold.com/products/classic-finely-detailed-and-crafted-22kt-gold-bangles-for-women-ngo-bgle-p-p-81440,138295.05,154189.0,0.8969190409173157,
424,Classic Finely Detailed And Crafted 22KT Gold Bangles For Women,https://www.bhimagold.com/products/classic-finely-detailed-and-crafted-22kt-gold-bangles-for-women-ngo-bgle-p-p-72374,142186.77,158528.0,0.8969189669963665,
425,Classic Finely Detailed And Crafted 22KT Gold Bangles For Women,https://www.bhimagold.com/products/classic-finely-detailed-and-crafted-22kt-gold-bangles-for-women-ngo-bgle-p-p-81426,165259.11,184252.0,0.8969189479625729,
426,Antique Finished And Studded 22KT Gold Bangles For Women,https://www.bhimagold.com/products/antique-finished-and-studded-22kt-gold-bangles-for-women-ngo-bgbb-g-s-74847,329962.26,367910.0,0.8968559158489848,
427,Studded & Detailed 22KT Gold Matty For Women,https://www.bhimagold.com/products/studded-&-detailed-22kt-gold-matty-for-women-ngo-chmt-p-s-79911,146634.45,163520.0,0.8967370963796478,
428,Antique Finished And Studded 22KT Gold Bangles,https://www.bhimagold.com/products/antique-finished-and-studded-22kt-gold-bangles-ngo-bgbb-g-s-59410,190138.32,212064.0,0.8966081937528294,
429,Classic Finely Detailed And Crafted 22KT Gold Bangles For Women,https://www.bhimagold.com/products/classic-finely-detailed-and-crafted-22kt-gold-bangles-for-women-ngo-bgbb-p-p-78508,163313.25,182187.0,0.8964045184343559,
430,Classic Finely Detailed And Crafted 22KT Gold Bangles,https://www.bhimagold.com/products/classic-finely-detailed-and-crafted-22kt-gold-bangles-ngo-bgbb-csp-p-l-p-25231333,171096.69,190870.0,0.8964043065961126,
431,Classic Finely Detailed And Crafted 22KT Gold Bangles For Women,https://www.bhimagold.com/products/classic-finely-detailed-and-crafted-22kt-gold-bangles-for-women-ngo-bgbb-e-p-71051,170679.72,190405.0,0.8964035608308606,
432,Classic Enamel Worked And Detailed 22KT Gold Bangles For Women,https://www.bhimagold.com/products/classic-enamel-worked-and-detailed-22kt-gold-bangles-for-women-ngo-bgbb-e-p-62168,170540.73,190250.0,0.896403311432326,
433,Traditionally Crafted And Detailed 22KT Gold Haaram For Women,https://www.bhimagold.com/products/traditionally-crafted-and-detailed-22kt-gold-haaram-for-women-ngo-chfc-p-p-80040,537335.34,599435.0,0.8964030128370882,
434,Classic Finely Detailed And Crafted 22KT Gold Bangles For Women,https://www.bhimagold.com/products/classic-finely-detailed-and-crafted-22kt-gold-bangles-for-women-ngo-bgbb-p-p-69627,170123.76,189785.0,0.8964025607924757,
435,Classic Finely Detailed 22KT Gold Bangles,https://www.bhimagold.com/products/classic-finely-detailed-22kt-gold-bangles-ngo-bgbb-p-p-59328,198894.69,221881.0,0.8964025310864833,
436,Enamel Worked & Detailed 22KT Gold Bangles For Women,https://www.bhimagold.com/products/enamel-worked-&-detailed-22kt-gold-bangles-for-women-ngo-bgbb-e-p-67515,183188.82,204360.0,0.8964025249559601,
437,Finely Detailed 22KT Gold Bangle For Women,https://www.bhimagold.com/products/finely-detailed-22kt-gold-bangle-ngo-bgbb-p-p-57212,190972.26,213043.0,0.8964024164135879,
438,Traditionally Crafted And Detailed 22KT Gold Bangles For Women,https://www.bhimagold.com/products/traditionally-crafted-and-detailed-22kt-gold-bangles-for-women-ngo-bgbb-p-p-80889,256019.58,285608.0,0.8964019915408532,
439,Classic Finely Detailed And Crafted 22KT Gold Bangles For Women,https://www.bhimagold.com/products/classic-finely-detailed-and-crafted-22kt-gold-bangles-for-women-ngo-bgbb-p-p-65413,276868.08,308866.0,0.8964019348196306,
440,Finely Detailed And Crafted 22KT Gold Necklace For Women,https://www.bhimagold.com/products/finely-detailed-and-crafted-22kt-gold-necklace-for-women-ngo-chnc-p-p-80843,389033.01,433994.0,0.8964018166149763,
441,Enamel Worked And Detailed 22KT Gold Bangles For Women,https://www.bhimagold.com/products/enamel-worked-and-detailed-22kt-gold-bangles-for-women-ngo-bgbb-p-p-80898,234754.11,261885.0,0.8964015121140958,
442,Enamel Worked And Detailed 22KT Gold Bangles For Women,https://www.bhimagold.com/products/enamel-worked-and-detailed-22kt-gold-bangles-for-women-ngo-bgbb-e-p-69667,171791.64,191646.0,0.8964008640931719,
443,Classic Finely Detailed And Crafted 22KT Gold Bangles For Women,https://www.bhimagold.com/products/classic-finely-detailed-and-crafted-22kt-gold-bangles-for-women-ngo-bgbb-p-p-69686,171652.65,191491.0,0.8964006141280791,
444,Finely Detailed And Crafted 22KT Gold Necklace For Women,https://www.bhimagold.com/products/finely-detailed-and-crafted-22kt-gold-necklace-for-women-ngo-chfc-g-s-81184,693838.08,774160.0,0.8962463573421514,
445,Traditionally Crafted And Detailed 22KT Gold Haaram,https://www.bhimagold.com/products/traditionally-crafted-and-detailed-22kt-gold-haaram-ngo-chfc-csp-s-l-p-2555198,739287.81,824908.0,0.8962063769535512,
446,Antique Finished And Studded 22KT Gold Necklace For Women,https://www.bhimagold.com/products/antique-finished-and-studded-22kt-gold-necklace-for-women-ngo-chnc-g-s-81321,344417.22,384350.0,0.8961030831273578,
447,Classic Finely Detailed 22KT Gold Bangles For Women,https://www.bhimagold.com/products/classic-finely-detailed-22kt-gold-bangles-for-women-ngo-bgle-p-p-67541,166788.0,186135.0,0.89605931178983,
448,Classic Finely Detailed And Crafted 22KT Gold Necklace For Women,https://www.bhimagold.com/products/classic-finely-detailed-and-crafted-22kt-gold-necklace-for-women-ngo-chnc-p-p-80042,158031.63,176363.0,0.8960588672227168,
449,Classic Finely Detailed And Crafted 22KT Gold Necklace For Women,https://www.bhimagold.com/products/classic-finely-detailed-and-crafted-22kt-gold-necklace-for-women-ngo-chnc-p-p-81516,143159.7,159766.0,0.8960586107181754,
450,Classic Finely Detailed And Crafted 22KT Gold Necklace For Women,https://www.bhimagold.com/products/classic-finely-detailed-and-crafted-22kt-gold-necklace-for-women-ngo-chnc-p-p-80038,127036.86,141773.0,0.8960582057232336,
451,Traditionally Crafted And Detailed 22KT Gold Haaram For Women,https://www.bhimagold.com/products/traditionally-crafted-and-detailed-22kt-gold-haaram-for-women-ngo-chfc-p-p-80027,498140.16,555924.0,0.8960580223195976,
452,Enamel Worked And Detailed 22KT Gold Haaram For Women,https://www.bhimagold.com/products/enamel-worked-and-detailed-22kt-gold-haaram-for-women-ngo-chfc-e-p-82006,489383.79,546152.0,0.8960578556885263,
453,Traditionally Crafted And Detailed 22KT Gold Haaram For Women,https://www.bhimagold.com/products/traditionally-crafted-and-detailed-22kt-gold-haaram-for-women-ngo-chfc-p-p-77257,949857.66,1060041.0,0.8960574732486762,
454,Classic Black Beaded & Detailed 22KT Gold Mangalsutra For Women,https://www.bhimagold.com/products/classic-black-beaded-&-detailed-22kt-gold-mangalsutra-for-women-ngo-chms-p-p-79628,1198371.78,1337383.0,0.8960572850111,
455,Black Beaded And Detailed 22KT Gold Mangalsutra For Women,https://www.bhimagold.com/products/black-beaded-and-detailed-22kt-gold-mangalsutra-for-women-ngo-chms-p-p-80864,701899.5,783320.0,0.896057166930501,
456,Traditionally Crafted And Detailed 22KT Gold Haaram For Women,https://www.bhimagold.com/products/traditionally-crafted-and-detailed-22kt-gold-haaram-for-women-ngo-chfc-p-p-77405,699397.68,780528.0,0.8960571305577764,
457,Classic Finely Detailed And Crafted 22KT Gold Bangles For Women,https://www.bhimagold.com/products/classic-finely-detailed-and-crafted-22kt-gold-bangles-for-women-ngo-bgle-p-p-74605,164981.13,184119.0,0.8960570609225555,
458,Traditionally Crafted And Detailed 22KT Gold Haaram For Women,https://www.bhimagold.com/products/traditionally-crafted-and-detailed-22kt-gold-haaram-for-women-ngo-chfc-e-p-76626,579866.28,647131.0,0.8960570270934325,
459,Classic Finely Detailed And Crafted 22KT Gold Necklace For Women,https://www.bhimagold.com/products/classic-finely-detailed-and-crafted-22kt-gold-necklace-for-women-ngo-chnc-p-p-80032,224051.88,250042.0,0.8960569824269523,
460,Classic Finely Detailed And Crafted 22KT Gold Necklace For Women,https://www.bhimagold.com/products/classic-finely-detailed-and-crafted-22kt-gold-necklace-for-women-ngo-chnc-p-p-81543,145244.55,162093.0,0.8960568932649774,
461,Classic Finely Detailed And Crafted 22KT Gold Bangles For Women,https://www.bhimagold.com/products/classic-finely-detailed-and-crafted-22kt-gold-bangles-ngo-bgle-p-p-64807,142742.73,159301.0,0.8960567102529176,
462,Classic Finely Detailed And Crafted 22KT Gold Necklace For Women,https://www.bhimagold.com/products/classic-finely-detailed-and-crafted-22kt-gold-necklace-for-women-ngo-chnc-p-p-81347,136488.18,152321.0,0.8960562233703823,
463,Classic Finely Detailed And Crafted 22KT Gold Necklace For Women,https://www.bhimagold.com/products/classic-finely-detailed-and-crafted-22kt-gold-necklace-for-women-ngo-chnc-p-p-79961,183188.82,204439.0,0.8960561341035713,
464,Classic Finely Detailed And Crafted 22KT Gold Necklace For Women,https://www.bhimagold.com/products/classic-finely-detailed-and-crafted-22kt-gold-necklace-for-women-ngo-chnc-p-p-80059,170818.71,190634.0,0.896055845232225,
465,Classic Finely Detailed And Crafted 22KT Gold Necklace For Women,https://www.bhimagold.com/products/classic-finely-detailed-and-crafted-22kt-gold-necklace-for-women-ngo-chnc-p-p-81357,133847.37,149374.0,0.8960553376089547,
466,Classic Finely Detailed And Crafted 22KT Gold Bangles For Women,https://www.bhimagold.com/products/classic-finely-detailed-and-crafted-22kt-gold-bangles-for-women-ngo-bgle-p-p-74598,141074.85,157440.0,0.8960546875000001,
467,Enamel Worked And Detailed 22KT Gold Necklace,https://www.bhimagold.com/products/enamel-worked-and-detailed-22kt-gold-necklace-ngo-chnc-ce-s-l-e-2542831,484797.12,541083.0,0.8959755157711479,
468,Finely Detailed And Crafted 22KT Gold Necklace For Women,https://www.bhimagold.com/products/finely-detailed-and-crafted-22kt-gold-necklace-for-women-ngo-chnc-g-s-81130,392507.76,438379.0,0.895361684752235,
469,Specially Crafted And Detailed 22KT Gold Necklace For Women,https://www.bhimagold.com/products/specially-crafted-and-detailed-22kt-gold-necklace-for-women-ngo-chfc-g-s-80814,586954.77,655654.0,0.8952202991211828,
470,Antique Finished And Studded 22KT Gold Bangles For Women,https://www.bhimagold.com/products/antique-finished-and-studded-22kt-gold-bangles-for-women-ngo-bgbb-g-s-74550,224190.87,250621.0,0.8945414390653617,
471,Antique Finished And Studded 22KT Gold Haaram,https://www.bhimagold.com/products/antique-finished-and-studded-22kt-gold-haaram-ngo-chfc-csp-s-l-p-25118348,864934.77,966955.0,0.8944933011360405,
472,Classic Finely Detailed And Crafted 22KT Gold Bracelet For Men,https://www.bhimagold.com/products/classic-finely-detailed-and-crafted-22kt-gold-bracelet-for-men-ngo-bgbr-p-s-81953,155668.8,174079.0,0.8942422693145066,
473,Classic Finely Detailed And Crafted 22KT Gold Necklace For Women,https://www.bhimagold.com/products/classic-finely-detailed-and-crafted-22kt-gold-necklace-for-women-ngo-chnc-p-s-82054,200145.6,223955.0,0.8936866781273024,
474,Classic Black Beaded & Detailed 22KT Gold Mangalsutra For Women,https://www.bhimagold.com/products/classic-black-beaded-&-detailed-22kt-gold-mangalsutra-for-women-ngo-chms-p-p-78452,114805.74,128493.0,0.8934785552520371,
475,Classic Black Beaded & Detailed 22KT Gold Mangalsutra For Women,https://www.bhimagold.com/products/classic-black-beaded-&-detailed-22kt-gold-mangalsutra-for-women-ngo-chms-p-p-76669,160394.46,179517.0,0.8934778321830245,
476,Black Beaded And Specially Crafted 22KT Gold Mangalsutra For Women,https://www.bhimagold.com/products/black-beaded-and-specially-crafted-22kt-gold-mangalsutra-for-women-ngo-chms-p-p-81031,118002.51,132071.0,0.8934778263206911,
477,Classic Finely Detailed And Crafted 22KT Gold Bracelet For Men,https://www.bhimagold.com/products/classic-finely-detailed-and-crafted-22kt-gold-bracelet-for-men-ngo-bgbr-p-p-79209,159143.55,178117.0,0.8934776018010633,
478,Classic Black Beaded & Detailed 22KT Gold Mangalsutra For Women,https://www.bhimagold.com/products/classic-black-beaded-&-detailed-22kt-gold-mangalsutra-for-women-ngo-chms-p-p-75567,155668.8,174228.0,0.8934775122253598,
479,Classic Black Beaded & Detailed 22KT Gold Mangalsutra For Women,https://www.bhimagold.com/products/classic-black-beaded-&-detailed-22kt-gold-mangalsutra-for-women-ngo-chms-p-p-75661,170540.73,190873.0,0.8934774955074841,
480,Black Beaded & Detailed 22KT Gold Mangalsutra,https://www.bhimagold.com/products/black-beaded-&-detailed-22kt-gold-mangalsutra-ngo-chms-p-p-64303,167065.98,186984.0,0.8934774098318573,
481,Classic Black Beaded & Detailed 22KT Gold Mangalsutra For Women,https://www.bhimagold.com/products/classic-black-beaded-&-detailed-22kt-gold-mangalsutra-for-women-ngo-chms-p-p-73618,163591.23,183095.0,0.8934773205166717,
482,Classic Black Beaded & Detailed 22KT Gold Mangalsutra For Women,https://www.bhimagold.com/products/classic-black-beaded-&-detailed-22kt-gold-mangalsutra-for-women-ngo-chms-p-p-76600,133847.37,149805.0,0.8934773205166716,
483,Black Beaded And Specially Crafted 22KT Gold Mangalsutra For Women,https://www.bhimagold.com/products/black-beaded-and-specially-crafted-22kt-gold-mangalsutra-for-women-ngo-chms-p-p-81060,109802.1,122893.0,0.8934772525693083,
484,Black Beaded & Detailed 22KT Gold Mangalsutra,https://www.bhimagold.com/products/black-beaded-&-detailed-22kt-gold-mangalsutra-ngo-chms-p-p-59883,168038.91,188073.0,0.8934770541226014,
485,Black Beaded & Detailed 22KT Gold Mangalsutra For Women,https://www.bhimagold.com/products/black-beaded-&-detailed-22kt-gold-mangalsutra-for-women-ngo-chms-p-69556,168038.91,188073.0,0.8934770541226014,
486,Classic Black Beaded & Detailed 22KT Gold Mangalsutra For Women,https://www.bhimagold.com/products/classic-black-beaded-&-detailed-22kt-gold-mangalsutra-for-women-ngo-chms-p-p-77604,112025.94,125382.0,0.8934770541226014,
487,Classic Black Beaded & Detailed 22KT Gold Mangalsutra For Women,https://www.bhimagold.com/products/classic-black-beaded-&-detailed-22kt-gold-mangalsutra-for-women-ngo-chms-p-p-82055,173737.5,194451.0,0.8934770199176142,
488,Black Beaded And Detailed 22KT Gold Mangalsutra For Women,https://www.bhimagold.com/products/black-beaded-and-detailed-22kt-gold-mangalsutra-for-women-ngo-chms-p-p-78157,149692.23,167539.0,0.8934769217913442,
489,Classic Black Beaded And Detailed 22KT Gold Mangalsutra,https://www.bhimagold.com/products/classic-black-beaded-and-detailed-22kt-gold-mangalsutra-ngo-chms-bb-p-l-p-25875304,175961.34,196940.0,0.8934768965167056,
490,Classic Finely Detailed And Crafted 22KT Gold Bangles For Women,https://www.bhimagold.com/products/classic-finely-detailed-and-crafted-22kt-gold-bangles-for-women-ngo-bgbb-p-p-71623,155390.82,173917.0,0.8934768884007889,
491,Black Beaded & Detailed 22KT Gold Mangalsutra Necklace For Women,https://www.bhimagold.com/products/black-beaded-&-detailed-22kt-gold-mangalsutra-necklace-for-women-ngo-chms-p-p-67551,181659.93,203318.0,0.8934768687474793,
492,Classic Black Beaded & Detailed 22KT Gold Mangalsutra For Women,https://www.bhimagold.com/products/classic-black-beaded-&-detailed-22kt-gold-mangalsutra-for-women-ngo-chms-p-p-76614,114249.78,127871.0,0.8934768634013968,
493,Black Beaded & Detailed 22KT Gold Mangalsutra,https://www.bhimagold.com/products/black-beaded-&-detailed-22kt-gold-mangalsutra-ngo-chms-p-p-63815,220299.15,246564.0,0.8934765415875797,
494,Finely Detailed 22KT Gold Mangalsutra Necklace For Women,https://www.bhimagold.com/products/finely-detailed-22kt-gold-mangalsutra-necklace-for-women-ngo-chms-p-p-68595,375411.99,420170.0,0.8934764262084394,
495,Black Beaded And Detailed 22KT Gold Mangalsutra,https://www.bhimagold.com/products/black-beaded-and-detailed-22kt-gold-mangalsutra-ngo-chms-bb-p-l-p-24767393,273810.3,306455.0,0.893476366840156,
496,Classic Black Beaded & Detailed 22KT Gold Mangalsutra For Women,https://www.bhimagold.com/products/classic-black-beaded-&-detailed-22kt-gold-mangalsutra-for-women-ngo-chms-p-p-75604,389033.01,435415.0,0.8934763616320063,
497,Black Beaded & Detailed 22KT Gold Necklace,https://www.bhimagold.com/products/black-beaded-&-detailed-22kt-gold-necklace-ngo-chms-p-p-59891,394731.6,441793.0,0.8934763565742326,
498,Classic Black Beaded & Detailed 22KT Gold Mangalsutra For Women,https://www.bhimagold.com/products/classic-black-beaded-&-detailed-22kt-gold-mangalsutra-for-women-ngo-chms-p-p-72046,327321.45,366346.0,0.8934762492288711,
499,Matte Finished & Detailed 22KT Gold Bangles For Women,https://www.bhimagold.com/products/matte-finished-&-detailed-22kt-gold-bangles-for-women-ngo-bgbb-p-p-67231,166510.02,186362.0,0.8934762451572745,
500,Classic Black Beaded & Detailed 22KT Gold Mangalsutra For Women,https://www.bhimagold.com/products/classic-black-beaded-&-detailed-22kt-gold-mangalsutra-for-women-ngo-chms-p-p-72451,145939.5,163339.0,0.8934761447051837,
501,Classic Black Beaded & Detailed 22KT Gold Mangalsutra For Women,https://www.bhimagold.com/products/classic-black-beaded-&-detailed-22kt-gold-mangalsutra-for-women-ngo-chms-p-p-72750,511900.17,572931.0,0.8934761253972991,
502,Classic Enamel Worked And Detailed 22KT Gold Bangles,https://www.bhimagold.com/products/classic-enamel-worked-and-detailed-22kt-gold-bangles-ngo-bgbb-gue-p-l-e-25409141,185829.63,207985.0,0.8934761160660625,
503,Classic Black Beaded & Detailed 22KT Gold Mangalsutra For Women,https://www.bhimagold.com/products/classic-black-beaded-&-detailed-22kt-gold-mangalsutra-for-women-ngo-chms-p-p-72574,417247.98,466994.0,0.8934761046180465,
504,Classic Black Beaded & Detailed 22KT Gold Mangalsutra For Women,https://www.bhimagold.com/products/classic-black-beaded-&-detailed-22kt-gold-mangalsutra-for-women-ngo-chms-p-p-77288,277007.07,310033.0,0.8934760815784126,
505,Classic Black Beaded & Detailed 22KT Gold Mangalsutra For Women,https://www.bhimagold.com/products/classic-black-beaded-&-detailed-22kt-gold-mangalsutra-for-women-ngo-chms-p-p-77494,311198.61,348301.0,0.8934760738556593,
506,Classic Black Beaded & Detailed 22KT Gold Mangalsutra For Women,https://www.bhimagold.com/products/classic-black-beaded-&-detailed-22kt-gold-mangalsutra-for-women-ngo-chms-p-p-74926,351088.74,392947.0,0.8934760667469149,
507,Black Beaded & Detailed 22KT Gold Mangalsutra,https://www.bhimagold.com/products/black-beaded-&-detailed-22kt-gold-mangalsutra-ngo-chms-p-p-65147,556237.98,622555.0,0.8934760462930986,
508,Classic Black Beaded & Detailed 22KT Gold Mangalsutra For Women,https://www.bhimagold.com/products/classic-black-beaded-&-detailed-22kt-gold-mangalsutra-for-women-ngo-chms-p-p-73433,657561.69,735959.0,0.8934759816783271,
509,Classic Black Beaded & Detailed 22KT Gold Mangalsutra For Women,https://www.bhimagold.com/products/classic-black-beaded-&-detailed-22kt-gold-mangalsutra-for-women-ngo-chms-p-p-76496,566384.25,633911.0,0.8934759769115854,
510,Black Beaded And Detailed 22KT Gold Mangalsutra,https://www.bhimagold.com/products/black-beaded-and-detailed-22kt-gold-mangalsutra-ngo-chms-bb-p-l-na-26134587,612945.9,686024.0,0.8934758842256247,
511,Black Beaded & Detailed 22KT Gold Mangalsutra,https://www.bhimagold.com/products/black-beaded-&-detailed-22kt-gold-mangalsutra-ngo-chms-p-p-59888,445462.95,498573.0,0.8934758801619823,
512,Classic Black Beaded & Detailed 22KT Gold Mangalsutra For Women,https://www.bhimagold.com/products/classic-black-beaded-&-detailed-22kt-gold-mangalsutra-for-women-ngo-chms-p-76666,445462.95,498573.0,0.8934758801619823,
513,Classic Black Beaded & Detailed 22KT Gold Mangalsutra For Women,https://www.bhimagold.com/products/classic-black-beaded-&-detailed-22kt-gold-mangalsutra-for-women-ngo-chms-p-p-73285,394175.64,441171.0,0.8934758631007025,
514,Black Beaded And Detailed 22KT Gold Mangalsutra,https://www.bhimagold.com/products/black-beaded-and-detailed-22kt-gold-mangalsutra-ngo-chms-p-p-59810,348586.92,390147.0,0.8934758437204438,
515,Specially Crafted And Detailed 22KT Gold Chain For Men,https://www.bhimagold.com/products/specially-crafted-and-detailed-22kt-gold-chain-for-men-ngo-chpl-p-p-80951,659507.55,738137.0,0.8934758046270543,
516,Classic Black Beaded & Detailed 22KT Gold Mangalsutra For Women,https://www.bhimagold.com/products/classic-black-beaded-&-detailed-22kt-gold-mangalsutra-for-women-ngo-chms-p-p-75725,175405.38,196318.0,0.893475789280657,
517,Black Beaded And Detailed 22KT Gold Mangalsutra,https://www.bhimagold.com/products/black-beaded-and-detailed-22kt-gold-mangalsutra-ngo-chms-bbb-p-l-p-25422345,350810.76,392636.0,0.893475789280657,
518,Black Beaded And Detailed 22KT Gold Mangalsutra,https://www.bhimagold.com/products/black-beaded-and-detailed-22kt-gold-mangalsutra-ngo-chms-bbb-p-l-na-26133501,164008.2,183562.0,0.8934757738529762,
519,Classic Black Beaded & Detailed 22KT Gold Mangalsutra For Women,https://www.bhimagold.com/products/classic-black-beaded-&-detailed-22kt-gold-mangalsutra-for-women-ngo-chms-p-p-73638,568330.11,636089.0,0.8934757714722311,
520,Black Beaded And Detailed 22KT Gold Mangalsutra,https://www.bhimagold.com/products/black-beaded-and-detailed-22kt-gold-mangalsutra-ngo-chms-bb-p-l-p-26128135,412244.34,461394.0,0.8934757279028337,
521,Black Beaded And Specially Crafted 22KT Gold Mangalsutra For Women,https://www.bhimagold.com/products/black-beaded-and-specially-crafted-22kt-gold-mangalsutra-for-women-ngo-chms-p-p-81022,124118.07,138916.0,0.8934756975438395,
522,Classic Finely Detailed And Crafted 22KT Gold Bangles For Women,https://www.bhimagold.com/products/classic-finely-detailed-and-crafted-22kt-gold-bangles-ngo-bgbb-p-p-64946,160533.45,179673.0,0.8934756474261576,
523,Black Beaded & Detailed 22KT Gold Mangalsutra For Women,https://www.bhimagold.com/products/black-beaded-&-detailed-22kt-gold-mangalsutra-for-women-ngo-chms-p-p-68281,562353.54,629400.0,0.8934755958055292,
524,Black Beaded And Detailed 22KT Gold Mangalsutra  For Women,https://www.bhimagold.com/products/black-beaded-and-detailed-22kt-gold-mangalsutra-for-women-ngo-chms-p-p-57267,269779.59,301944.0,0.8934755782529211,
525,Black Beaded And Detailed 22KT Gold Mangalsutra,https://www.bhimagold.com/products/black-beaded-and-detailed-22kt-gold-mangalsutra-ngo-chms-p-p-63719,421139.7,471350.0,0.8934755489551289,
526,Classic Black Beaded & Detailed 22KT Gold Mangalsutra For Women,https://www.bhimagold.com/products/classic-black-beaded-&-detailed-22kt-gold-mangalsutra-for-women-ngo-chms-p-p-73471,367628.55,411459.0,0.8934755346219185,
527,Classic Black Beaded & Detailed 22KT Gold Mangalsutra For Women,https://www.bhimagold.com/products/classic-black-beaded-&-detailed-22kt-gold-mangalsutra-for-women-ngo-chms-p-p-76715,446157.9,499351.0,0.8934755312395489,
528,Classic Black Beaded And Detailed 22KT Gold Mangalsutra,https://www.bhimagold.com/products/classic-black-beaded-and-detailed-22kt-gold-mangalsutra-ngo-chms-bbb-p-l-p-25105835,361929.96,405081.0,0.8934755271167989,
529,Classic Black Beaded & Detailed 22KT Gold Mangalsutra For Women,https://www.bhimagold.com/products/classic-black-beaded-&-detailed-22kt-gold-mangalsutra-for-women-ngo-chms-p-p-77292,277702.02,310811.0,0.8934755204931615,
530,Classic Black Beaded & Detailed 22KT Gold Mangalsutra For Women,https://www.bhimagold.com/products/classic-black-beaded-&-detailed-22kt-gold-mangalsutra-for-women-ngo-chms-p-p-75561,434760.72,486595.0,0.8934755186551444,
531,Black Beaded & Detailed 22KT Gold Mangalsutra,https://www.bhimagold.com/products/black-beaded-&-detailed-22kt-gold-mangalsutra-ngo-chms-p-p-63007,540532.11,604977.0,0.8934754709683178,
532,Classic Black Beaded & Detailed 22KT Gold Mangalsutra For Women,https://www.bhimagold.com/products/classic-black-beaded-&-detailed-22kt-gold-mangalsutra-for-women-ngo-chms-p-p-78330,534833.52,598599.0,0.8934754652112683,
533,Black Beaded And Detailed 22KT Gold Mangalsutra,https://www.bhimagold.com/products/black-beaded-and-detailed-22kt-gold-mangalsutra-ngo-chms-bbb-p-l-p-25292513,176378.31,197407.0,0.8934754593302162,
534,Classic Black Beaded & Detailed 22KT Gold Mangalsutra For Women,https://www.bhimagold.com/products/classic-black-beaded-&-detailed-22kt-gold-mangalsutra-for-women-ngo-chms-p-p-71799,492719.55,551464.0,0.8934754580534722,
535,Enamel Worked And Detailed 22KT Gold Bangles,https://www.bhimagold.com/products/enamel-worked-and-detailed-22kt-gold-bangles-ngo-bgbb-gue-p-l-e-25828569,170679.72,191029.0,0.8934754409016432,
536,Classic Black Beaded And Detailed 22KT Gold Mangalsutra For Women,https://www.bhimagold.com/products/classic-black-beaded-and-detailed-22kt-gold-mangalsutra-for-women-ngo-chms-p-p-69524,164981.13,184651.0,0.8934754211999936,
537,Black Beaded And Detailed 22KT Gold Mangalsutra,https://www.bhimagold.com/products/black-beaded-and-detailed-22kt-gold-mangalsutra-ngo-chms-bb-p-l-p-24563944,312866.49,350168.0,0.8934753889561582,
538,Classic Black Beaded & Detailed 22KT Gold Mangalsutra For Women,https://www.bhimagold.com/products/classic-black-beaded-&-detailed-22kt-gold-mangalsutra-for-women-ngo-chms-p-p-76602,122867.16,137516.0,0.8934753774106287,
539,Black Beaded & Detailed 22KT Gold Mangalsutra For Women,https://www.bhimagold.com/products/black-beaded-&-detailed-22kt-gold-mangalsutra-for-women-ngo-chms-p-p-68298,326487.51,365413.0,0.8934753552829264,
540,Classic Black Beaded & Detailed 22KT Gold Mangalsutra For Women,https://www.bhimagold.com/products/classic-black-beaded-&-detailed-22kt-gold-mangalsutra-for-women-ngo-chms-p-p-73227,443656.08,496551.0,0.8934753529848898,
541,Classic Black Beaded & Detailed 22KT Gold Mangalsutra For Women,https://www.bhimagold.com/products/classic-black-beaded-&-detailed-22kt-gold-mangalsutra-for-women-ngo-chms-p-p-71408,382222.5,427793.0,0.8934753490590075,
542,Classic Finely Detailed And Crafted 22KT Gold Bangles For Women,https://www.bhimagold.com/products/classic-finely-detailed-and-crafted-22kt-gold-bangles-for-women-ngo-bgbb-p-p-65337,136488.18,152761.0,0.8934752980145455,
543,Black Beaded And Detailed 22KT Gold Mangalsutra,https://www.bhimagold.com/products/black-beaded-and-detailed-22kt-gold-mangalsutra-ngo-chms-bb-p-l-p-25151821,478820.55,535908.0,0.893475279338991,
544,Black Beaded & Detailed 22KT Gold Mangalsutra,https://www.bhimagold.com/products/black-beaded-&-detailed-22kt-gold-mangalsutra-ngo-chms-p-p-59901,478820.55,535908.0,0.893475279338991,
545,Classic Black Beaded & Detailed 22KT Gold Mangalsutra For Women,https://www.bhimagold.com/products/classic-black-beaded-&-detailed-22kt-gold-mangalsutra-for-women-ngo-chms-p-p-73467,119392.41,133627.0,0.8934751958810719,
546,Classic Black Beaded & Detailed 22KT Gold Mangalsutra For Women,https://www.bhimagold.com/products/classic-black-beaded-&-detailed-22kt-gold-mangalsutra-for-women-ngo-chms-p-p-78466,119392.41,133627.0,0.8934751958810719,
547,Black Beaded And Detailed 22KT Gold Mangalsutra,https://www.bhimagold.com/products/black-beaded-and-detailed-22kt-gold-mangalsutra-ngo-chms-bb-p-l-p-2567483,402515.04,450505.0,0.8934751889546175,
548,Classic Black Beaded And Detailed 22KT Gold Mangalsutra,https://www.bhimagold.com/products/classic-black-beaded-and-detailed-22kt-gold-mangalsutra-ngo-chms-bb-p-l-na-25866641,188748.42,211252.0,0.8934751860337418,
549,Black Beaded And Detailed 22KT Gold Mangalsutra For Women,https://www.bhimagold.com/products/black-beaded-and-detailed-22kt-gold-mangalsutra-for-women-ngo-chms-p-p-77194,837970.71,937878.0,0.8934751748095168,
550,Classic Black Beaded & Detailed 22KT Gold Mangalsutra For Women,https://www.bhimagold.com/products/classic-black-beaded-&-detailed-22kt-gold-mangalsutra-for-women-ngo-chms-p-p-79118,346780.05,388125.0,0.8934751690821255,
551,Classic Black Beaded & Detailed 22KT Gold Mangalsutra For Women,https://www.bhimagold.com/products/classic-black-beaded-&-detailed-22kt-gold-mangalsutra-for-women-ngo-chms-p-76627,468396.3,524241.0,0.8934751383428614,
552,Classic Black Beaded & Detailed 22KT Gold Mangalsutra For Women,https://www.bhimagold.com/products/classic-black-beaded-&-detailed-22kt-gold-mangalsutra-for-women-ngo-chms-p-p-73178,310364.67,347368.0,0.8934751330001611,
553,Classic Finely Detailed And Crafted 22KT Gold Bangles For Women,https://www.bhimagold.com/products/classic-finely-detailed-and-crafted-22kt-gold-bangles-for-women-ngo-bgbb-p-p-72177,160255.47,179362.0,0.8934750393059846,
554,Classic Black Beaded & Detailed 22KT Gold Mangalsutra For Women,https://www.bhimagold.com/products/classic-black-beaded-&-detailed-22kt-gold-mangalsutra-for-women-ngo-chms-p-p-82045,527328.06,590199.0,0.8934750143595636,
555,Classic Black Beaded & Detailed 22KT Gold Mangalsutra For Women,https://www.bhimagold.com/products/classic-black-beaded-&-detailed-22kt-gold-mangalsutra-for-women-ngo-chms-p-p-75569,438652.44,490951.0,0.8934749903758217,
556,Classic Finely Detailed And Crafted 22KT Gold Chain,https://www.bhimagold.com/products/classic-finely-detailed-and-crafted-22kt-gold-chain-ngo-chms-p-p-61701,187497.51,209852.0,0.8934749728380001,
557,Classic Black Beaded And Detailed 22KT Gold Mangalsutra,https://www.bhimagold.com/products/classic-black-beaded-and-detailed-22kt-gold-mangalsutra-ngo-chms-bbb-p-l-p-25137763,168177.9,188229.0,0.8934749693192866,
558,Classic Black Beaded And Detailed 22KT Gold Mangalsutra,https://www.bhimagold.com/products/classic-black-beaded-and-detailed-22kt-gold-mangalsutra-ngo-chms-bbb-p-l-p-25137802,168177.9,188229.0,0.8934749693192866,
559,Classic Finely Detailed And Crafted 22KT Gold Bangles For Women,https://www.bhimagold.com/products/classic-finely-detailed-and-crafted-22kt-gold-bangles-for-women-ngo-bgbb-p-p-74794,181798.92,203474.0,0.8934749402872112,
560,Classic Black Beaded & Detailed 22KT Gold Mangalsutra For Women,https://www.bhimagold.com/products/classic-black-beaded-&-detailed-22kt-gold-mangalsutra-for-women-ngo-chms-p-p-73575,429479.1,480684.0,0.8934749232343909,
561,Classic Black Beaded & Detailed 22KT Gold Mangalsutra For Women,https://www.bhimagold.com/products/classic-black-beaded-&-detailed-22kt-gold-mangalsutra-for-women-ngo-chms-p-p-73277,437401.53,489551.0,0.8934748984273345,
562,Classic Finely Detailed And Crafted 22KT Gold Bangles For Women,https://www.bhimagold.com/products/classic-finely-detailed-and-crafted-22kt-gold-bangles-for-women-ngo-bgbb-p-p-72639,156780.72,175473.0,0.8934748935733703,
563,Black Beaded & Detailed 22KT Gold Mangalsutra,https://www.bhimagold.com/products/black-beaded-&-detailed-22kt-gold-mangalsutra-ngo-chms-p-p-59811,530524.83,593777.0,0.8934748735636442,
564,Classic Black Beaded & Detailed 22KT Gold Mangalsutra For Women,https://www.bhimagold.com/products/classic-black-beaded-&-detailed-22kt-gold-mangalsutra-for-women-ngo-chms-p-p-73179,491885.61,550531.0,0.8934748633591932,
565,Black Beaded And Detailed 22KT Gold Mangalsutra,https://www.bhimagold.com/products/black-beaded-and-detailed-22kt-gold-mangalsutra-ngo-chms-p-p-63766,420305.76,470417.0,0.8934748531621944,
566,Classic Black Beaded & Detailed 22KT Gold Mangalsutra For Women,https://www.bhimagold.com/products/classic-black-beaded-&-detailed-22kt-gold-mangalsutra-for-women-ngo-chms-p-p-74875,335104.89,375058.0,0.8934748492233202,
567,Black Beaded & Detailed 22KT Gold Mangalsutra For Women,https://www.bhimagold.com/products/black-beaded-&-detailed-22kt-gold-mangalsutra-for-women-ngo-chms-p-p-68294,480488.43,537775.0,0.893474836130352,
568,Classic Black Beaded & Detailed 22KT Gold Mangalsutra For Women,https://www.bhimagold.com/products/classic-black-beaded-&-detailed-22kt-gold-mangalsutra-for-women-ngo-chms-p-p-76673,337328.73,377547.0,0.8934747991640776,
569,Black Beaded And Detailed 22KT Gold Mangalsutra,https://www.bhimagold.com/products/black-beaded-and-detailed-22kt-gold-mangalsutra-ngo-chms-bb-p-l-p-25236371,191945.19,214830.0,0.8934747940231811,
570,Classic Black Beaded & Detailed 22KT Gold Mangalsutra For Women,https://www.bhimagold.com/products/classic-black-beaded-&-detailed-22kt-gold-mangalsutra-for-women-ngo-chms-p-p-82037,350949.75,392792.0,0.8934747907289354,
571,Classic Black Beaded & Detailed 22KT Gold Mangalsutra For Women,https://www.bhimagold.com/products/classic-black-beaded-&-detailed-22kt-gold-mangalsutra-for-women-ngo-chms-p-p-72466,391812.81,438527.0,0.8934747689423912,
572,Black Beaded & Detailed 22KT Gold Mangalsutra,https://www.bhimagold.com/products/black-beaded-&-detailed-22kt-gold-mangalsutra-ngo-chms-p-p-64286,139684.95,156339.0,0.893474756778539,
573,Classic Black Beaded And Detailed 22KT Gold Mangalsutra,https://www.bhimagold.com/products/classic-black-beaded-and-detailed-22kt-gold-mangalsutra-ngo-chms-bbb-p-l-na-25731133,413356.26,462639.0,0.8934747394837012,
574,Black Beaded & Detailed 22KT Gold Mangalsutra,https://www.bhimagold.com/products/black-beaded-&-detailed-22kt-gold-mangalsutra-ngo-chms-p-p-63305,421278.69,471506.0,0.8934747171828142,
575,Black Beaded And Detailed 22KT Gold Mangalsutra,https://www.bhimagold.com/products/black-beaded-and-detailed-22kt-gold-mangalsutra-ngo-chms-bb-p-l-p-25236118,415580.1,465128.0,0.8934746994375741,
576,Classic Finely Detailed And Crafted 22KT Gold Bangles For Women,https://www.bhimagold.com/products/classic-finely-detailed-and-crafted-22kt-gold-bangles-for-women-ngo-bgbb-p-p-65614,147607.38,165206.0,0.8934746922024625,
577,Classic Black Beaded & Detailed 22KT Gold Mangalsutra For Women,https://www.bhimagold.com/products/classic-black-beaded-&-detailed-22kt-gold-mangalsutra-for-women-ngo-chms-p-p-77262,456443.16,510863.0,0.893474688908768,
578,Classic Finely Detailed And Crafted 22KT Gold Bangles For Women,https://www.bhimagold.com/products/classic-finely-detailed-and-crafted-22kt-gold-bangles-for-women-ngo-bgbb-p-p-74483,161228.4,180451.0,0.8934746828779003,
579,Classic Black Beaded & Detailed 22KT Gold Mangalsutra For Women,https://www.bhimagold.com/products/classic-black-beaded-&-detailed-22kt-gold-mangalsutra-for-women-ngo-chms-p-p-72890,439347.39,491729.0,0.8934746374527434,
580,Classic Finely Detailed And Crafted 22KT Gold Bangles For Women,https://www.bhimagold.com/products/classic-finely-detailed-and-crafted-22kt-gold-bangles-for-women-ngo-bgbb-p-p-71588,155529.81,174073.0,0.8934746342051898,
581,Classic Black Beaded & Detailed 22KT Gold Mangalsutra For Women,https://www.bhimagold.com/products/classic-black-beaded-&-detailed-22kt-gold-mangalsutra-for-women-ngo-chms-p-p-74949,379164.72,424371.0,0.8934746247976416,
582,Black Beaded And Detailed 22KT Gold Mangalsutra,https://www.bhimagold.com/products/black-beaded-and-detailed-22kt-gold-mangalsutra-ngo-chms-bb-p-l-p-25318567,447269.82,500596.0,0.89347461825504,
583,Black Beaded & Detailed 22KT Gold Necklace For Women,https://www.bhimagold.com/products/black-beaded-&-detailed-22kt-gold-necklace-for-women-ngo-chms-p-p-68279,490356.72,548820.0,0.8934745818301082,
584,Classic Black Beaded And Detailed 22KT Gold Mangalsutra,https://www.bhimagold.com/products/classic-black-beaded-and-detailed-22kt-gold-mangalsutra-ngo-chms-bbb-p-l-p-25137757,212237.73,237542.0,0.8934745434491586,
585,Classic Black Beaded & Detailed 22KT Gold Mangalsutra For Women,https://www.bhimagold.com/products/classic-black-beaded-&-detailed-22kt-gold-mangalsutra-for-women-ngo-chms-p-p-72714,377913.81,422971.0,0.8934745171654794,
586,Classic Black Beaded & Detailed 22KT Gold Mangalsutra For Women,https://www.bhimagold.com/products/classic-black-beaded-&-detailed-22kt-gold-mangalsutra-for-women-ngo-chms-p-p-78431,116890.59,130827.0,0.893474512141989,
587,Black Beaded And Detailed 22KT Gold Mangalsutra For Women,https://www.bhimagold.com/products/black-beaded-and-detailed-22kt-gold-mangalsutra-for-women-ngo-chms-p-p-75508,434621.73,486440.0,0.8934744881177534,
588,Classic Black Beaded & Detailed 22KT Gold Mangalsutra For Women,https://www.bhimagold.com/products/classic-black-beaded-&-detailed-22kt-gold-mangalsutra-for-women-ngo-chms-p-p-69148,314256.39,351724.0,0.8934744003821178,
589,Classic Black Beaded & Detailed 22KT Gold Mangalsutra For Women,https://www.bhimagold.com/products/classic-black-beaded-&-detailed-22kt-gold-mangalsutra-for-women-ngo-chms-p-p-73440,119114.43,133316.0,0.8934743766689669,
590,Classic Black Beaded & Detailed 22KT Gold Mangalsutra For Women,https://www.bhimagold.com/products/classic-black-beaded-&-detailed-22kt-gold-mangalsutra-for-women-ngo-chms-p-p-78429,175822.35,196785.0,0.8934743501791296,
591,Classic Black Beaded & Detailed 22KT Gold Mangalsutra For Women,https://www.bhimagold.com/products/classic-black-beaded-&-detailed-22kt-gold-mangalsutra-for-women-ngo-chms-p-p-77502,313005.48,350324.0,0.8934742695333462,
592,Matte Finished And Detailed 22KT Gold Bangles For Women,https://www.bhimagold.com/products/matte-finished-and-detailed-22kt-gold-bangles-for-women-ngo-bgbb-p-p-71059,172347.6,192896.0,0.8934742037159921,
593,Classic Finely Detailed And Crafted 22KT Gold Bangles For Women,https://www.bhimagold.com/products/classic-finely-detailed-and-crafted-22kt-gold-bangles-for-women-ngo-bgbb-p-p-69989,166649.01,186518.0,0.893474141905875,
594,Black Beaded & Detailed 22KT Gold Mangalsutra,https://www.bhimagold.com/products/black-beaded-&-detailed-22kt-gold-mangalsutra-ngo-chms-p-p-65272,131484.54,147161.0,0.8934740862049049,
595,Classic Black Beaded And Detailed 22KT Gold Mangalsutra,https://www.bhimagold.com/products/classic-black-beaded-and-detailed-22kt-gold-mangalsutra-ngo-chms-bbb-p-l-p-2569387,219882.18,246098.0,0.8934740631780835,
596,Classic Finely Detailed And Crafted 22KT Gold Bangles For Women,https://www.bhimagold.com/products/classic-finely-detailed-and-crafted-22kt-gold-bangles-for-women-ngo-bgbb-p-p-71564,155251.83,173762.0,0.8934740046730585,
597,Classic Black Beaded And Detailed 22KT Gold Mangalsutra,https://www.bhimagold.com/products/classic-black-beaded-and-detailed-22kt-gold-mangalsutra-ngo-chms-bbb-p-l-p-2569392,210708.84,235831.0,0.8934738859607091,
598,Black Beaded & Detailed 22KT Gold Mangalsutra For Women,https://www.bhimagold.com/products/black-beaded-&-detailed-22kt-gold-mangalsutra-for-women-ngo-chms-p-p-69576,173320.53,193985.0,0.8934738768461479,
599,Classic Black Beaded & Detailed 22KT Gold Mangalsutra For Women,https://www.bhimagold.com/products/classic-black-beaded-&-detailed-22kt-gold-mangalsutra-for-women-ngo-chms-p-p-82052,197087.82,220586.0,0.8934738378682238,
600,Classic Black Beaded & Detailed 22KT Gold Mangalsutra For Women,https://www.bhimagold.com/products/classic-black-beaded-&-detailed-22kt-gold-mangalsutra-for-women-ngo-chms-p-79365,238923.81,267410.0,0.8934737294790771,
601,Classic Black Beaded & Detailed 22KT Gold Mangalsutra For Women,https://www.bhimagold.com/products/classic-black-beaded-&-detailed-22kt-gold-mangalsutra-for-women-ngo-chms-p-p-78256,140379.9,157117.0,0.8934736533920581,
602,Classic Black Beaded & Detailed 22KT Gold Mangalsutra For Women,https://www.bhimagold.com/products/classic-black-beaded-&-detailed-22kt-gold-mangalsutra-for-women-ngo-chms-p-p-75980,174293.46,195074.0,0.8934735536258035,
603,Classic Black Beaded & Detailed 22KT Gold Mangalsutra For Women,https://www.bhimagold.com/products/classic-black-beaded-&-detailed-22kt-gold-mangalsutra-for-women-ngo-chms-p-p-75637,168594.87,188696.0,0.8934734705558146,
604,Classic Black Beaded & Detailed 22KT Gold Mangalsutra For Women,https://www.bhimagold.com/products/classic-black-beaded-&-detailed-22kt-gold-mangalsutra-for-women-ngo-chms-p-p-77559,113137.86,126627.0,0.8934734298372385,
605,Classic Black Beaded & Detailed 22KT Gold Mangalsutra For Women,https://www.bhimagold.com/products/classic-black-beaded-&-detailed-22kt-gold-mangalsutra-for-women-ngo-chms-p-p-76642,170818.71,191185.0,0.8934733896487694,
606,Classic Black Beaded & Detailed 22KT Gold Mangalsutra For Women,https://www.bhimagold.com/products/classic-black-beaded-&-detailed-22kt-gold-mangalsutra-for-women-ngo-chms-p-p-76717,154973.85,173451.0,0.893473372883408,
607,Classic Black Beaded & Detailed 22KT Gold Mangalsutra For Women,https://www.bhimagold.com/products/classic-black-beaded-&-detailed-22kt-gold-mangalsutra-for-women-ngo-chms-p-p-71785,157197.69,175940.0,0.8934732863476185,
608,Classic Black Beaded & Detailed 22KT Gold Mangalsutra For Women,https://www.bhimagold.com/products/classic-black-beaded-&-detailed-22kt-gold-mangalsutra-for-women-ngo-chms-p-p-76679,149275.26,167073.0,0.893473272162468,
609,Classic Black Beaded & Detailed 22KT Gold Mangalsutra For Women,https://www.bhimagold.com/products/classic-black-beaded-&-detailed-22kt-gold-mangalsutra-for-women-ngo-chms-p-p-75634,143576.67,160695.0,0.8934731634462802,
610,Black Beaded & Detailed 22KT Gold Mangalsutra,https://www.bhimagold.com/products/black-beaded-&-detailed-22kt-gold-mangalsutra-ngo-chms-p-p-63222,177490.23,198652.0,0.8934731590922821,
611,Classic Black Beaded & Detailed 22KT Gold Mangalsutra For Women,https://www.bhimagold.com/products/classic-black-beaded-&-detailed-22kt-gold-mangalsutra-for-women-ngo-chms-p-p-82042,111886.95,125227.0,0.8934730529358684,
612,Classic Black Beaded & Detailed 22KT Gold Mangalsutra For Women,https://www.bhimagold.com/products/classic-black-beaded-&-detailed-22kt-gold-mangalsutra-for-women-ngo-chms-p-p-77610,117307.56,131294.0,0.8934723597422578,
613,Black Beaded And Detailed 22KT Gold Mangalsutra For Women,https://www.bhimagold.com/products/black-beaded-and-detailed-22kt-gold-mangalsutra-for-women-ngo-chms-p-p-80840,129677.67,145139.0,0.8934722576288937,
614,Classic Black Beaded & Detailed 22KT Gold Mangalsutra For Women,https://www.bhimagold.com/products/classic-black-beaded-&-detailed-22kt-gold-mangalsutra-for-women-ngo-chms-p-p-82040,121755.24,136272.0,0.8934721733004579,
615,Black Beaded And Specially Crafted 22KT Gold Mangalsutra For Women,https://www.bhimagold.com/products/black-beaded-and-specially-crafted-22kt-gold-mangalsutra-for-women-ngo-chms-p-p-81070,116056.65,129894.0,0.8934719848491847,
616,Enamel Worked And Detailed 22KT Gold Bangles,https://www.bhimagold.com/products/enamel-worked-and-detailed-22kt-gold-bangles-ngo-bgbb-hbe-p-l-e-2543745,108134.22,121027.0,0.8934718699133252,
617,Black Beaded And Specially Crafted 22KT Gold Mangalsutra For Women,https://www.bhimagold.com/products/black-beaded-and-specially-crafted-22kt-gold-mangalsutra-for-women-ngo-chms-p-p-81062,110358.06,123516.0,0.8934717769357816,
618,Traditionally Crafted And Detailed 22KT Gold Haaram For Women,https://www.bhimagold.com/products/traditionally-crafted-and-detailed-22kt-gold-haaram-for-women-ngo-chfc-p-s-82047,506757.54,567241.0,0.8933725524071778,
619,Specially Crafted And Detailed 22KT Gold Necklace For Women,https://www.bhimagold.com/products/specially-crafted-and-detailed-22kt-gold-necklace-for-women-ngo-chnc-csp-s-l-p-2556283,445184.97,498334.0,0.8933465707738183,
620,Black Beaded & Detailed 22KT Gold Mangalsutra For Women,https://www.bhimagold.com/products/black-beaded-&-detailed-22kt-gold-mangalsutra-for-women-ngo-chms-p-s-68290,413356.26,462738.0,0.8932835859600897,
621,Black Beaded & Detailed 22KT Gold Mangalsutra,https://www.bhimagold.com/products/black-beaded-&-detailed-22kt-gold-mangalsutra-ngo-chms-p-s-65214,564299.4,631776.0,0.8931953730436104,
622,Traditionally Crafted And Detailed 22KT Gold Haaram For Women,https://www.bhimagold.com/products/traditionally-crafted-and-detailed-22kt-gold-haaram-for-women-ngo-chfc-p-s-80028,1030332.87,1153554.0,0.8931813075070608,
623,Classic Black Beaded & Detailed 22KT Gold Mangalsutra For Women,https://www.bhimagold.com/products/classic-black-beaded-&-detailed-22kt-gold-mangalsutra-for-women-ngo-chms-p-s-74486,513985.02,575463.0,0.8931677970608015,
624,Black Beaded & Detailed 22KT Gold Mangalsutra,https://www.bhimagold.com/products/black-beaded-&-detailed-22kt-gold-mangalsutra-ngo-chms-p-s-65145,186663.57,208993.0,0.8931570435373434,
625,Classic Black Beaded And Detailed 22KT Gold Mangalsutra,https://www.bhimagold.com/products/classic-black-beaded-and-detailed-22kt-gold-mangalsutra-ngo-chms-bb-s-l-p-24876594,542616.96,607558.0,0.8931113737289279,
626,Classic Black Beaded & Detailed 22KT Gold Mangalsutra For Women,https://www.bhimagold.com/products/classic-black-beaded-&-detailed-22kt-gold-mangalsutra-for-women-ngo-chms-p-s-71748,484658.13,542689.0,0.8930679081389157,
627,Traditionally Crafted And Detailed 22KT Gold Bangles,https://www.bhimagold.com/products/traditionally-crafted-and-detailed-22kt-gold-bangles-ngo-bgbb-be-p-l-na-25941203,169845.78,190205.0,0.8929616992192634,
628,Enamel Worked And Detailed 22KT Gold Bangles For Women,https://www.bhimagold.com/products/enamel-worked-and-detailed-22kt-gold-bangles-for-women-ngo-bgbb-e-p-65531,227943.6,255267.0,0.8929614873837982,
629,Enamel Worked And Detailed 22KT Gold Bangles For Women,https://www.bhimagold.com/products/enamel-worked-and-detailed-22kt-gold-bangles-for-women-ngo-bgbb-e-p-67202,168733.86,188960.0,0.8929607324301438,
630,Classic Black Beaded And Detailed 22KT Gold Mangalsutra,https://www.bhimagold.com/products/classic-black-beaded-and-detailed-22kt-gold-mangalsutra-ngo-chms-bb-s-l-p-24897367,630597.63,706275.0,0.8928499946904535,
631,Traditionally Crafted And Detailed 22KT Gold Kada For Men,https://www.bhimagold.com/products/traditionally-crafted-and-detailed-22kt-gold-kada-for-men-ngo-kada-p-p-80829,432814.86,484882.0,0.8926189464653256,
632,Detailed And Crafted 22KT Gold Bangles For Women,https://www.bhimagold.com/products/detailed-and-crafted-22kt-gold-bangles-for-women-ngo-kada-p-p-80863,410437.47,459813.0,0.892618238283824,
633,Traditionally Crafted And Detailed 22KT Gold Kada For Men,https://www.bhimagold.com/products/traditionally-crafted-and-detailed-22kt-gold-kada-for-men-ngo-kada-p-p-79589,347613.99,389432.0,0.8926179410012531,
634,Studded And Detailed 22KT Gold Choker For Women,https://www.bhimagold.com/products/studded-and-detailed-22kt-gold-choker-for-women-ngo-chkr-g-s-80809,275895.15,309160.0,0.8924024776814595,
635,Antique Finished And Studded 22KT Gold Haaram For Women,https://www.bhimagold.com/products/antique-finished-and-studded-22kt-gold-haaram-for-women-ngo-chfc-g-s-78310,362207.94,405959.0,0.892227885081991,
636,Studded And Detailed 22KT Gold Choker For Women,https://www.bhimagold.com/products/studded-and-detailed-22kt-gold-choker-for-women-ngo-chkr-g-s-81055,297855.57,333857.0,0.8921651185986815,
637,Classic Finely Detailed And Crafted 22KT Gold Bangles For Women,https://www.bhimagold.com/products/classic-finely-detailed-and-crafted-22kt-gold-bangles-for-women-ngo-bgbb-s-81239,279091.92,312840.0,0.8921235136171844,
638,Traditionally Crafted And Detailed 22KT Gold Haaram For Women,https://www.bhimagold.com/products/traditionally-crafted-and-detailed-22kt-gold-haaram-for-women-ngo-chfc-p-s-82066,344695.2,386379.0,0.8921168075904746,
639,Classic Finely Detailed And Crafted 22KT Gold Necklace For Women,https://www.bhimagold.com/products/classic-finely-detailed-and-crafted-22kt-gold-necklace-for-women-ngo-chnc-p-s-82020,349698.84,392350.0,0.8912930801580222,
640,Traditionally Crafted And Detailed 22KT Gold Necklace,https://www.bhimagold.com/products/traditionally-crafted-and-detailed-22kt-gold-necklace-ngo-chnc-p-s-59769,333159.03,373885.0,0.8910735386549341,
641,Studded And Detailed 22KT Gold Bangles For Women,https://www.bhimagold.com/products/studded-and-detailed-22kt-gold-bangles-for-women-ngo-bgbb-p-s-72630,215434.5,241779.0,0.8910389239760277,
642,Classic Finely Detailed And Crafted 22KT Gold Bangles For Women,https://www.bhimagold.com/products/classic-finely-detailed-and-crafted-22kt-gold-bangles-for-women-ngo-bgbb-r-p-80896,214878.54,241190.0,0.8909098221319293,
643,Matte Finished And Detailed 22KT Gold Necklace,https://www.bhimagold.com/products/matte-finished-and-detailed-22kt-gold-necklace-ngo-chnc-tky-p-l-p-25198734,483685.2,542912.0,0.8909090239302134,
644,Traditionally Crafted And Detailed 22KT Gold Haaram,https://www.bhimagold.com/products/traditionally-crafted-and-detailed-22kt-gold-haaram-ngo-chfc-tky-p-l-p-25198796,692309.19,777082.0,0.8909087972697861,
645,Traditionally Crafted And Detailed 22KT Gold Haaram For Women,https://www.bhimagold.com/products/traditionally-crafted-and-detailed-22kt-gold-haaram-for-women-ngo-chfc-p-p-75912,571665.87,641666.0,0.8909087749701559,
646,Classic Finely Detailed And Crafted 22KT Gold Bangles For Women,https://www.bhimagold.com/products/classic-finely-detailed-and-crafted-22kt-gold-bangles-for-women-ngo-bgbb-p-p-75589,179853.06,201876.0,0.89090857754265,
647,Traditionally Crafted And Detailed 22KT Gold Haaram For Women,https://www.bhimagold.com/products/traditionally-crafted-and-detailed-22kt-gold-haaram-for-women-ngo-chfc-p-p-75907,704401.32,790655.0,0.8909085758010763,
648,Traditionally Crafted And Detailed 22KT Gold Haaram,https://www.bhimagold.com/products/traditionally-crafted-and-detailed-22kt-gold-haaram-ngo-chfc-tky-p-l-p-25198719,867158.61,973342.0,0.8909084473905369,
649,Traditionally Crafted And Detailed 22KT Gold Double Hook Pendant,https://www.bhimagold.com/products/traditionally-crafted-and-detailed-22kt-gold-double-hook-pendant-ngo-chdp-dh-p-l-p-25155227,104381.49,117163.0,0.8909083072300983,
650,Traditionally Crafted And Detailed 22KT Gold Haaram,https://www.bhimagold.com/products/traditionally-crafted-and-detailed-22kt-gold-haaram-ngo-chfc-p-p-58217,864100.83,969910.0,0.8909082595292346,
651,Enamel Worked And Detailed 22KT Gold Bangles For Women,https://www.bhimagold.com/products/enamel-worked-and-detailed-22kt-gold-bangles-for-women-ngo-bgbb-r-p-81287,207929.04,233390.0,0.8909080937486611,
652,Traditionally Crafted And Detailed 22KT Gold Haaram For Women,https://www.bhimagold.com/products/traditionally-crafted-and-detailed-22kt-gold-haaram-for-women-ngo-chfc-p-p-71794,652002.09,731840.0,0.8909079716878006,
653,Traditionally Crafted And Detailed 22KT Gold Haaram,https://www.bhimagold.com/products/traditionally-crafted-and-detailed-22kt-gold-haaram-ngo-chfc-tky-p-l-p-25198720,724137.9,812809.0,0.8909078270540803,
654,Classic Finely Detailed And Crafted 22KT Gold Bangles For Women,https://www.bhimagold.com/products/classic-finely-detailed-and-crafted-22kt-gold-bangles-for-women-ngo-bgbb-p-p-77527,202369.44,227150.0,0.8909066255778121,
655,Classic Finely Detailed And Crafted 22KT Gold Ring For Men,https://www.bhimagold.com/products/classic-finely-detailed-and-crafted-22kt-gold-ring-for-men-ngo-rgrg-p-p-81966,114388.77,128396.0,0.8909060251098165,
656,Classic Finely Detailed And Crafted 22KT Gold Locket For Women,https://www.bhimagold.com/products/classic-finely-detailed-and-crafted-22kt-gold-locket-for-women-ngo-chlc-p-p-79325,112025.94,125744.0,0.8909048543071638,
657,Studded And Detailed 22KT Gold Bangles For Women,https://www.bhimagold.com/products/studded-and-detailed-22kt-gold-bangles-for-women-ngo-bgbb-p-s-81962,205705.2,230951.0,0.8906876350394674,
658,Black Beaded And Detailed 22KT Gold Mangalsutra,https://www.bhimagold.com/products/black-beaded-and-detailed-22kt-gold-mangalsutra-ngo-chms-anbb-s-l-g-25245428,448242.75,503357.0,0.8905066384295838,
659,Antique Finished & Black Beaded 22KT Gold Mangalsutra For Women,https://www.bhimagold.com/products/antique-finished-&-black-beaded-22kt-gold-mangalsutra-for-women-ngo-chms-g-s-67377,363458.85,408191.0,0.8904136788905194,
660,Antique Finished & Black Beaded 22KT Gold Mangalsutra For Women,https://www.bhimagold.com/products/antique-finished-&-black-beaded-22kt-gold-mangalsutra-for-women-ngo-chms-g-s-67479,373883.1,419943.0,0.8903186861074003,
661,Black Beaded And Detailed 22KT Gold Mangalsutra  For Women,https://www.bhimagold.com/products/black-beaded-and-detailed-22kt-gold-mangalsutra-for-women-ngo-chms-g-s-62203,409464.54,459943.0,0.8902506180113622,
662,Antique Finished & Black Beaded 22KT Gold Mangalsutra,https://www.bhimagold.com/products/antique-finished-&-black-beaded-22kt-gold-mangalsutra-ngo-chms-g-s-67380,449632.65,505082.0,0.8902171330595825,
663,Classic Finely Detailed And Crafted 22KT Gold Bangles For Women,https://www.bhimagold.com/products/classic-finely-detailed-and-crafted-22kt-gold-bangles-for-women-ngo-bgbb-p-s-77101,112998.87,126939.0,0.8901824498381112,
664,Antique Finished & Black Beaded 22KT Gold Mangalsutra For Women,https://www.bhimagold.com/products/antique-finished-&-black-beaded-22kt-gold-mangalsutra-for-women-ngo-chms-g-s-67341,407101.71,457343.0,0.8901452738972719,
665,Antique Finished & Black Beaded 22KT Gold Mangalsutra For Women,https://www.bhimagold.com/products/antique-finished-&-black-beaded-22kt-gold-mangalsutra-for-women-ngo-chms-g-s-67354,449632.65,505133.0,0.8901272536143947,
666,Studded And Detailed 22KT Gold Bangles For Women,https://www.bhimagold.com/products/studded-and-detailed-22kt-gold-bangles-for-women-ngo-bgbb-cld-s-l-p-25119093,212654.7,238910.0,0.8901038047800427,
667,Antique Finished & Black Beaded 22KT Gold Mangalsutra,https://www.bhimagold.com/products/antique-finished-&-black-beaded-22kt-gold-mangalsutra-ngo-chms-g-s-64777,244205.43,274376.0,0.890039325596991,
668,Classic Black Beaded & Detailed 22KT Gold Mangalsutra For Women,https://www.bhimagold.com/products/classic-black-beaded-&-detailed-22kt-gold-mangalsutra-for-women-ngo-chms-g-s-72101,241425.63,271256.0,0.8900287182587666,
669,Traditionally Crafted And Detailed 22KT Gold Haaram,https://www.bhimagold.com/products/traditionally-crafted-and-detailed-22kt-gold-haaram-ngo-chfc-csp-s-l-p-25405029,930260.07,1045289.0,0.8899549024241142,
670,Black Beaded & Detailed 22KT Gold Mangalsutra For Women,https://www.bhimagold.com/products/black-beaded-&-detailed-22kt-gold-mangalsutra-for-women-ngo-chms-g-s-69964,220160.16,247459.0,0.8896833818935662,
671,Antique Finished & Black Beaded 22KT Gold Mangalsutra For Women,https://www.bhimagold.com/products/antique-finished-&-black-beaded-22kt-gold-mangalsutra-for-women-ngo-chms-g-s-67339,448242.75,503841.0,0.8896511994855519,
672,Classic Black Beaded & Detailed 22KT Gold Mangalsutra For Women,https://www.bhimagold.com/products/classic-black-beaded-&-detailed-22kt-gold-mangalsutra-for-women-ngo-chms-s-79298,205705.2,231234.0,0.8895975505332261,
673,Specially Crafted And Detailed 22KT Gold Fancy Chain,https://www.bhimagold.com/products/specially-crafted-and-detailed-22kt-gold-fancy-chain-ngo-chfc-csp-s-l-p-25145449,827685.45,930448.0,0.8895558376180076,
674,Studded And Detailed 22KT Gold Ring For Men,https://www.bhimagold.com/products/studded-and-detailed-22kt-gold-ring-for-men-ngo-rgrg-p-s-79671,111747.96,125663.0,0.8892670077906782,
675,Traditionally Crafted And Detailed 22KT Gold Haaram,https://www.bhimagold.com/products/traditionally-crafted-and-detailed-22kt-gold-haaram-ngo-chfc-fuh-p-l-p-24856984,799053.51,898616.0,0.8892046324570229,
676,Studded And Detailed 22KT Gold Bangles For Women,https://www.bhimagold.com/products/studded-and-detailed-22kt-gold-bangles-for-women-ngo-bgbb-cld-s-l-p-25275082,234476.13,263719.0,0.8891135261395653,
677,Classic Black Beaded & Detailed 22KT Gold Mangalsutra For Women,https://www.bhimagold.com/products/classic-black-beaded-&-detailed-22kt-gold-mangalsutra-for-women-ngo-chms-g-s-74508,432119.91,486218.0,0.888736965723194,
678,Classic Finely Detailed And Crafted 22KT Gold Ring For Men,https://www.bhimagold.com/products/classic-finely-detailed-and-crafted-22kt-gold-ring-for-men-ngo-rgrg-p-s-79592,115083.72,129510.0,0.8886087560806115,
679,Traditionally Crafted And Detailed 22KT Gold Haaram,https://www.bhimagold.com/products/traditionally-crafted-and-detailed-22kt-gold-haaram-ngo-chfc-csp-s-l-p-25118365,834634.95,939334.0,0.888539060653612,
680,Traditionally Crafted And Detailed 22KT Gold Haaram,https://www.bhimagold.com/products/traditionally-crafted-and-detailed-22kt-gold-haaram-ngo-chfc-fuh-s-l-p-24856994,1570587.0,1768548.0,0.8880658031334179,
681,Matte Finished & Studded 22KT Gold Haaram For Women,https://www.bhimagold.com/products/matte-finished-&-studded-22kt-gold-haaram-for-women-ngo-chfc-ox-s-66675,1179052.17,1328351.0,0.887605888804992,
682,Enamel Worked And Detailed 22KT Gold Haaram For Women,https://www.bhimagold.com/products/enamel-worked-and-detailed-22kt-gold-haaram-for-women-ngo-chfc-r-p-78287,429896.07,484385.0,0.8875090475551473,
683,Classic Finely Detailed And Crafted 22KT Gold Haaram For Women,https://www.bhimagold.com/products/classic-finely-detailed-and-crafted-22kt-gold-haaram-for-women-ngo-chfc-r-p-79002,348586.92,392770.0,0.8875090256384143,
684,Enamel Worked And Detailed 22KT Gold Haaram For Women,https://www.bhimagold.com/products/enamel-worked-and-detailed-22kt-gold-haaram-for-women-ngo-chfc-r-p-78335,387504.12,436620.0,0.8875088635426687,
685,Enamel Worked And Detailed 22KT Gold Haaram,https://www.bhimagold.com/products/enamel-worked-and-detailed-22kt-gold-haaram-ngo-chfc-ter-p-l-r-2555417,768336.72,865723.0,0.8875087296976053,
686,Classic Finely Detailed And Crafted 22KT Gold Necklace For Women,https://www.bhimagold.com/products/classic-finely-detailed-and-crafted-22kt-gold-necklace-for-women-ngo-chnc-r-p-81152,188470.44,212359.0,0.8875086057101418,
687,Fancy Finely Detailed And Crafted 22KT Gold Necklace For Women,https://www.bhimagold.com/products/fancy-finely-detailed-and-crafted-22kt-gold-necklace-for-women-ngo-chnc-r-p-81320,199450.65,224731.0,0.8875083989302767,
688,Specially Crafted And Detailed 22KT Gold Bangles For Women,https://www.bhimagold.com/products/specially-crafted-and-detailed-22kt-gold-bangles-for-women-ngo-bgbb-r-p-80923,250737.96,282519.0,0.887508309175666,
689,Enamel Worked And Detailed 22KT Gold Haaram,https://www.bhimagold.com/products/enamel-worked-and-detailed-22kt-gold-haaram-ngo-chfc-ter-p-l-r-2529863,829770.3,934944.0,0.8875080218708287,
690,Enamel Worked And Detailed 22KT Gold Necklace For Women,https://www.bhimagold.com/products/enamel-worked-and-detailed-22kt-gold-necklace-for-women-ngo-chnc-r-p-77513,500225.01,563629.0,0.887507580340969,
691,Enamel Worked And Detailed 22KT Gold Necklace For Women,https://www.bhimagold.com/products/enamel-worked-and-detailed-22kt-gold-necklace-for-women-ngo-chnc-r-p-81329,173737.5,195759.0,0.8875070877967296,
692,Traditionally Crafted And Detailed 22KT Gold Haaram For Women,https://www.bhimagold.com/products/traditionally-crafted-and-detailed-22kt-gold-haaram-ngo-chfc-p-s-57704,1000311.03,1127221.0,0.8874134087281909,
693,Classic Finely Detailed And Crafted 22KT Gold Bangles For Women,https://www.bhimagold.com/products/classic-finely-detailed-and-crafted-22kt-gold-bangles-for-women-ngo-bgbb-p-s-80899,185412.66,208940.0,0.8873966689001628,
694,Traditionally Crafted And Detailed 22KT Gold Haaram,https://www.bhimagold.com/products/traditionally-crafted-and-detailed-22kt-gold-haaram-ngo-chfc-csp-s-l-p-2542829,902184.09,1016698.0,0.8873668385302224,
695,Antique Finished And Detailed 22KT Gold Fancy Chain,https://www.bhimagold.com/products/antique-finished-and-detailed-22kt-gold-fancy-chain-ngo-chfc-afr-s-l-ox-25194995,1554186.18,1751603.0,0.8872936276085391,
696,Studded And Detailed 22KT Gold Necklace For Women,https://www.bhimagold.com/products/studded-and-detailed-22kt-gold-necklace-for-women-ngo-chnc-p-s-80061,1066192.29,1201905.0,0.8870853270433188,
697,Classic Finely Detailed And Crafted 22KT Gold Bracelet,https://www.bhimagold.com/products/classic-finely-detailed-and-crafted-22kt-gold-bracelet-ngo-bgbr-kab-p-k-p-254721,63101.46,71156.0,0.8868044859182641,
698,Traditionally Crafted And Detailed 22KT Gold Haaram,https://www.bhimagold.com/products/traditionally-crafted-and-detailed-22kt-gold-haaram-ngo-chfc-csp-s-l-p-2542850,831021.21,937156.0,0.8867480013999803,
699,Studded And Detailed 22KT Gold Haaram For Women,https://www.bhimagold.com/products/studded-and-detailed-22kt-gold-haaram-for-women-ngo-chfc-tws-s-l-p-2555409,993639.51,1120696.0,0.8866271584800873,
700,Studded And Detailed 22KT Gold Haaram For Women,https://www.bhimagold.com/products/studded-and-detailed-22kt-gold-haaram-ngo-chfc-p-s-57715,814203.42,918318.0,0.8866246986338067,
701,Studded And Detailed 22KT Gold Haaram For Women,https://www.bhimagold.com/products/studded-and-detailed-22kt-gold-haaram-for-women-ngo-chfc-tws-s-l-p-25155150,913859.25,1030886.0,0.886479445835912,
702,Studded And Detailed 22KT Gold Haaram For Women,https://www.bhimagold.com/products/studded-and-detailed-22kt-gold-haaram-for-women-ngo-chfc-tws-s-l-na-25849954,831160.2,937602.0,0.8864744315818438,
703,Studded And Detailed 22KT Gold Haaram For Women,https://www.bhimagold.com/products/studded-and-detailed-22kt-gold-haaram-for-women-ngo-chfc-tws-s-l-p-25155131,858958.2,968995.0,0.8864423449037404,
704,Studded And Detailed 22KT Gold Haaram For Women,https://www.bhimagold.com/products/studded-and-detailed-22kt-gold-haaram-for-women-ngo-chfc-tws-s-l-p-25865988,786683.4,887590.0,0.8863139512612805,
705,Studded And Detailed 22KT Gold Haaram For Women,https://www.bhimagold.com/products/studded-and-detailed-22kt-gold-haaram-for-women-ngo-chfc-tws-s-l-p-2555680,949579.68,1071402.0,0.8862963481494341,
706,Traditionally Crafted And Detailed 22KT Gold Haaram For Women,https://www.bhimagold.com/products/traditionally-crafted-and-detailed-22kt-gold-haaram-for-women-ngo-chfc-r-s-80062,305778.0,345009.0,0.8862899228715773,
707,Studded And Detailed 22KT Gold Haaram For Women,https://www.bhimagold.com/products/studded-and-detailed-22kt-gold-haaram-for-women-ngo-chfc-tws-s-l-p-25155146,886339.23,1000073.0,0.886274531959167,
708,Studded And Detailed 22KT Gold Haaram For Women,https://www.bhimagold.com/products/studded-and-detailed-22kt-gold-haaram-for-women-ngo-chfc-s-75521,885783.27,999447.0,0.8862733791786859,
709,Traditionally Crafted And Detailed 22KT Gold Haaram,https://www.bhimagold.com/products/traditionally-crafted-and-detailed-22kt-gold-haaram-ngo-chfc-tws-s-l-na-25934358,790436.13,891994.0,0.8861451198102229,
710,Studded And Detailed 22KT Gold Haaram For Women,https://www.bhimagold.com/products/studded-and-detailed-22kt-gold-haaram-for-women-ngo-chfc-tws-s-l-p-25155151,800026.44,902841.0,0.8861210777977517,
711,Traditionally Crafted And Detailed 22KT Gold Necklace,https://www.bhimagold.com/products/traditionally-crafted-and-detailed-22kt-gold-necklace-ngo-chnc-p-s-62475,458111.04,517165.0,0.8858121489273248,
712,Traditionally Crafted And Detailed 22KT Gold Bangles For Women,https://www.bhimagold.com/products/traditionally-crafted-and-detailed-22kt-gold-bangles-for-women-ngo-bgbb-p-s-77456,183049.83,206649.0,0.8858007055441836,
713,Classic Finely Detailed And Crafted 22KT Gold Bangles For Women,https://www.bhimagold.com/products/classic-finely-detailed-and-crafted-22kt-gold-bangles-for-women-ngo-bgbb-s-77538,351922.68,397498.0,0.8853445300353713,
714,Classic Finely Detailed 22KT Gold Bangles For Women,https://www.bhimagold.com/products/classic-finely-detailed-22kt-gold-bangles-for-women-ngo-bgbb-p-s-59695,184022.76,207858.0,0.8853292151372573,
715,Studded And Detailed 22KT Gold Haaram For Women,https://www.bhimagold.com/products/studded-and-detailed-22kt-gold-haaram-for-women-ngo-chfc-p-s-78177,737897.91,833672.0,0.8851177801341535,
716,Studded And Detailed 22KT Gold Bangles For Women,https://www.bhimagold.com/products/studded-and-detailed-22kt-gold-bangles-for-women-ngo-bgbb-p-s-78549,248653.11,280937.0,0.8850849478708749,
717,Studded And Detailed 22KT Gold Haaram For Women,https://www.bhimagold.com/products/studded-and-detailed-22kt-gold-haaram-for-women-ngo-chfc-tws-s-l-p-25133133,949162.71,1072765.0,0.8847815784444869,
718,Antique Finished And Studded 22KT Gold Yashoda Krishna Haaram For Women,https://www.bhimagold.com/products/antique-finished-and-studded-22kt-gold-yashoda-krishna-haaram-for-women-ngo-chfc-p-s-76474,780845.82,882754.0,0.8845565355693659,
719,Traditionally Crafted And Detailed 22KT Gold Haaram,https://www.bhimagold.com/products/traditionally-crafted-and-detailed-22kt-gold-haaram-ngo-chfc-csp-s-l-p-25281702,626427.93,708223.0,0.8845066172660306,
720,Traditionally Crafted And Detailed 22KT Gold Haaram,https://www.bhimagold.com/products/traditionally-crafted-and-detailed-22kt-gold-haaram-ngo-chfc-csp-s-l-p-25118380,1005592.65,1137104.0,0.884345363308897,
721,Studded And Detailed 22KT Gold Haaram For Women,https://www.bhimagold.com/products/studded-and-detailed-22kt-gold-haaram-for-women-ngo-chfc-tws-s-l-p-25133147,791409.06,894913.0,0.8843418969218237,
722,Classic Finely Detailed And Crafted 22KT Gold Necklace For Women,https://www.bhimagold.com/products/classic-finely-detailed-and-crafted-22kt-gold-necklace-for-women-ngo-chnc-p-s-74462,452968.41,512219.0,0.8843256692937981,
723,Matte Finished And Detailed 22KT Gold Haaram For Women,https://www.bhimagold.com/products/matte-finished-and-detailed-22kt-gold-haaram-for-women-ngo-chfc-fny1-s-l-na-25850199,341081.46,385704.0,0.884308848235953,
724,Antique Finished And Studded 22KT Gold Drops For Women,https://www.bhimagold.com/products/antique-finished-and-studded-22kt-gold-drops-for-women-ngo-stdr-g-s-78960,192501.15,217703.0,0.8842374703150623,
725,Antique Finished & Studded 22KT Gold Haaram Necklace For Women,https://www.bhimagold.com/products/antique-finished-&-studded-22kt-gold-haaram-necklace-for-women-ngo-chfc-ox-s-67225,981130.41,1109922.0,0.8839633866163569,
726,Gorgeously Detailed 22KT Gold Haaram,https://www.bhimagold.com/products/gorgeously-detailed-22kt-gold-haaram-ngo-chfc-tws-s-l-p-25133110,952220.49,1077343.0,0.8838600984087704,
727,Traditionally Crafted And Detailed 22KT Gold Haaram,https://www.bhimagold.com/products/traditionally-crafted-and-detailed-22kt-gold-haaram-ngo-chfc-csp-s-l-p-2510838,635601.27,719177.0,0.883789762464595,
728,Traditionally Crafted And Detailed 22KT Gold Haaram For Women,https://www.bhimagold.com/products/traditionally-crafted-and-detailed-22kt-gold-haaram-for-women-ngo-chfc-p-s-69508,568330.11,643076.0,0.883768186030889,
729,Classic Finely Detailed And Crafted 22KT Gold Bangles For Women,https://www.bhimagold.com/products/classic-finely-detailed-and-crafted-22kt-gold-bangles-for-women-ngo-bgbb-p-s-80947,169011.84,191252.0,0.8837127977746638,
730,Studded And Detailed 22KT Gold Haaram For Women,https://www.bhimagold.com/products/studded-and-detailed-22kt-gold-haaram-for-women-ngo-chfc-tws-s-l-p-24836590,943186.14,1067370.0,0.8836543466651676,
731,Fancy Finely Detailed And Crafted 22KT Gold Necklace For Women,https://www.bhimagold.com/products/fancy-finely-detailed-and-crafted-22kt-gold-necklace-for-women-ngo-chnc-ox-s-81370,441293.25,499563.0,0.8833585553773998,
732,Antique Finished And Studded 22KT Gold Haaram,https://www.bhimagold.com/products/antique-finished-and-studded-22kt-gold-haaram-ngo-chfc-afr-s-l-ox-25194998,1185028.74,1342187.0,0.8829088197099212,
733,Antique Finished And Studded 22KT Gold Haaram,https://www.bhimagold.com/products/antique-finished-and-studded-22kt-gold-haaram-ngo-chfc-csp-s-l-p-25118386,730531.44,827576.0,0.8827363770819839,
734,Traditionally Crafted And Detailed 22KT Gold Haaram,https://www.bhimagold.com/products/traditionally-crafted-and-detailed-22kt-gold-haaram-ngo-chfc-csp-s-l-p-26107792,645608.55,731449.0,0.8826432875019312,
735,Studded And Detailed 22KT Gold Bangles For Women,https://www.bhimagold.com/products/studded-and-detailed-22kt-gold-bangles-for-women-ngo-bgbb-p-p-74584,217241.37,246178.0,0.8824564745834315,
736,Traditionally Crafted And Detailed 22KT Gold Haaram,https://www.bhimagold.com/products/traditionally-crafted-and-detailed-22kt-gold-haaram-ngo-chfc-csp-s-l-p-2542840,787795.32,892797.0,0.8823901962036163,
737,Studded & Detailed 22KT Gold Necklace For Women,https://www.bhimagold.com/products/studded-&-detailed-22kt-gold-necklace-for-women-ngo-chnc-p-s-68469,412661.31,467897.0,0.8819490400665103,
738,Classic Finely Detailed And Crafted 22KT Gold Bracelet For Kids,https://www.bhimagold.com/products/classic-finely-detailed-and-crafted-22kt-gold-bracelet-for-kids-ngo-bgbr-p-p-81087,58653.78,66510.0,0.8818791159224176,
739,Classic Finely Detailed And Crafted 22KT Gold Bracelet For Kids,https://www.bhimagold.com/products/classic-finely-detailed-and-crafted-22kt-gold-bracelet-for-kids-ngo-bgbr-p-p-79893,56985.9,64619.0,0.881875299834414,
740,Classic Finely Detailed And Crafted 22KT Gold Bracelet For Kids,https://www.bhimagold.com/products/classic-finely-detailed-and-crafted-22kt-gold-bracelet-for-kids-ngo-bgbr-p-p-79680,58097.82,65880.0,0.8818734061930783,
741,Classic Finely Detailed And Crafted 22KT Gold Bangles For Women,https://www.bhimagold.com/products/classic-finely-detailed-and-crafted-22kt-gold-bangles-for-women-ngo-bgle-r-p-73565,98543.91,111744.0,0.8818720468213058,
742,Classic Finely Detailed And Crafted 22KT Gold Bracelet For Kids,https://www.bhimagold.com/products/classic-finely-detailed-and-crafted-22kt-gold-bracelet-for-kids-ngo-bgbr-p-77299,63101.46,71554.0,0.8818718729910278,
743,Classic Finely Detailed And Crafted 22KT Gold Bracelet For Kids,https://www.bhimagold.com/products/classic-finely-detailed-and-crafted-22kt-gold-bracelet-for-kids-ngo-bgbr-p-p-81079,83671.98,94880.0,0.8818716273187184,
744,Classic Finely Detailed And Crafted 22KT Gold Bracelet For Men,https://www.bhimagold.com/products/classic-finely-detailed-and-crafted-22kt-gold-bracelet-for-men-ngo-bgbr-p-p-79710,59209.74,67141.0,0.8818715836821018,
745,Classic Finely Detailed And Crafted 22KT Gold Bracelet For Kids,https://www.bhimagold.com/products/classic-finely-detailed-and-crafted-22kt-gold-bracelet-for-kids-ngo-bgbr-p-p-78467,86173.8,97717.0,0.881871117615154,
746,Classic Finely Detailed And Crafted 22KT Gold Bracelet For Kids,https://www.bhimagold.com/products/classic-finely-detailed-and-crafted-22kt-gold-bracelet-for-kids-ngo-bgbr-p-p-79657,58931.76,66826.0,0.881868733726394,
747,Traditionally Crafted And Detailed 22KT Gold Necklace,https://www.bhimagold.com/products/traditionally-crafted-and-detailed-22kt-gold-necklace-ngo-chnc-p-s-62984,423919.5,481037.0,0.881261732465486,
748,Classic Finely Detailed And Crafted 22KT Gold Ring For Men,https://www.bhimagold.com/products/classic-finely-detailed-and-crafted-22kt-gold-ring-for-men-ngo-rgrg-p-p-81632,50175.39,56975.0,0.8806562527424309,
749,Classic Finely Detailed And Crafted 22KT Gold Ring For Men,https://www.bhimagold.com/products/classic-finely-detailed-and-crafted-22kt-gold-ring-for-men-ngo-rgrg-p-p-78164,51009.33,57922.0,0.8806555367563275,
750,Classic Finely Detailed And Crafted 22KT Gold Baby Bangles,https://www.bhimagold.com/products/classic-finely-detailed-and-crafted-22kt-gold-baby-bangles-ngo-bgbl-p-p-72684,68800.05,78124.0,0.880651912344478,
751,Classic Finely Detailed And Crafted 22KT Gold Baby Bangles,https://www.bhimagold.com/products/classic-finely-detailed-and-crafted-22kt-gold-baby-bangles-ngo-bgbl-p-p-78491,56985.9,64709.0,0.8806487505602003,
752,Classic Finely Detailed And Crafted 22KT Gold Ring For Men,https://www.bhimagold.com/products/classic-finely-detailed-and-crafted-22kt-gold-ring-for-men-ngo-rgrg-p-p-77061,53789.13,61079.0,0.8806485043959462,
753,Classic Finely Detailed And Crafted 22KT Gold Baby Bangles,https://www.bhimagold.com/products/classic-finely-detailed-and-crafted-22kt-gold-baby-bangles-ngo-bgbl-p-p-73257,61016.61,69286.0,0.8806484715526947,
754,Classic Finely Detailed And Crafted 22KT Gold Baby Bangles,https://www.bhimagold.com/products/classic-finely-detailed-and-crafted-22kt-gold-baby-bangles-ngo-bgbl-p-p-73149,60321.66,68497.0,0.8806467436530068,
755,Classic Finely Detailed And Crafted 22KT Gold Baby Bangles,https://www.bhimagold.com/products/classic-finely-detailed-and-crafted-22kt-gold-baby-bangles-ngo-bgbl-p-p-79295,82143.09,93276.0,0.8806455036665379,
756,Classic Finely Detailed And Crafted 22KT Gold Baby Bangles,https://www.bhimagold.com/products/classic-finely-detailed-and-crafted-22kt-gold-baby-bangles-ngo-bgbl-p-p-73283,58792.77,66761.0,0.8806454367070594,
757,Classic Finely Detailed And Crafted 22KT Gold Bangles For Women,https://www.bhimagold.com/products/classic-finely-detailed-and-crafted-22kt-gold-bangles-for-women-ngo-bgbl-p-p-80782,55596.0,63131.0,0.8806450079992397,
758,Classic Finely Detailed And Crafted 22KT Gold Kada For Kids,https://www.bhimagold.com/products/classic-finely-detailed-and-crafted-22kt-gold-kada-for-kids-ngo-bgbl-p-p-81232,54762.06,62235.0,0.8799238370691732,
759,Classic Finely Detailed And Crafted 22KT Gold Baby Bangles,https://www.bhimagold.com/products/classic-finely-detailed-and-crafted-22kt-gold-baby-bangles-ngo-bgbl-p-p-77466,68661.06,78031.0,0.8799202880906306,
760,Classic Finely Detailed And Crafted 22KT Gold Baby Bangles,https://www.bhimagold.com/products/classic-finely-detailed-and-crafted-22kt-gold-baby-bangles-ngo-bgbl-p-p-77311,72413.79,82296.0,0.8799187080781569,
761,Classic Finely Detailed And Crafted 22KT Gold Baby Bangles,https://www.bhimagold.com/products/classic-finely-detailed-and-crafted-22kt-gold-baby-bangles-ngo-bgbl-p-p-78182,82421.07,93669.0,0.8799183294366333,
762,Traditionally Crafted And Detailed 22KT Gold Punjabi Kada For Kids,https://www.bhimagold.com/products/traditionally-crafted-and-detailed-22kt-gold-punjabi-kada-for-kids-ngo-bgbl-p-p-77506,76166.52,86561.0,0.8799172837652061,
763,Classic Finely Detailed And Crafted 22KT Gold Baby Bangles,https://www.bhimagold.com/products/classic-finely-detailed-and-crafted-22kt-gold-baby-bangles-ngo-bgbl-p-p-78704,70606.92,80243.0,0.8799137619480827,
764,Classic Finely Detailed And Crafted 22KT Gold Matty For Women,https://www.bhimagold.com/products/classic-finely-detailed-and-crafted-22kt-gold-matty-for-women-ngo-chmt-p-p-78359,77695.41,88347.0,0.8794346157764271,
765,Classic Finely Detailed And Crafted 22KT Gold Matty For Women,https://www.bhimagold.com/products/classic-finely-detailed-and-crafted-22kt-gold-matty-for-women-ngo-chmt-p-p-78899,74498.64,84712.0,0.8794343186325432,
766,Classic Finely Detailed And Crafted 22KT Gold Matty For Women,https://www.bhimagold.com/products/classic-finely-detailed-and-crafted-22kt-gold-matty-for-women-ngo-chmt-p-p-78319,98265.93,111738.0,0.8794316168179133,
767,Classic Finely Detailed And Crafted 22KT Gold Matty For Women,https://www.bhimagold.com/products/classic-finely-detailed-and-crafted-22kt-gold-matty-for-women-ngo-chmt-p-p-78679,94096.23,106997.0,0.8794286755703431,
768,Classic Finely Detailed And Crafted 22KT Gold Bangles For Women,https://www.bhimagold.com/products/classic-finely-detailed-and-crafted-22kt-gold-bangles-for-women-ngo-bgle-r-p-80931,94096.23,106997.0,0.8794286755703431,
769,Classic Finely Detailed And Crafted 22KT Gold Matty For Women,https://www.bhimagold.com/products/classic-finely-detailed-and-crafted-22kt-gold-matty-for-women-ngo-chmt-p-p-81590,63240.45,71911.0,0.8794266523897595,
770,Classic Finely Detailed And Crafted 22KT Gold Matty For Women,https://www.bhimagold.com/products/classic-finely-detailed-and-crafted-22kt-gold-matty-for-women-ngo-chmt-p-p-79272,81170.16,92299.0,0.8794262126350232,
771,Studded And Detailed 22KT Gold Haaram For Women,https://www.bhimagold.com/products/studded-and-detailed-22kt-gold-haaram-for-women-ngo-chfc-adb-s-l-na-25822277,943742.1,1073898.0,0.8788005006062029,
772,Antique Finished And Studded 22KT Gold Haaram For Women,https://www.bhimagold.com/products/antique-finished-and-studded-22kt-gold-haaram-for-women-ngo-chfc-g-s-75927,1015043.97,1155457.0,0.878478359644712,
773,Studded And Detailed 22KT Gold Haaram For Women,https://www.bhimagold.com/products/studded-and-detailed-22kt-gold-haaram-for-women-ngo-chfc-p-s-64971,498001.17,566960.0,0.8783709080005644,
774,Traditionally Crafted And Detailed 22KT Gold Haaram For Women,https://www.bhimagold.com/products/traditionally-crafted-and-detailed-22kt-gold-haaram-for-women-ngo-chfc-p-s-75597,820457.97,934090.0,0.8783500198053721,
775,Studded And Detailed 22KT Gold Haaram For Women,https://www.bhimagold.com/products/studded-and-detailed-22kt-gold-haaram-for-women-ngo-chfc-p-s-77483,477569.64,543766.0,0.8782631499578863,
776,Studded And Detailed 22KT Gold Bangles For Women,https://www.bhimagold.com/products/studded-and-detailed-22kt-gold-bangles-for-women-ngo-bgbb-p-s-76622,385141.29,438536.0,0.8782432685115931,
777,Studded And Detailed 22KT Gold Necklace For Women,https://www.bhimagold.com/products/studded-and-detailed-22kt-gold-necklace-for-women-ngo-chnc-tws-s-l-p-24777995,449632.65,512031.0,0.8781356011647733,
778,Classic Finely Detailed And Crafted 22KT Gold Drops For Women,https://www.bhimagold.com/products/classic-finely-detailed-and-crafted-22kt-gold-drops-for-women-ngo-stdr-g-s-71701,127453.83,145144.0,0.8781198671664002,
779,Traditionally Crafted And Detailed 22KT Gold Haaram For Women,https://www.bhimagold.com/products/traditionally-crafted-and-detailed-22kt-gold-haaram-for-women-ngo-chfc-p-s-74609,747627.21,851451.0,0.8780625191584718,
780,Studded And Detailed 22KT Gold Necklace For Women,https://www.bhimagold.com/products/studded-and-detailed-22kt-gold-necklace-for-women-ngo-chnc-adb-s-l-p-25115082,550400.4,626853.0,0.8780374346138569,
781,Studded & Detailed 22KT Gold Bracelet For Women,https://www.bhimagold.com/products/studded-&-detailed-22kt-gold-bracelet-for-women-ngo-bgbr-p-s-81395,104242.5,118732.0,0.8779646599063436,
782,Studded And Detailed 22KT Gold Choker For Women,https://www.bhimagold.com/products/studded-and-detailed-22kt-gold-choker-for-women-ngo-chkr-adsc-s-l-p-25152346,1072029.87,1221082.0,0.8779343811472121,
783,Traditionally Crafted And Detailed 22KT Gold Haaram For Women,https://www.bhimagold.com/products/traditionally-crafted-and-detailed-22kt-gold-haaram-for-women-ngo-chfc-p-s-75644,785432.49,894645.0,0.8779264289187331,
784,Matte Finished And Studded 22KT Gold Fancy Chain,https://www.bhimagold.com/products/matte-finished-and-studded-22kt-gold-fancy-chain-ngo-chfc-adb-s-l-p-2535335,1093990.29,1246180.0,0.8778750180551766,
785,Classic Matte Finished And Studded 22KT Gold Haaram For Women,https://www.bhimagold.com/products/classic-matte-finished-and-studded-22kt-gold-haaram-for-women-ngo-chfc-adb-s-l-p-2548030,1245489.39,1418789.0,0.8778538528280103,
786,Traditionally Crafted And Detailed 22KT Gold Haaram For Women,https://www.bhimagold.com/products/traditionally-crafted-and-detailed-22kt-gold-haaram-for-women-ngo-chfc-p-s-76083,574723.65,654696.0,0.8778481157667071,
787,Traditionally Crafted And Detailed 22KT Gold Haaram For Women,https://www.bhimagold.com/products/traditionally-crafted-and-detailed-22kt-gold-haaram-for-women-ngo-chfc-p-s-74578,779594.91,888077.0,0.8778460764100411,
788,Classic Black Beaded And Detailed 22KT Gold Mangalsutra,https://www.bhimagold.com/products/classic-black-beaded-and-detailed-22kt-gold-mangalsutra-ngo-chms-bb-s-l-p-2541104,349698.84,398383.0,0.8777955886671872,
789,Traditionally Crafted And Detailed 22KT Gold Haaram,https://www.bhimagold.com/products/traditionally-crafted-and-detailed-22kt-gold-haaram-ngo-chfc-adb-s-l-p-24797022,1209629.97,1378045.0,0.8777869880881974,
790,Traditionally Crafted And Detailed 22KT Gold Haaram,https://www.bhimagold.com/products/traditionally-crafted-and-detailed-22kt-gold-haaram-ngo-chfc-adb-s-l-p-2548041,1195452.99,1361955.0,0.8777477890238664,
791,Antique Finished And Studded 22KT Gold Bangles For Women,https://www.bhimagold.com/products/antique-finished-and-studded-22kt-gold-bangles-for-women-ngo-bgbb-g-s-74619,165676.08,188755.0,0.8777308150777462,
792,Traditionally Crafted And Detailed 22KT Gold Haaram,https://www.bhimagold.com/products/traditionally-crafted-and-detailed-22kt-gold-haaram-ngo-chfc-adb-s-l-p-25364819,826434.54,941573.0,0.87771690564619,
793,Studded And Detailed 22KT Gold Necklace For Women,https://www.bhimagold.com/products/studded-and-detailed-22kt-gold-necklace-for-women-ngo-chnc-adb-s-l-p-2548006,747210.24,851316.0,0.8777119659444906,
794,Divinely Detailed & Antique Finished 22KT Gold Radha Krishna Choker For Women,https://www.bhimagold.com/products/divinely-detailed-&-antique-finished-22kt-gold-radha-krishna-choker-for-women-ngo-chkr-p-s-67248,901767.12,1027429.0,0.8776928819412338,
795,Antique Finished And Studded 22KT Gold Drops For Women,https://www.bhimagold.com/products/antique-finished-and-studded-22kt-gold-drops-for-women-ngo-stdr-g-s-79059,133013.43,151550.0,0.8776867700428901,
796,Studded And Detailed 22KT Gold Haaram For Women,https://www.bhimagold.com/products/studded-and-detailed-22kt-gold-haaram-for-women-ngo-chfc-adb-s-l-p-25881780,788907.24,898865.0,0.8776704399437067,
797,Studded And Detailed 22KT Gold Bangles For Women,https://www.bhimagold.com/products/studded-and-detailed-22kt-gold-bangles-for-women-ngo-bgbb-s-77535,199728.63,227578.0,0.8776271432212253,
798,Traditionally Crafted And Detailed 22KT Gold Haaram,https://www.bhimagold.com/products/traditionally-crafted-and-detailed-22kt-gold-haaram-ngo-chfc-p-s-63402,472566.0,538491.0,0.8775745555636028,
799,Studded & Detailed 22KT Gold Haaram Necklace For Women,https://www.bhimagold.com/products/studded-&-detailed-22kt-gold-haaram-necklace-for-women-ngo-chfc-p-s-67832,987523.95,1125348.0,0.8775276181234605,
800,Antique Finished And Studded 22KT Gold Drops For Women,https://www.bhimagold.com/products/antique-finished-and-studded-22kt-gold-drops-for-women-ngo-stdr-g-s-79164,135654.24,154595.0,0.8774814191920824,
801,Classic Finely Detailed And Crafted 22KT Gold Drops,https://www.bhimagold.com/products/classic-finely-detailed-and-crafted-22kt-gold-drops-ngo-stdr-rjpm-p-l-p-24637870,115778.67,131947.0,0.8774634512342077,
802,Classic Finely Detailed And Crafted 22KT Gold Bracelet For Women,https://www.bhimagold.com/products/classic-finely-detailed-and-crafted-22kt-gold-bracelet-for-women-ngo-bgbr-p-p-81161,104520.48,119117.0,0.8774606479343838,
803,Finely Detailed 22KT Gold Haaram,https://www.bhimagold.com/products/finely-detailed-22kt-gold-haaram-ngo-chfc-adb-s-l-na-25735702,911635.41,1038978.0,0.8774347580025756,
804,Antique Finished And Studded 22KT Gold Haaram,https://www.bhimagold.com/products/antique-finished-and-studded-22kt-gold-haaram-ngo-chfc-p-s-62935,957085.14,1090801.0,0.8774149822011531,
805,Studded And Detailed 22KT Gold Necklace For Women,https://www.bhimagold.com/products/studded-and-detailed-22kt-gold-necklace-for-women-ngo-chnc-p-s-75720,535250.49,610037.0,0.8774065999275453,
806,Traditionally Crafted And Detailed 22KT Gold Haaram,https://www.bhimagold.com/products/traditionally-crafted-and-detailed-22kt-gold-haaram-ngo-chfc-adb-s-l-p-24796977,1199483.7,1367147.0,0.8773626391309786,
807,Specially Crafted And Detailed 22KT Gold Choker For Women,https://www.bhimagold.com/products/specially-crafted-and-detailed-22kt-gold-choker-for-women-ngo-chkr-p-s-62218,834217.98,950854.0,0.8773355110248261,
808,Traditionally Crafted And Detailed 22KT Gold Haaram,https://www.bhimagold.com/products/traditionally-crafted-and-detailed-22kt-gold-haaram-ngo-chfc-psf-s-l-p-25337914,1428122.25,1627924.0,0.8772659227334937,
809,Traditionally Crafted And Detailed 22KT Gold Haaram For Women,https://www.bhimagold.com/products/traditionally-crafted-and-detailed-22kt-gold-haaram-ngo-chfc-p-s-59069,652280.07,743539.0,0.8772640977810174,
810,Classic Finely Detailed And Crafted 22KT Gold Necklace For Women,https://www.bhimagold.com/products/classic-finely-detailed-and-crafted-22kt-gold-necklace-for-women-ngo-chnc-p-s-75490,457416.09,521418.0,0.8772541224123448,
811,Divinely Detailed And Crafted 22KT Gold Sri Krishna Haaram For Women,https://www.bhimagold.com/products/divinely-detailed-and-crafted-22kt-gold-sri-krishna-haaram-for-women-ngo-chfc-p-s-71802,493553.49,562648.0,0.8771976262245667,
812,Studded & Detailed 22KT Gold Necklace For Women,https://www.bhimagold.com/products/studded-&-detailed-22kt-gold-necklace-for-women-ngo-chnc-p-s-67435,436428.6,497540.0,0.8771728906218595,
813,Matte Finished And Studded 22KT Gold Haaram,https://www.bhimagold.com/products/matte-finished-and-studded-22kt-gold-haaram-ngo-chfc-adb-s-l-p-24797048,1447441.86,1650122.0,0.8771726332962049,
814,Antique Finished And Studded 22KT Gold Haaram For Women,https://www.bhimagold.com/products/antique-finished-and-studded-22kt-gold-haaram-for-women-ngo-chfc-p-s-75438,721636.08,822700.0,0.8771558040598031,
815,Antique Finished And Studded 22KT Gold Haaram For Women,https://www.bhimagold.com/products/antique-finished-and-studded-22kt-gold-haaram-for-women-ngo-chfc-g-s-79024,382222.5,435757.0,0.8771459781483717,
816,Studded And Detailed 22KT Gold Choker For Women,https://www.bhimagold.com/products/studded-and-detailed-22kt-gold-choker-for-women-ngo-chkr-adsc-s-l-p-25140801,748461.15,853342.0,0.8770940021702904,
817,Studded And Detailed 22KT Gold Haaram,https://www.bhimagold.com/products/studded-and-detailed-22kt-gold-haaram-ngo-chfc-p-s-58966,464643.57,529789.0,0.8770351404049537,
818,Studded And Detailed 22KT Gold Necklace For Women,https://www.bhimagold.com/products/studded-and-detailed-22kt-gold-necklace-for-women-ngo-chnc-p-s-80074,477708.63,544686.0,0.8770348971701127,
819,Traditionally Crafted And Detailed 22KT Gold Haaram,https://www.bhimagold.com/products/traditionally-crafted-and-detailed-22kt-gold-haaram-ngo-chfc-p-s-63122,469925.19,535812.0,0.8770337170500101,
820,Traditionally Crafted And Detailed 22KT Gold Haaram,https://www.bhimagold.com/products/traditionally-crafted-and-detailed-22kt-gold-haaram-ngo-chfc-adb-s-l-na-2695927,775286.22,883989.0,0.8770315241479248,
821,Studded And Detailed 22KT Gold Haaram,https://www.bhimagold.com/products/studded-and-detailed-22kt-gold-haaram-ngo-chfc-adb-s-l-p-25223579,834634.95,951663.0,0.8770278449409087,
822,Antique Finished And Studded 22KT Gold Radha Krishna Haaram,https://www.bhimagold.com/products/antique-finished-and-studded-22kt-gold-radha-krishna-haaram-ngo-chfc-p-s-63341,785293.5,895414.0,0.8770172233179289,
823,Traditionally Crafted And Detailed 22KT Gold Haaram For Women,https://www.bhimagold.com/products/traditionally-crafted-and-detailed-22kt-gold-haaram-for-women-ngo-chfc-p-s-65337,544979.79,621408.0,0.8770080044029044,
824,Classic Finely Detailed And Crafted 22KT Gold Bracelet,https://www.bhimagold.com/products/classic-finely-detailed-and-crafted-22kt-gold-bracelet-ngo-bgbr-p-p-81937,95347.14,108720.0,0.8769972406181016,
825,Matte Finished And Studded 22KT Gold Haaram,https://www.bhimagold.com/products/matte-finished-and-studded-22kt-gold-haaram-ngo-chfc-adb-s-l-p-25841530,852703.65,972314.0,0.8769838241555712,
826,Studded And Detailed 22KT Gold Fancy Chain,https://www.bhimagold.com/products/studded-and-detailed-22kt-gold-fancy-chain-ngo-chfc-adb-s-l-p-2549350,1305116.1,1488205.0,0.8769733336469102,
827,Matte Finished And Studded 22KT Gold Haaram,https://www.bhimagold.com/products/matte-finished-and-studded-22kt-gold-haaram-ngo-chfc-adb-s-l-p-24796940,1535144.55,1750527.0,0.876961366491348,
828,Studded And Detailed 22KT Gold Haaram For Women,https://www.bhimagold.com/products/studded-and-detailed-22kt-gold-haaram-for-women-ngo-chfc-adb-s-l-p-2539323,931649.97,1062363.0,0.876960106856131,
829,Studded And Detailed 22KT Gold Choker For Women,https://www.bhimagold.com/products/studded-and-detailed-22kt-gold-choker-for-women-ngo-chkr-adsc-s-l-p-25538,589734.57,672476.0,0.8769600253391941,
830,Traditionally Crafted And Detailed 22KT Gold Haaram,https://www.bhimagold.com/products/traditionally-crafted-and-detailed-22kt-gold-haaram-ngo-chfc-p-s-62357,692309.19,789448.0,0.8769535042206705,
831,Traditionally Crafted And Detailed 22KT Gold Haaram,https://www.bhimagold.com/products/traditionally-crafted-and-detailed-22kt-gold-haaram-ngo-chfc-p-s-63517,723442.95,824951.0,0.8769526311259699,
832,Studded And Detailed 22KT Gold Haaram For Women,https://www.bhimagold.com/products/studded-and-detailed-22kt-gold-haaram-for-women-ngo-chfc-adb-s-l-p-25143832,675908.37,770777.0,0.8769181877508021,
833,Studded And Detailed 22KT Gold Bangles For Women,https://www.bhimagold.com/products/studded-and-detailed-22kt-gold-bangles-for-women-ngo-bgbb-sw-s-l-p-25119657,286875.36,327147.0,0.8769004759328375,
834,Matte Finished And Studded 22KT Gold Haaram,https://www.bhimagold.com/products/matte-finished-and-studded-22kt-gold-haaram-ngo-chfc-adb-s-l-p-24796933,1506373.62,1717857.0,0.8768911614878305,
835,Traditionally Crafted And Detailed 22KT Gold Haaram,https://www.bhimagold.com/products/traditionally-crafted-and-detailed-22kt-gold-haaram-ngo-chfc-adb-s-l-p-25224899,641994.81,732128.0,0.8768887544254558,
836,Specially Crafted And Detailed 22KT Gold Necklace For Women,https://www.bhimagold.com/products/specially-crafted-and-detailed-22kt-gold-necklace-for-women-ngo-chkr-p-s-62029,854649.51,974651.0,0.8768774771687506,
837,Studded And Detailed 22KT Gold Choker For Women,https://www.bhimagold.com/products/studded-and-detailed-22kt-gold-choker-for-women-ngo-chkr-p-s-59282,602521.65,687125.0,0.8768734218664727,
838,Studded And Detailed 22KT Gold Necklace For Women,https://www.bhimagold.com/products/studded-and-detailed-22kt-gold-necklace-for-women-ngo-chnc-p-s-63569,486465.0,554786.0,0.8768516148568998,
839,Studded And Detailed 22KT Gold Choker For Women,https://www.bhimagold.com/products/studded-and-detailed-22kt-gold-choker-for-women-ngo-chkr-adsc-s-l-p-2547994,783903.6,894013.0,0.8768369140046062,
840,Antique Finished And Studded 22KT Gold Radha Krishna Haaram,https://www.bhimagold.com/products/antique-finished-and-studded-22kt-gold-radha-krishna-haaram-ngo-chfc-p-s-63714,937904.52,1069658.0,0.8768265370800761,
841,Studded And Detailed 22KT Gold Choker,https://www.bhimagold.com/products/studded-and-detailed-22kt-gold-choker-ngo-chkr-adsc-s-l-p-25276554,739982.76,843955.0,0.8768035736502539,
842,Studded And Detailed 22KT Gold Choker For Women,https://www.bhimagold.com/products/studded-and-detailed-22kt-gold-choker-for-women-ngo-chkr-adsc-s-l-p-24877634,795578.76,907376.0,0.8767906138138986,
843,Studded And Detailed 22KT Gold Necklace For Women,https://www.bhimagold.com/products/studded-and-detailed-22kt-gold-necklace-for-women-ngo-chnc-s-80072,392785.74,447994.0,0.8767656263253526,
844,Studded And Detailed 22KT Gold Necklace For Women,https://www.bhimagold.com/products/studded-and-detailed-22kt-gold-necklace-for-women-ngo-chnc-adb-s-l-p-25199675,485909.04,554210.0,0.8767597841973259,
845,Traditionally Crafted And Detailed 22KT Gold Haaram,https://www.bhimagold.com/products/traditionally-crafted-and-detailed-22kt-gold-haaram-ngo-chfc-p-s-59817,665345.13,758875.0,0.8767519420194366,
846,Traditionally Crafted And Detailed 22KT Gold Haaram For Women,https://www.bhimagold.com/products/traditionally-crafted-and-detailed-22kt-gold-haaram-for-women-ngo-chfc-p-s-76714,1197120.87,1365418.0,0.8767431438577784,
847,Studded And Detailed 22KT Gold Necklace For Women,https://www.bhimagold.com/products/studded-and-detailed-22kt-gold-necklace-for-women-ngo-chnc-adb-s-l-p-25223537,465616.5,531076.0,0.8767417469439402,
848,Studded And Detailed 22KT Gold Haaram For Women,https://www.bhimagold.com/products/studded-and-detailed-22kt-gold-haaram-for-women-ngo-chfc-p-s-75610,924839.46,1054868.0,0.8767347762942851,
849,Studded And Detailed 22KT Gold Haaram For Women,https://www.bhimagold.com/products/studded-and-detailed-22kt-gold-haaram-for-women-ngo-chfc-adb-s-l-p-25201615,658673.61,751317.0,0.8766920088324901,
850,Traditionally Crafted And Studded 22KT Gold Haaram,https://www.bhimagold.com/products/traditionally-crafted-and-studded-22kt-gold-haaram-ngo-chfc-p-s-57714,692031.21,789369.0,0.8766891149766458,
851,Studded And Detailed 22KT Gold Haaram For Women,https://www.bhimagold.com/products/studded-and-detailed-22kt-gold-haaram-for-women-ngo-chfc-p-s-64808,652558.05,744350.0,0.8766817357425942,
852,Studded And Detailed 22KT Gold Haaram For Women,https://www.bhimagold.com/products/studded-and-detailed-22kt-gold-haaram-for-women-ngo-chfc-adb-s-l-p-2535345,1082871.09,1235196.0,0.8766795634053219,
853,Traditionally Crafted And Detailed 22KT Gold Haaram,https://www.bhimagold.com/products/traditionally-crafted-and-detailed-22kt-gold-haaram-ngo-chfc-adb-s-l-p-25435839,924700.47,1054798.0,0.8766611901046456,
854,Traditionally Crafted And Studded 22KT Gold Haaram,https://www.bhimagold.com/products/traditionally-crafted-and-studded-22kt-gold-haaram-ngo-chfc-adb-s-l-na-25822278,881057.61,1005025.0,0.8766524315315539,
855,Studded And Detailed 22KT Gold Necklace For Women,https://www.bhimagold.com/products/studded-and-detailed-22kt-gold-necklace-for-women-ngo-chnc-adb-s-l-p-25858409,411410.4,469298.0,0.8766506569386616,
856,Studded And Detailed 22KT Gold Choker For Women,https://www.bhimagold.com/products/studded-and-detailed-22kt-gold-choker-for-women-ngo-chkr-adsc-s-l-p-253232,760692.27,867729.0,0.8766472827345865,
857,Traditionally Crafted And Detailed 22KT Gold Haaram,https://www.bhimagold.com/products/traditionally-crafted-and-detailed-22kt-gold-haaram-ngo-chfc-adb-s-l-p-25199686,1013098.11,1155654.0,0.8766448348727214,
858,Studded And Detailed 22KT Gold Choker For Women,https://www.bhimagold.com/products/studded-and-detailed-22kt-gold-choker-for-women-ngo-chkr-adsc-s-l-p-24855360,765834.9,873599.0,0.8766435172201433,
859,Studded & Detailed 22KT Gold Choker Necklace For Women,https://www.bhimagold.com/products/studded-&-detailed-22kt-gold-choker-necklace-for-women-ngo-chkr-p-s-65164,714269.61,814779.0,0.8766421446797229,
860,Traditionally Crafted And Detailed 22KT Gold Haaram,https://www.bhimagold.com/products/traditionally-crafted-and-detailed-22kt-gold-haaram-ngo-chfc-adb-s-l-p-2591943,688000.5,784815.0,0.8766403547332811,
861,Matte Finished And Detailed 22KT Gold Haaram,https://www.bhimagold.com/products/matte-finished-and-detailed-22kt-gold-haaram-ngo-chfc-adb-s-l-p-24797071,966119.49,1102072.0,0.8766391760247969,
862,Traditionally Crafted And Detailed 22KT Gold Haaram,https://www.bhimagold.com/products/traditionally-crafted-and-detailed-22kt-gold-haaram-ngo-chfc-adb-s-l-p-25152361,999616.08,1140292.0,0.8766316697828275,
863,Beautifully Crafted 22KT Gold Necklace For Women,https://www.bhimagold.com/products/beautifully-crafted-22kt-gold-necklace-ngo-chkr-p-s-57501,648944.31,740281.0,0.8766188920153294,
864,Studded And Detailed 22KT Gold Radha Krishna Choker For Women,https://www.bhimagold.com/products/studded-and-detailed-22kt-gold-radha-krishna-choker-for-women-ngo-chkr-p-s-71663,791826.03,903277.0,0.8766148479370116,
865,Studded And Detailed 22KT Gold Necklace For Women,https://www.bhimagold.com/products/studded-and-detailed-22kt-gold-necklace-for-women-ngo-chnc-adb-s-l-na-26135904,557349.9,635819.0,0.8765857893520012,
866,Traditionally Crafted And Detailed 22KT Gold Haaram For Women,https://www.bhimagold.com/products/traditionally-crafted-and-detailed-22kt-gold-haaram-for-women-ngo-chfc-p-s-74587,633238.44,722394.0,0.8765831942125765,
867,Studded And Detailed 22KT Gold Choker For Women,https://www.bhimagold.com/products/studded-and-detailed-22kt-gold-choker-for-women-ngo-chkr-p-s-59240,732616.29,835797.0,0.8765481211346775,
868,Traditionally Crafted And Detailed 22KT Gold Haaram,https://www.bhimagold.com/products/traditionally-crafted-and-detailed-22kt-gold-haaram-ngo-chfc-p-s-63726,640465.92,730672.0,0.8765436748636872,
869,Studded And Detailed 22KT Gold Haaram For Women,https://www.bhimagold.com/products/studded-and-detailed-22kt-gold-haaram-for-women-ngo-chfc-adb-s-l-p-2548003,1308729.84,1493063.0,0.8765402665527176,
870,Studded And Detailed 22KT Gold Drops For Women,https://www.bhimagold.com/products/studded-and-detailed-22kt-gold-drops-for-women-ngo-stdr-p-s-59919,310086.69,353764.0,0.8765354586673602,
871,Divinely Detailed And Antique Finished 22KT Gold Sri Krishna Necklace,https://www.bhimagold.com/products/divinely-detailed-and-antique-finished-22kt-gold-sri-krishna-necklace-ngo-chnc-p-s-63732,527467.05,601765.0,0.876533281264281,
872,Studded & Detailed 22KT Gold Necklace For Women,https://www.bhimagold.com/products/studded-&-detailed-22kt-gold-necklace-ngo-chfc-p-s-58361,518154.72,591142.0,0.8765317301088401,
873,Studded And Detailed 22KT Gold Necklace,https://www.bhimagold.com/products/studded-and-detailed-22kt-gold-necklace-ngo-chnc-adb-s-l-p-25137899,451439.52,515032.0,0.8765271284114385,
874,Traditionally Crafted And Detailed 22KT Gold Haaram,https://www.bhimagold.com/products/traditionally-crafted-and-detailed-22kt-gold-haaram-ngo-chfc-p-s-63456,1523469.39,1738081.0,0.8765238156334485,
875,Studded And Detailed 22KT Gold Choker For Women,https://www.bhimagold.com/products/studded-and-detailed-22kt-gold-choker-for-women-ngo-chkr-p-s-60754,616976.61,703891.0,0.8765229417622898,
876,Studded And Detailed 22KT Gold Necklace For Women,https://www.bhimagold.com/products/studded-and-detailed-22kt-gold-necklace-for-women-ngo-chnc-adb-s-l-p-25199596,536223.42,611762.0,0.8765229288514161,
877,Specially Crafted And Detailed Five In One 22KT Gold Necklace For Women,https://www.bhimagold.com/products/specially-crafted-and-detailed-five-in-one-22kt-gold-necklace-for-women-ngo-chfc-g-s-76471,1384062.42,1579058.0,0.8765114517642797,
878,Traditionally Crafted And Detailed 22KT Gold Haaram,https://www.bhimagold.com/products/traditionally-crafted-and-detailed-22kt-gold-haaram-ngo-chfc-p-s-60733,596962.05,681068.0,0.8765087333423389,
879,Matte Finished And Studded 22KT Gold Haaram,https://www.bhimagold.com/products/matte-finished-and-studded-22kt-gold-haaram-ngo-chfc-adb-s-l-p-2548033,1242848.58,1417984.0,0.8764898475582236,
880,Antique Finished And Studded 22KT Gold Radha Krishna Haaram,https://www.bhimagold.com/products/antique-finished-and-studded-22kt-gold-radha-krishna-haaram-ngo-chfc-p-s-64523,988079.91,1127319.0,0.8764865224483931,
881,Traditionally Crafted And Detailed 22KT Gold Haaram,https://www.bhimagold.com/products/traditionally-crafted-and-detailed-22kt-gold-haaram-ngo-chfc-adb-s-l-p-25224897,640187.94,730408.0,0.8764799125967951,
882,Studded And Detailed 22KT Gold Haaram,https://www.bhimagold.com/products/studded-and-detailed-22kt-gold-haaram-ngo-chfc-adb-s-l-p-24796916,1281765.78,1462427.0,0.8764647944820494,
883,Studded And Detailed 22KT Gold Choker For Women,https://www.bhimagold.com/products/studded-and-detailed-22kt-gold-choker-for-women-ngo-chkr-adsc-s-l-p-25140777,715659.51,816530.0,0.8764644409880837,
884,Traditionally Crafted And Detailed 22KT Gold Haaram,https://www.bhimagold.com/products/traditionally-crafted-and-detailed-22kt-gold-haaram-ngo-chfc-adb-s-l-na-25919390,718995.27,820345.0,0.876454747697615,
885,Traditionally Crafted And Detailed 22KT Gold Haaram,https://www.bhimagold.com/products/traditionally-crafted-and-detailed-22kt-gold-haaram-ngo-chfc-adb-s-l-p-2591805,509259.36,581054.0,0.8764406750491348,
886,Studded And Detailed 22KT Gold Choker For Women,https://www.bhimagold.com/products/studded-and-detailed-22kt-gold-choker-for-women-ngo-chkr-adsc-s-l-p-25276548,709126.98,809104.0,0.8764348958848306,
887,Studded And Detailed 22KT Gold Necklace For Women,https://www.bhimagold.com/products/studded-and-detailed-22kt-gold-necklace-for-women-ngo-chnc-p-s-75668,471037.11,537458.0,0.8764165944129587,
888,Traditionally Crafted And Detailed 22KT Gold Haaram For Women,https://www.bhimagold.com/products/traditionally-crafted-and-detailed-22kt-gold-haaram-for-women-ngo-chfc-p-s-66671,658534.62,751395.0,0.8764160261912842,
889,Traditionally Crafted And Detailed 22KT Gold Haaram,https://www.bhimagold.com/products/traditionally-crafted-and-detailed-22kt-gold-haaram-ngo-chfc-adb-s-l-p-2591856,651168.15,742996.0,0.8764086886066682,
890,Studded And Detailed 22KT Gold Haaram For Women,https://www.bhimagold.com/products/studded-and-detailed-22kt-gold-haaram-for-women-ngo-chfc-p-s-65645,721080.12,822788.0,0.8763862866254734,
891,Traditionally Crafted And Detailed 22KT Gold Haaram,https://www.bhimagold.com/products/traditionally-crafted-and-detailed-22kt-gold-haaram-ngo-chfc-adb-s-l-p-25199695,1033390.65,1179180.0,0.8763637866992317,
892,Studded And Detailed 22KT Gold Choker For Women,https://www.bhimagold.com/products/studded-and-detailed-22kt-gold-choker-for-women-ngo-chkr-p-s-74838,669792.81,764305.0,0.8763423109884144,
893,Classic Finely Detailed And Crafted 22KT Gold Necklace For Women,https://www.bhimagold.com/products/classic-finely-detailed-and-crafted-22kt-gold-necklace-for-women-ngo-chnc-p-s-75427,457694.07,522280.0,0.8763384965918665,
894,Traditionally Crafted And Detailed 22KT Gold Haaram,https://www.bhimagold.com/products/traditionally-crafted-and-detailed-22kt-gold-haaram-ngo-chfc-adb-s-l-p-25134665,739426.8,843781.0,0.8763254920411814,
895,Studded And Detailed 22KT Gold Choker,https://www.bhimagold.com/products/studded-and-detailed-22kt-gold-choker-ngo-chkr-adsc-s-l-p-25122898,670626.75,765274.0,0.8763224021722938,
896,Studded And Detailed 22KT Gold Fancy Chain,https://www.bhimagold.com/products/studded-and-detailed-22kt-gold-fancy-chain-ngo-chfc-adb-s-l-p-2549294,1068277.14,1219084.0,0.8762949394791498,
897,Matte Finished And Studded 22KT Gold Choker,https://www.bhimagold.com/products/matte-finished-and-studded-22kt-gold-choker-ngo-chkr-adsc-s-l-p-24877612,779455.92,889495.0,0.8762903894906661,
898,Traditionally Crafted And Detailed 22KT Gold Radha Krishna Necklace,https://www.bhimagold.com/products/traditionally-crafted-and-detailed-22kt-gold-radha-krishna-necklace-ngo-chnc-p-s-63547,851174.76,971363.0,0.8762684598857482,
899,Studded And Detailed 22KT Gold Choker For Women,https://www.bhimagold.com/products/studded-and-detailed-22kt-gold-choker-for-women-ngo-chkr-adsc-s-l-p-25140775,751657.92,857807.0,0.8762552881941976,
900,Studded And Detailed 22KT Gold Haaram,https://www.bhimagold.com/products/studded-and-detailed-22kt-gold-haaram-ngo-chfc-adb-s-l-p-25278452,958892.01,1094329.0,0.8762374112355608,
901,Studded And Detailed 22KT Gold Choker For Women,https://www.bhimagold.com/products/studded-and-detailed-22kt-gold-choker-for-women-ngo-chkr-adsc-s-l-p-2596541,637547.13,727610.0,0.8762209562815244,
902,Studded And Detailed 22KT Gold Necklace For Women,https://www.bhimagold.com/products/studded-and-detailed-22kt-gold-necklace-for-women-ngo-chnc-ox-s-82051,405572.82,462868.0,0.8762170208353137,
903,Studded & Detailed 22KT Gold Choker Necklace For Women,https://www.bhimagold.com/products/studded-&-detailed-22kt-gold-choker-necklace-for-women-ngo-chkr-p-s-59980,826295.55,943068.0,0.8761781228925168,
904,Traditionally Crafted And Detailed 22KT Gold 5 In 1 Haaram For Women,https://www.bhimagold.com/products/traditionally-crafted-and-detailed-22kt-gold-5-in-1-haaram-for-women-ngo-chfc-g-s-74244,1217274.42,1389316.0,0.8761681431726115,
905,Studded And Detailed 22KT Gold Haaram For Women,https://www.bhimagold.com/products/studded-and-detailed-22kt-gold-haaram-for-women-ngo-chfc-p-s-74615,551234.34,629151.0,0.8761558671924545,
906,Antique Finished And Studded 22KT Gold Haaram,https://www.bhimagold.com/products/antique-finished-and-studded-22kt-gold-haaram-ngo-chfc-psf-s-l-p-25312539,1259110.41,1437100.0,0.8761466912532182,
907,Traditionally Crafted And Detailed 22KT Gold Haaram,https://www.bhimagold.com/products/traditionally-crafted-and-detailed-22kt-gold-haaram-ngo-chfc-adb-s-l-p-25127939,773201.37,882529.0,0.8761200708418647,
908,Traditionally Crafted And Detailed 22KT Gold Haaram,https://www.bhimagold.com/products/traditionally-crafted-and-detailed-22kt-gold-haaram-ngo-chfc-adb-s-l-p-2514242,729836.49,833037.0,0.8761153346129884,
909,Traditionally Crafted And Detailed 22KT Gold Haaram,https://www.bhimagold.com/products/traditionally-crafted-and-detailed-22kt-gold-haaram-ngo-chfc-adb-s-l-p-25224849,635879.25,725795.0,0.8761141231339428,
910,Studded And Detailed 22KT Gold Necklace,https://www.bhimagold.com/products/studded-and-detailed-22kt-gold-necklace-ngo-chnc-adb-s-l-p-25152320,503143.8,574314.0,0.8760778946708595,
911,Studded And Detailed 22KT Gold Necklace For Women,https://www.bhimagold.com/products/studded-and-detailed-22kt-gold-necklace-for-women-ngo-chnc-adb-s-l-p-25224870,439069.41,501177.0,0.8760765358346452,
912,Studded And Detailed 22KT Gold Necklace For Women,https://www.bhimagold.com/products/studded-and-detailed-22kt-gold-necklace-for-women-ngo-chnc-adb-s-l-p-25224851,417664.95,476768.0,0.8760339410363112,
913,Traditionally Crafted And Detailed 22KT Gold Radha Krishna Haaram For Women,https://www.bhimagold.com/products/traditionally-crafted-and-detailed-22kt-gold-radha-krishna-haaram-for-women-ngo-chfc-p-s-74813,841167.48,960206.0,0.8760281439607751,
914,Matte Finished And Studded 22KT Gold Haaram,https://www.bhimagold.com/products/matte-finished-and-studded-22kt-gold-haaram-ngo-chfc-adb-s-l-na-25657050,941379.27,1074604.0,0.8760243494347686,
915,Antique Finished And Studded 22KT Gold Haaram For Women,https://www.bhimagold.com/products/antique-finished-and-studded-22kt-gold-haaram-for-women-ngo-chfc-p-s-73714,1403937.99,1602650.0,0.876010351605154,
916,Traditionally Crafted And Detailed 22KT Gold 10 In 1 Haaram For Women,https://www.bhimagold.com/products/traditionally-crafted-and-detailed-22kt-gold-10-in-1-haaram-for-women-ngo-chfc-s-71186,1409080.62,1608535.0,0.8760024618674758,
917,Antique Finished And Studded 22KT Gold Haaram For Women,https://www.bhimagold.com/products/antique-finished-and-studded-22kt-gold-haaram-for-women-ngo-chfc-g-s-66201,423780.51,483770.0,0.8759958451330178,
918,Antique Finished And Studded 22KT Gold Choker For Women,https://www.bhimagold.com/products/antique-finished-and-studded-22kt-gold-choker-for-women-ngo-chkr-p-s-68933,885783.27,1011178.0,0.8759914377092857,
919,Studded And Detailed 22KT Gold Choker For Women,https://www.bhimagold.com/products/studded-and-detailed-22kt-gold-choker-for-women-ngo-chkr-adsc-s-l-p-2510217,806697.96,920905.0,0.8759839071348293,
920,Matte Finished And Studded 22KT Gold Haaram,https://www.bhimagold.com/products/matte-finished-and-studded-22kt-gold-haaram-ngo-chfc-adb-s-l-p-24796972,942213.21,1075625.0,0.8759681208599651,
921,Studded And Detailed 22KT Gold Fancy Chain,https://www.bhimagold.com/products/studded-and-detailed-22kt-gold-fancy-chain-ngo-chfc-adb-s-l-p-2535395,1190449.35,1359013.0,0.8759661239443627,
922,Studded And Detailed 22KT Gold Necklace For Women,https://www.bhimagold.com/products/studded-and-detailed-22kt-gold-necklace-for-women-ngo-chnc-adb-s-l-p-2591938,463253.67,528851.0,0.8759625489977327,
923,Studded And Detailed 22KT Gold Choker For Women,https://www.bhimagold.com/products/studded-and-detailed-22kt-gold-choker-for-women-ngo-chkr-adsc-s-l-p-25123391,605857.41,691655.0,0.8759531992105891,
924,Studded And Detailed 22KT Gold Haaram For Women,https://www.bhimagold.com/products/studded-and-detailed-22kt-gold-haaram-for-women-ngo-chfc-adb-s-l-p-2591797,742623.57,847809.0,0.8759326334115348,
925,Antique Finished And Studded 22KT Gold Haaram For Women,https://www.bhimagold.com/products/antique-finished-and-studded-22kt-gold-haaram-for-women-ngo-chfc-p-s-73364,884671.35,1010001.0,0.8759113604838015,
926,Antique Finished And Studded 22KT Gold Haaram For Women,https://www.bhimagold.com/products/antique-finished-and-studded-22kt-gold-haaram-for-women-ngo-chfc-p-s-69991,1303448.22,1488106.0,0.8759108692525935,
927,Traditionally Crafted And Detailed 22KT Gold Haaram,https://www.bhimagold.com/products/traditionally-crafted-and-detailed-22kt-gold-haaram-ngo-chfc-p-s-59823,1035475.5,1182215.0,0.8758774842139543,
928,Antique Finished And Studded 22KT Gold Necklace For Women,https://www.bhimagold.com/products/antique-finished-and-studded-22kt-gold-necklace-for-women-ngo-chnc-p-s-73667,672294.63,767568.0,0.8758763132386967,
929,Studded & Detailed 22KT Gold Lakshmi Devi Choker For Women,https://www.bhimagold.com/products/studded-&-detailed-22kt-gold-lakshmi-devi-choker-for-women-ngo-chkr-p-s-67775,730392.45,833906.0,0.8758690427937921,
930,Studded And Detailed 22KT Gold Drops For Women,https://www.bhimagold.com/products/studded-and-detailed-22kt-gold-drops-for-women-ngo-stdr-p-s-60853,172903.56,197409.0,0.8758646262328466,
931,Studded And Detailed 22KT Gold Haaram For Women,https://www.bhimagold.com/products/studded-and-detailed-22kt-gold-haaram-for-women-ngo-chfc-adb-s-l-p-25732178,1230617.46,1405065.0,0.8758437937034941,
932,Studded And Detailed 22KT Gold Haaram For Women,https://www.bhimagold.com/products/studded-and-detailed-22kt-gold-haaram-for-women-ngo-chfc-adb-s-l-p-24797062,1558633.86,1779590.0,0.8758387381363123,
933,Studded And Detailed 22KT Gold Necklace For Women,https://www.bhimagold.com/products/studded-and-detailed-22kt-gold-necklace-for-women-ngo-chnc-adb-s-l-p-25199632,594460.23,678737.0,0.8758329514966768,
934,Studded & Detailed 22KT Gold Haaram For Women,https://www.bhimagold.com/products/studded-&-detailed-22kt-gold-haaram-for-women-ngo-chfc-p-s-68581,927758.25,1059291.0,0.8758294462994588,
935,Traditionally Crafted And Detailed 22KT Gold Haaram,https://www.bhimagold.com/products/traditionally-crafted-and-detailed-22kt-gold-haaram-ngo-chfc-adb-s-l-p-25199674,949718.67,1084368.0,0.8758269056261343,
936,Studded And Detailed 22KT Gold Choker For Women,https://www.bhimagold.com/products/studded-and-detailed-22kt-gold-choker-for-women-ngo-chkr-p-s-60291,738453.87,843159.0,0.8758180485531198,
937,Matte Finished & Studded 22KT Gold Necklace For Women,https://www.bhimagold.com/products/matte-finished-&-studded-22kt-gold-necklace-for-women-ngo-chkr-p-s-67557,586676.79,669863.0,0.8758160847815151,
938,Studded And Detailed 22KT Gold Choker For Women,https://www.bhimagold.com/products/studded-and-detailed-22kt-gold-choker-for-women-ngo-chkr-adsc-s-l-p-25199720,884949.33,1010436.0,0.8758093832761302,
939,Studded And Detailed 22KT Gold Necklace For Women,https://www.bhimagold.com/products/studded-and-detailed-22kt-gold-necklace-for-women-ngo-chnc-adb-s-l-p-25199688,522185.43,596236.0,0.8758032557577872,
940,Studded And Detailed 22KT Gold Choker For Women,https://www.bhimagold.com/products/studded-and-detailed-22kt-gold-choker-for-women-ngo-chkr-adsc-s-l-p-25276550,719968.2,822069.0,0.8758002065520047,
941,Classic Finely Detailed And Crafted 22KT Gold Ring For Men,https://www.bhimagold.com/products/classic-finely-detailed-and-crafted-22kt-gold-ring-for-men-ngo-rgrg-p-p-79688,64213.38,73320.0,0.8757962356792144,
942,Classic Finely Detailed And Crafted 22KT Gold Bangles For Kids,https://www.bhimagold.com/products/classic-finely-detailed-and-crafted-22kt-gold-bangles-for-kids-ngo-bgbl-p-p-81202,83532.99,95380.0,0.8757914657160831,
943,Classic Finely Detailed And Crafted 22KT Gold Ring For Men,https://www.bhimagold.com/products/classic-finely-detailed-and-crafted-22kt-gold-ring-for-men-ngo-rgrg-p-p-77386,70467.93,80462.0,0.8757914294946681,
944,Classic Finely Detailed And Crafted 22KT Gold Ring For Men,https://www.bhimagold.com/products/classic-finely-detailed-and-crafted-22kt-gold-ring-for-men-ngo-rgrg-p-p-77565,56012.97,63957.0,0.8757910783807871,
945,Classic Finely Detailed And Crafted 22KT Gold Ring For Men,https://www.bhimagold.com/products/classic-finely-detailed-and-crafted-22kt-gold-ring-for-men-ngo-rgrg-p-p-77437,91038.45,103950.0,0.8757907647907648,
946,Classic Finely Detailed And Crafted 22KT Gold Ring For Men,https://www.bhimagold.com/products/classic-finely-detailed-and-crafted-22kt-gold-ring-for-men-ngo-rgrg-p-p-79166,58375.8,66655.0,0.8757902632960769,
947,Classic Finely Detailed And Crafted 22KT Gold Ring For Men,https://www.bhimagold.com/products/classic-finely-detailed-and-crafted-22kt-gold-ring-for-men-ngo-rgrg-p-p-77408,76166.52,86969.0,0.8757893042348424,
948,Classic Finely Detailed And Crafted 22KT Gold Ring For Men,https://www.bhimagold.com/products/classic-finely-detailed-and-crafted-22kt-gold-ring-for-men-ngo-rgrg-p-p-77403,52816.2,60307.0,0.8757888802294924,
949,Casual Wear and Detailed 22KT Gold Ring For Men,https://www.bhimagold.com/products/casual-wear-and-detailed-22kt-gold-ring-for-men-ngo-rgrg-p-p-80890,56568.93,64592.0,0.8757884877384197,
950,Finely Detailed And Crafted 22KT Gold Ring For Men,https://www.bhimagold.com/products/finely-detailed-and-crafted-22kt-gold-ring-for-men-ngo-rgrg-p-p-80808,69217.02,79034.0,0.8757878887567376,
951,Classic Finely Detailed And Crafted 22KT Gold Ring,https://www.bhimagold.com/products/classic-finely-detailed-and-crafted-22kt-gold-ring-ngo-rgrg-ctre-p-g-p-2681493,58931.76,67290.0,0.8757877842175658,
952,Classic Finely Detailed And Crafted 22KT Gold Bracelet For Kids,https://www.bhimagold.com/products/classic-finely-detailed-and-crafted-22kt-gold-bracelet-for-kids-ngo-bgbr-p-p-81579,56151.96,64116.0,0.8757870110424855,
953,Classic Finely Detailed And Crafted 22KT Gold Bangles For Women,https://www.bhimagold.com/products/classic-finely-detailed-and-crafted-22kt-gold-bangles-for-women-ngo-bgbl-e-p-77485,62267.52,71099.0,0.8757861573299202,
954,Studded And Detailed 22KT Gold Necklace For Women,https://www.bhimagold.com/products/studded-and-detailed-22kt-gold-necklace-for-women-ngo-chnc-adb-s-l-p-25199536,513568.05,586414.0,0.8757772665727626,
955,Studded And Detailed 22KT Gold Choker For Women,https://www.bhimagold.com/products/studded-and-detailed-22kt-gold-choker-for-women-ngo-chkr-adsc-s-l-p-253234,734006.19,838140.0,0.8757560670055121,
956,Matte Finished And Studded 22KT Gold Haaram,https://www.bhimagold.com/products/matte-finished-and-studded-22kt-gold-haaram-ngo-chfc-adb-s-l-p-2535382,967092.42,1104301.0,0.8757507418720077,
957,Studded And Detailed 22KT Gold Necklace For Women,https://www.bhimagold.com/products/studded-and-detailed-22kt-gold-necklace-for-women-ngo-chnc-adb-s-l-p-2547902,674240.49,769915.0,0.875733671898846,
958,Antique Finished And Studded 22KT Gold Necklace For Women,https://www.bhimagold.com/products/antique-finished-and-studded-22kt-gold-necklace-for-women-ngo-chnc-p-s-72387,763611.06,871981.0,0.8757198379322486,
959,Traditionally Crafted And Detailed 22KT Gold Haaram,https://www.bhimagold.com/products/traditionally-crafted-and-detailed-22kt-gold-haaram-ngo-chfc-adb-s-l-p-25201613,827546.46,944991.0,0.8757188798623479,
960,Traditionally Crafted And Detailed 22KT Gold Haaram,https://www.bhimagold.com/products/traditionally-crafted-and-detailed-22kt-gold-haaram-ngo-chfc-adb-s-l-p-2548044,1217552.4,1390348.0,0.8757177339773926,
961,Traditionally Crafted And Detailed 22KT Gold Haaram,https://www.bhimagold.com/products/traditionally-crafted-and-detailed-22kt-gold-haaram-ngo-chfc-adb-s-l-p-25199678,1400602.23,1599386.0,0.8757124484020743,
962,Traditionally Crafted And Detailed 22KT Gold Haaram,https://www.bhimagold.com/products/traditionally-crafted-and-detailed-22kt-gold-haaram-ngo-chfc-adb-s-l-p-25937264,732755.28,836779.0,0.8756855513821451,
963,Studded And Detailed 22KT Gold Choker For Women,https://www.bhimagold.com/products/studded-and-detailed-22kt-gold-choker-for-women-ngo-chkr-adsc-s-l-p-25127824,783208.65,894407.0,0.8756736586363927,
964,Studded And Detailed 22KT Gold Necklace For Women,https://www.bhimagold.com/products/studded-and-detailed-22kt-gold-necklace-for-women-ngo-chnc-p-s-64985,592236.39,676326.0,0.8756670451823529,
965,Studded & Detailed 22KT Gold Radha Krishna Choker Necklace,https://www.bhimagold.com/products/studded-&-detailed-22kt-gold-radha-krishna-choker-necklace-ngo-chkr-p-s-68749,844781.22,964729.0,0.8756668660318079,
966,Studded And Detailed 22KT Gold Choker For Women,https://www.bhimagold.com/products/studded-and-detailed-22kt-gold-choker-for-women-ngo-chkr-p-s-69259,657839.67,751249.0,0.8756612920616201,
967,Finely Detailed And Crafted 22KT Gold Necklace For Women,https://www.bhimagold.com/products/finely-detailed-and-crafted-22kt-gold-necklace-for-women-ngo-chfc-p-s-76525,775008.24,885069.0,0.8756472546208262,
968,Studded And Detailed 22KT Gold Ring For Men,https://www.bhimagold.com/products/studded-and-detailed-22kt-gold-ring-for-men-ngo-rgrg-p-s-79675,106744.32,121904.0,0.8756424727654548,
969,Studded And Detailed 22KT Gold Necklace For Women,https://www.bhimagold.com/products/studded-and-detailed-22kt-gold-necklace-for-women-ngo-chnc-adb-s-l-p-25201677,509676.33,582064.0,0.8756362358778417,
970,Studded And Detailed 22KT Gold Haaram For Women,https://www.bhimagold.com/products/studded-and-detailed-22kt-gold-haaram-for-women-ngo-chfc-adb-s-l-p-2514310,751935.9,858767.0,0.8755994350039068,
971,Studded And Detailed 22KT Gold Choker For Women,https://www.bhimagold.com/products/studded-and-detailed-22kt-gold-choker-for-women-ngo-chkr-adsc-s-l-p-25123217,744708.42,850520.0,0.8755918967220054,
972,Studded And Detailed 22KT Gold Necklace,https://www.bhimagold.com/products/studded-and-detailed-22kt-gold-necklace-ngo-chnc-adb-s-l-p-25115087,492024.6,561954.0,0.8755602771757118,
973,Traditionally Crafted And Detailed 22KT Gold Haaram,https://www.bhimagold.com/products/traditionally-crafted-and-detailed-22kt-gold-haaram-ngo-chfc-adb-s-l-p-25223624,1004897.7,1147783.0,0.8755119216785751,
974,Traditionally Crafted And Detailed 22KT Gold Haaram,https://www.bhimagold.com/products/traditionally-crafted-and-detailed-22kt-gold-haaram-ngo-chfc-adb-s-l-p-25199683,1049652.48,1198929.0,0.8754917764104463,
975,Studded And Detailed 22KT Gold Haaram For Women,https://www.bhimagold.com/products/studded-and-detailed-22kt-gold-haaram-for-women-ngo-chfc-adb-s-l-p-2539326,898292.37,1026056.0,0.8754808412016498,
976,Traditionally Crafted And Detailed 22KT Gold Haaram,https://www.bhimagold.com/products/traditionally-crafted-and-detailed-22kt-gold-haaram-ngo-chfc-adb-s-l-p-25461226,848255.97,968903.0,0.8754807963232645,
977,Traditionally Crafted And Detailed 22KT Gold Haaram,https://www.bhimagold.com/products/traditionally-crafted-and-detailed-22kt-gold-haaram-ngo-chfc-adb-s-l-p-2514163,667429.98,762359.0,0.8754798985779665,
978,Specially Crafted 22KT gold fancy chain,https://www.bhimagold.com/products/specially-crafted-22kt-gold-fancy-chain-ngo-chfc-adb-s-l-p-2591867,663955.23,758401.0,0.8754672396265301,
979,Traditionally Crafted And Detailed 22KT Gold Haaram,https://www.bhimagold.com/products/traditionally-crafted-and-detailed-22kt-gold-haaram-ngo-chfc-p-s-63487,680495.04,777302.0,0.8754577242821967,
980,Studded And Detailed 22KT Gold Choker,https://www.bhimagold.com/products/studded-and-detailed-22kt-gold-choker-ngo-chkr-adsc-s-l-p-25140797,676881.3,773197.0,0.875431875705674,
981,Matte Finished And Studded 22KT Gold Haaram,https://www.bhimagold.com/products/matte-finished-and-studded-22kt-gold-haaram-ngo-chfc-adb-s-l-na-25819889,1088430.69,1243317.0,0.875424923812672,
982,Traditionally Crafted And Detailed 22KT Gold Haaram,https://www.bhimagold.com/products/traditionally-crafted-and-detailed-22kt-gold-haaram-ngo-chfc-adb-s-l-p-25224801,640882.89,732084.0,0.8754226154375727,
983,Studded And Detailed 22KT Gold Necklace,https://www.bhimagold.com/products/studded-and-detailed-22kt-gold-necklace-ngo-chnc-adb-s-l-p-2591909,509954.31,582524.0,0.8754219740302546,
984,Studded And Detailed 22KT Gold Bangles For Women,https://www.bhimagold.com/products/studded-and-detailed-22kt-gold-bangles-for-women-ngo-bgbb-bfb-s-l-p-24848456,199311.66,227679.0,0.8754064274702542,
985,Specially Crafted And Detailed 22KT Gold Necklace For Women,https://www.bhimagold.com/products/specially-crafted-and-detailed-22kt-gold-necklace-for-women-ngo-chfc-adb-s-l-p-258619,794327.85,907405.0,0.8753840346923369,
986,Studded And Detailed 22KT Gold Choker For Women,https://www.bhimagold.com/products/studded-and-detailed-22kt-gold-choker-for-women-ngo-chkr-adsc-s-l-p-2596550,820318.98,937104.0,0.8753766711058751,
987,Studded And Detailed 22KT Gold Haaram For Women,https://www.bhimagold.com/products/studded-and-detailed-22kt-gold-haaram-for-women-ngo-chfc-adb-s-l-na-25808895,928731.18,1060953.0,0.8753744793595947,
988,Traditionally Crafted And Detailed 22KT Gold Haaram For Women,https://www.bhimagold.com/products/traditionally-crafted-and-detailed-22kt-gold-haaram-for-women-ngo-chfc-p-s-74855,979184.55,1118622.0,0.8753489114285254,
989,Matte Finished And Studded 22KT Gold Haaram,https://www.bhimagold.com/products/matte-finished-and-studded-22kt-gold-haaram-ngo-chfc-adb-s-l-p-24797010,1143331.74,1306174.0,0.875328815303321,
990,Studded And Detailed 22KT Gold Choker For Women,https://www.bhimagold.com/products/studded-and-detailed-22kt-gold-choker-for-women-ngo-chkr-adb-s-l-p-26122969,854927.49,976744.0,0.8752830731491568,
991,Divinely Detailed And Antique Finished 22KT Gold Radha Krishna Haaram For Women,https://www.bhimagold.com/products/divinely-detailed-and-antique-finished-22kt-gold-radha-krishna-haaram-for-women-ngo-chfc-p-s-68817,980018.49,1119705.0,0.8752470427478666,
992,Studded And Detailed 22KT Gold Choker For Women,https://www.bhimagold.com/products/studded-and-detailed-22kt-gold-choker-for-women-ngo-chkr-adsc-s-l-p-25122769,777649.05,888536.0,0.8752026366967687,
993,Matte Finished And Studded 22KT Gold Choker,https://www.bhimagold.com/products/matte-finished-and-studded-22kt-gold-choker-ngo-chkr-adsc-s-l-p-24877636,601826.7,687683.0,0.8751513415338171,
994,Studded And Detailed 22KT Gold Choker For Women,https://www.bhimagold.com/products/studded-and-detailed-22kt-gold-choker-for-women-ngo-chkr-adsc-s-l-p-25123383,644913.6,736921.0,0.8751461825623099,
995,Studded And Detailed 22KT Gold Necklace For Women,https://www.bhimagold.com/products/studded-and-detailed-22kt-gold-necklace-for-women-ngo-chnc-p-s-69710,438096.48,500601.0,0.8751410404693558,
996,Matte Finished And Studded 22KT Gold Necklace,https://www.bhimagold.com/products/matte-finished-and-studded-22kt-gold-necklace-ngo-chnc-adb-s-l-p-2539316,479237.52,547620.0,0.8751278623863263,
997,Matte Finished And Studded 22KT Gold Fancy Chain,https://www.bhimagold.com/products/matte-finished-and-studded-22kt-gold-fancy-chain-ngo-chfc-adb-s-l-p-2535342,1032695.7,1180089.0,0.8750998441642961,
998,Traditionally Crafted And Detailed 22KT Gold Haaram For Women,https://www.bhimagold.com/products/traditionally-crafted-and-detailed-22kt-gold-haaram-for-women-ngo-chfc-p-s-76819,987523.95,1128489.0,0.8750851359649938,
999,Matte Finished And Detailed 22KT Gold Bracelet,https://www.bhimagold.com/products/matte-finished-and-detailed-22kt-gold-bracelet-ngo-bgbr-hnc-p-k-p-25597230,51426.3,58768.0,0.8750731690716036,
1000,Classic Finely Detailed And Crafted 22KT Gold Baby Bangles,https://www.bhimagold.com/products/classic-finely-detailed-and-crafted-22kt-gold-baby-bangles-ngo-bgbl-p-p-79597,90760.47,103718.0,0.8750696118320832,
1001,Classic Finely Detailed And Crafted 22KT Gold Baby Bangles,https://www.bhimagold.com/products/classic-finely-detailed-and-crafted-22kt-gold-baby-bangles-ngo-bgbl-p-p-77507,83532.99,95459.0,0.8750666778407484,
1002,Studded And Detailed 22KT Gold Choker For Women,https://www.bhimagold.com/products/studded-and-detailed-22kt-gold-choker-for-women-ngo-chkr-adsc-s-l-p-25123394,767502.78,877196.0,0.8749501593714518,
1003,Divinely Detailed And Antique Finished 22KT Gold Sri Krishna Haaram,https://www.bhimagold.com/products/divinely-detailed-and-antique-finished-22kt-gold-sri-krishna-haaram-ngo-chfc-p-s-63063,1030054.89,1177280.0,0.8749446945501496,
1004,Studded And Detailed 22KT Gold Choker For Women,https://www.bhimagold.com/products/studded-and-detailed-22kt-gold-choker-for-women-ngo-chkr-p-s-61416,612250.95,699773.0,0.8749279409179833,
1005,Studded And Detailed 22KT Gold Choker For Women,https://www.bhimagold.com/products/studded-and-detailed-22kt-gold-choker-for-women-ngo-chkr-adsc-s-l-p-25127931,767085.81,876783.0,0.8748867279589135,
1006,Studded And Detailed 22KT Gold Necklace For Women,https://www.bhimagold.com/products/studded-and-detailed-22kt-gold-necklace-for-women-ngo-chnc-adb-s-l-p-25199616,648805.32,741606.0,0.8748652518992565,
1007,Studded And Detailed 22KT Gold Choker For Women,https://www.bhimagold.com/products/studded-and-detailed-22kt-gold-choker-for-women-ngo-chkr-adsc-s-l-p-2596495,736785.99,842188.0,0.8748474093670296,
1008,Studded And Detailed 22KT Gold Choker For Women,https://www.bhimagold.com/products/studded-and-detailed-22kt-gold-choker-for-women-ngo-chkr-adsc-s-l-p-25199714,630875.61,721154.0,0.874813992573015,
1009,Studded And Detailed 22KT Gold Haaram For Women,https://www.bhimagold.com/products/studded-and-detailed-22kt-gold-haaram-for-women-ngo-chfc-adb-s-l-p-25152291,1187530.56,1357475.0,0.874808420044568,
1010,Studded And Detailed 22KT Gold Choker For Women,https://www.bhimagold.com/products/studded-and-detailed-22kt-gold-choker-for-women-ngo-chkr-adb-s-l-p-25924508,854232.54,976700.0,0.8746109757346167,
1011,Studded And Detailed 22KT Gold Choker For Women,https://www.bhimagold.com/products/studded-and-detailed-22kt-gold-choker-for-women-ngo-chkr-adsc-s-l-p-25199538,754715.7,862918.0,0.8746088272582099,
1012,Studded And Detailed 22KT Gold Haaram For Women,https://www.bhimagold.com/products/studded-and-detailed-22kt-gold-haaram-for-women-ngo-chfc-adb-s-l-p-2514157,1190032.38,1360656.0,0.8746019420044449,
1013,Classic Finely Detailed And Crafted 22KT Gold Casual Wear Chain,https://www.bhimagold.com/products/classic-finely-detailed-and-crafted-22kt-gold-casual-wear-chain-ngo-chmc-p-p-81014,54484.08,62297.0,0.8745859351172609,
1014,Classic Finely Detailed And Crafted 22KT Gold Casual Wear Chain,https://www.bhimagold.com/products/classic-finely-detailed-and-crafted-22kt-gold-casual-wear-chain-ngo-chmc-p-p-80784,68661.06,78507.0,0.8745851962245405,
1015,Classic Finely Detailed And Crafted 22KT Gold Chain For Women,https://www.bhimagold.com/products/classic-finely-detailed-and-crafted-22kt-gold-chain-for-women-ngo-chmc-p-p-81194,77556.42,88678.0,0.8745846771465301,
1016,Classic Finely Detailed 22KT Gold Chain For Unisex,https://www.bhimagold.com/products/classic-finely-detailed-22kt-gold-chain-for-unisex-ngo-chmc-p-p-80901,61989.54,70879.0,0.8745825985129587,
1017,Classic Finely Detailed And Crafted 22KT Gold Casual Wear Chain,https://www.bhimagold.com/products/classic-finely-detailed-and-crafted-22kt-gold-casual-wear-chain-ngo-chmc-p-p-80942,76166.52,87089.0,0.8745825534797737,
1018,Classic Finely Detailed And Crafted 22KT Gold Chain For Unisex,https://www.bhimagold.com/products/classic-finely-detailed-and-crafted-22kt-gold-chain-for-unisex-ngo-chmc-p-p-81289,92428.35,105683.0,0.8745810584483787,
1019,Classic Finely Detailed And Crafted 22KT Gold Chain For Unisex,https://www.bhimagold.com/products/classic-finely-detailed-and-crafted-22kt-gold-chain-for-unisex-ngo-chmc-p-p-81059,62545.5,71515.0,0.874578759700762,
1020,Studded And Detailed 22KT Gold Choker For Women,https://www.bhimagold.com/products/studded-and-detailed-22kt-gold-choker-for-women-ngo-chkr-adsc-s-l-p-2510196,874664.07,1000116.0,0.8745626207359946,
1021,Studded And Detailed 22KT Gold Choker For Women,https://www.bhimagold.com/products/studded-and-detailed-22kt-gold-choker-for-women-ngo-chkr-adsc-s-l-p-25127816,664233.21,759541.0,0.8745192293766892,
1022,Specially Crafted And Detailed 22KT Gold Bangles For Women,https://www.bhimagold.com/products/specially-crafted-and-detailed-22kt-gold-bangles-for-women-ngo-bgbb-g-s-80891,318704.07,364462.0,0.874450752067431,
1023,Traditionally Crafted And Detailed 22KT Gold Haaram,https://www.bhimagold.com/products/traditionally-crafted-and-detailed-22kt-gold-haaram-ngo-chfc-adb-s-l-p-25152323,1175299.44,1344067.0,0.8744351583663612,
1024,Gorgeously Detailed And Studded 22KT Gold Drops For Women,https://www.bhimagold.com/products/gorgeously-detailed-and-studded-22kt-gold-drops-for-women-ngo-stdr-adb-s-l-p-24730118,366099.66,418694.0,0.8743847774269513,
1025,Studded And Detailed 22KT Gold Haaram For Women,https://www.bhimagold.com/products/studded-and-detailed-22kt-gold-haaram-for-women-ngo-chfc-adb-s-l-p-25152335,1102607.67,1261045.0,0.8743602884908944,
1026,Traditionally Crafted And Detailed 22KT Gold Necklace,https://www.bhimagold.com/products/traditionally-crafted-and-detailed-22kt-gold-necklace-ngo-chnc-p-s-61328,573055.77,655415.0,0.8743403339868633,
1027,Classic Antique Finished And Studded 22KT Gold Oddiyanam,https://www.bhimagold.com/products/classic-antique-finished-and-studded-22kt-gold-oddiyanam-ngo-chod-ctc-s-l-na-257945,2186312.7,2500581.0,0.8743218875933234,
1028,Studded And Detailed 22KT Gold Haaram For Women,https://www.bhimagold.com/products/studded-and-detailed-22kt-gold-haaram-for-women-ngo-chfc-adb-s-l-p-2514246,1142914.77,1307203.0,0.8743207979173855,
1029,Studded And Detailed 22KT Gold Necklace For Women,https://www.bhimagold.com/products/studded-and-detailed-22kt-gold-necklace-for-women-ngo-chnc-adb-s-l-p-2547998,692448.18,791991.0,0.8743131929529503,
1030,Traditionally Crafted And Detailed 22KT Gold Haaram For Women,https://www.bhimagold.com/products/traditionally-crafted-and-detailed-22kt-gold-haaram-for-women-ngo-chfc-p-s-73455,1006704.57,1151456.0,0.8742883531806686,
1031,Studded And Detailed 22KT Gold Fancy Chain,https://www.bhimagold.com/products/studded-and-detailed-22kt-gold-fancy-chain-ngo-chfc-adb-s-l-p-2549327,1633132.5,1868550.0,0.8740105964517941,
1032,Studded And Detailed 22KT Gold Necklace For Women,https://www.bhimagold.com/products/studded-and-detailed-22kt-gold-necklace-for-women-ngo-chnc-p-s-81957,314673.36,360060.0,0.8739470088318613,
1033,Antique Finished And Studded 22KT Gold Lakshmi Devi Oddiyanam,https://www.bhimagold.com/products/antique-finished-and-studded-22kt-gold-lakshmi-devi-oddiyanam-ngo-chod-nw-s-l-ox-25207043,2236766.07,2559494.0,0.8739094797643596,
1034,Studded And Detailed 22KT Gold Choker For Women,https://www.bhimagold.com/products/studded-and-detailed-22kt-gold-choker-for-women-ngo-chkr-p-s-69417,851035.77,973852.0,0.8738861449172975,
1035,Studded And Detailed 22KT Gold Necklace For Women,https://www.bhimagold.com/products/studded-and-detailed-22kt-gold-necklace-for-women-ngo-chnc-adb-s-l-p-25152299,540115.14,618295.0,0.8735557298700459,
1036,Finely Detailed 22KT Gold Ring For Men,https://www.bhimagold.com/products/finely-detailed-22kt-gold-ring-for-men-ngo-rgrg-p-p-77617,57402.87,65725.0,0.8733795359452263,
1037,Studded And Detailed 22KT Gold Bangles For Women,https://www.bhimagold.com/products/studded-and-detailed-22kt-gold-bangles-for-women-ngo-bgbb-p-s-69699,217102.38,248582.0,0.8733632362761584,
1038,Studded And Detailed 22KT Gold Choker For Women,https://www.bhimagold.com/products/studded-and-detailed-22kt-gold-choker-for-women-ngo-chkr-adsc-s-l-p-25122938,732477.3,839301.0,0.872723015938263,
1039,Studded And Detailed 22KT Gold Necklace For Women,https://www.bhimagold.com/products/studded-and-detailed-22kt-gold-necklace-for-women-ngo-chnc-adb-s-l-p-25199564,470342.16,538954.0,0.8726944414551149,
1040,Fancy Finely Detailed And Crafted 22KT Gold Necklace,https://www.bhimagold.com/products/fancy-finely-detailed-and-crafted-22kt-gold-necklace-ngo-chnc-s-61047,313978.41,359826.0,0.8725839989328175,
1041,Traditionally Crafted And Detailed 22KT Gold Haaram,https://www.bhimagold.com/products/traditionally-crafted-and-detailed-22kt-gold-haaram-ngo-chfc-sw-s-l-p-25222599,709821.93,813529.0,0.8725219752461192,
1042,Antique Finished And Detailed 22KT Gold Lakshmi Oddiyanam,https://www.bhimagold.com/products/antique-finished-and-detailed-22kt-gold-lakshmi-oddiyanam-ngo-chod-cnw-s-l-ox-25902795,2093050.41,2399221.0,0.8723874999426897,
1043,Studded And Detailed 22KT Gold Choker For Women,https://www.bhimagold.com/products/studded-and-detailed-22kt-gold-choker-for-women-ngo-chkr-adsc-s-l-p-25312743,811145.64,929873.0,0.8723187359994322,
1044,Classic Finely Detailed And Crafted 22KT Gold Bangles For Women,https://www.bhimagold.com/products/classic-finely-detailed-and-crafted-22kt-gold-bangles-for-women-ngo-bgbb-p-s-77458,149970.21,171944.0,0.8722037989112734,
1045,Classic Finely Detailed And Crafted 22KT Gold Baby Bangles,https://www.bhimagold.com/products/classic-finely-detailed-and-crafted-22kt-gold-baby-bangles-ngo-bgbl-p-p-60411,64908.33,74421.0,0.8721776111581409,
1046,Antique Finished And Studded 22KT Gold Oddiyanam,https://www.bhimagold.com/products/antique-finished-and-studded-22kt-gold-oddiyanam-ngo-chod-cnw-s-l-ox-25202377,1959342.03,2246735.0,0.8720841710304064,
1047,Studded And Detailed 22KT Gold Bangles For Women,https://www.bhimagold.com/products/studded-and-detailed-22kt-gold-bangles-for-women-ngo-bgbb-cl-s-l-p-24515532,455887.2,522999.0,0.8716789133440026,
1048,Antique Finished And Studded 22KT Gold Oddiyanam,https://www.bhimagold.com/products/antique-finished-and-studded-22kt-gold-oddiyanam-ngo-chod-rsl-s-l-ox-25355513,2788973.34,3199790.0,0.8716113682460411,
1049,Premium Gorgeously Detailed And Studded 22KT Gold Bangles For Women,https://www.bhimagold.com/products/premium-gorgeously-detailed-and-studded-22kt-gold-bangles-for-women-ngo-bgbb-p-s-81222,184717.71,211945.0,0.8715360588832007,
1050,Premium Gorgeously Detailed And Studded 22KT Gold Bangles For Women,https://www.bhimagold.com/products/premium-gorgeously-detailed-and-studded-22kt-gold-bangles-for-women-ngo-bgbb-ox-s-81273,237811.89,272876.0,0.8715016710886997,
1051,Specially Crafted And Studded 22KT Gold Ring For Men,https://www.bhimagold.com/products/specially-crafted-and-studded-22kt-gold-ring-for-men-ngo-rgrg-p-s-80815,54067.11,62042.0,0.8714598175429548,
1052,Antique Finished And Studded 22KT Gold Bangles For Women,https://www.bhimagold.com/products/antique-finished-and-studded-22kt-gold-bangles-for-women-ngo-bgbb-ox-s-58420,365960.67,419994.0,0.8713473763910913,
1053,Antique Finished And Studded 22KT Gold Drops,https://www.bhimagold.com/products/antique-finished-and-studded-22kt-gold-drops-ngo-stdr-op-s-l-ox-256969,255463.62,293302.0,0.8709917422997456,
1054,Classic Finely Detailed And Crafted 22KT Gold Bracelet For Kids,https://www.bhimagold.com/products/classic-finely-detailed-and-crafted-22kt-gold-bracelet-for-kids-ngo-bgbr-p-p-81489,56151.96,64469.0,0.8709916393925763,
1055,Classic Finely Detailed And Crafted 22KT Gold Bracelet For Kids,https://www.bhimagold.com/products/classic-finely-detailed-and-crafted-22kt-gold-bracelet-for-kids-ngo-bgbr-p-p-81058,66715.2,76597.0,0.8709897254461663,
1056,Classic Finely Detailed And Crafted 22KT Gold Studs For Women,https://www.bhimagold.com/products/classic-finely-detailed-and-crafted-22kt-gold-studs-for-women-ngo-stst-p-p-81584,55873.98,64150.0,0.8709895557287608,
1057,Classic Finely Detailed And Crafted 22KT Gold Ring For Men,https://www.bhimagold.com/products/classic-finely-detailed-and-crafted-22kt-gold-ring-for-men-ngo-rgrg-p-p-81683,77278.44,88725.0,0.870988334742181,
1058,Classic Finely Detailed And Crafted 22KT Gold Bracelet For Men,https://www.bhimagold.com/products/classic-finely-detailed-and-crafted-22kt-gold-bracelet-for-men-ngo-bgbr-p-p-77199,76305.51,87608.0,0.8709879234773079,
1059,Classic Finely Detailed And Crafted 22KT Gold Bracelet For Kids,https://www.bhimagold.com/products/classic-finely-detailed-and-crafted-22kt-gold-bracelet-for-kids-ngo-bgbr-p-p-79848,56290.95,64629.0,0.8709859351065311,
1060,Classic Finely Detailed And Crafted 22KT Gold Ring For Men,https://www.bhimagold.com/products/classic-finely-detailed-and-crafted-22kt-gold-ring-for-men-ngo-rgrg-p-p-81644,58931.76,67661.0,0.8709856490445013,
1061,Classic Finely Detailed And Crafted 22KT Gold Studs For Women,https://www.bhimagold.com/products/classic-finely-detailed-and-crafted-22kt-gold-studs-for-women-ngo-stst-p-p-81560,55318.02,63512.0,0.8709853256077591,
1062,Finely Detailed 22KT Gold Bracelet For Kids,https://www.bhimagold.com/products/finely-detailed-22kt-gold-bracelet-for-kids-ngo-bgbr-p-p-77106,70189.95,80587.0,0.8709835333242334,
1063,Classic Finely Detailed And Crafted 22KT Gold Bracelet For Kids,https://www.bhimagold.com/products/classic-finely-detailed-and-crafted-22kt-gold-bracelet-for-kids-ngo-bgbr-p-p-79605,75471.57,86651.0,0.8709832546652665,
1064,Classic Finely Detailed And Crafted 22KT Gold Ring For Men,https://www.bhimagold.com/products/classic-finely-detailed-and-crafted-22kt-gold-ring-for-men-ngo-rgrg-p-p-79719,71857.83,82502.0,0.8709828852633876,
1065,Classic Finely Detailed And Crafted 22KT Gold Bracelet For Kids,https://www.bhimagold.com/products/classic-finely-detailed-and-crafted-22kt-gold-bracelet-for-kids-ngo-bgbr-p-p-77028,68244.09,78353.0,0.8709824767398823,
1066,Classic Finely Detailed And Crafted 22KT Gold Locket For Women,https://www.bhimagold.com/products/classic-finely-detailed-and-crafted-22kt-gold-locket-for-women-ngo-chlc-p-p-81640,53789.13,61757.0,0.8709802937318846,
1067,Classic Finely Detailed And Crafted 18KT Rose Gold Chain For Men,https://www.bhimagold.com/products/classic-finely-detailed-and-crafted-18kt-rose-gold-chain-for-men-ng18-chpl18k-p-81382,484457.5,556278.0,0.8708909933522447,
1068,Specially Crafted And Detailed 22KT Gold Locket  For Men,https://www.bhimagold.com/products/specially-crafted-and-detailed-22kt-gold-locket-for-men-ngo-chlc-ox-p-80803,110219.07,126559.0,0.870890809819926,
1069,Antique Finished And Studded 22KT Gold Haaram,https://www.bhimagold.com/products/antique-finished-and-studded-22kt-gold-haaram-ngo-chfc-op-s-l-ox-2568905,648249.36,744390.0,0.8708464111554427,
1070,Antique Finished And Studded 22KT Gold Haaram,https://www.bhimagold.com/products/antique-finished-and-studded-22kt-gold-haaram-ngo-chfc-op-s-l-ox-25185918,679800.09,780813.0,0.870631111418483,
1071,Antique Finished And Studded 22KT Gold Drops For Women,https://www.bhimagold.com/products/antique-finished-and-studded-22kt-gold-drops-for-women-ngo-stdr-ox-s-77641,186663.57,214430.0,0.8705105162523901,
1072,Antique Finished And Studded 22KT Gold Haaram For Women,https://www.bhimagold.com/products/antique-finished-and-studded-22kt-gold-haaram-for-women-ngo-chfc-ox-s-74611,625732.98,718857.0,0.8704554313305706,
1073,Specially Crafted And Detailed 22KT Gold Necklace For Women,https://www.bhimagold.com/products/specially-crafted-and-detailed-22kt-gold-necklace-for-women-ngo-chfc-p-s-80838,330518.22,379711.0,0.8704467871618151,
1074,Specially Crafted And Detailed 18Kt Gold Bangles For Women,https://www.bhimagold.com/products/specially-crafted-and-detailed-18kt-gold-bangles-for-women-ng18-bgbb18k-rg-s-80662,130404.56,149814.0,0.8704430827559507,
1075,Traditionally Crafted And Detailed 22KT Gold Haaram,https://www.bhimagold.com/products/traditionally-crafted-and-detailed-22kt-gold-haaram-ngo-chfc-rrr-s-l-p-2696770,699119.7,803192.0,0.8704266227751272,
1076,Antique Finished And Studded 22KT Gold Necklace For Women,https://www.bhimagold.com/products/antique-finished-and-studded-22kt-gold-necklace-for-women-ngo-chnc-ox-s-81352,291879.0,335367.0,0.8703271341545232,
1077,Studded And Detailed 22KT Gold Bajubandhi For Women,https://www.bhimagold.com/products/studded-and-detailed-22kt-gold-bajubandhi-for-women-ngo-bgbb-p-s-76850,319538.01,367148.0,0.8703248008977307,
1078,Classic Finely Detailed And Crafted 22KT Gold Bangles For Women,https://www.bhimagold.com/products/classic-finely-detailed-and-crafted-22kt-gold-bangles-for-women-ngo-bgbb-p-s-74597,249209.07,286343.0,0.87031661329245,
1079,Classic Finely Detailed And Crafted 22KT Gold Chain For Unisex,https://www.bhimagold.com/products/classic-finely-detailed-and-crafted-22kt-gold-chain-for-unisex-ngo-chmc-p-p-80944,54901.05,63085.0,0.8702710628517081,
1080,Classic Finely Detailed And Crafted 22KT Gold Chain,https://www.bhimagold.com/products/classic-finely-detailed-and-crafted-22kt-gold-chain-ngo-chmc-p-p-78179,86590.77,99499.0,0.8702677413843356,
1081,Casual Wear and Detailed 22KT Gold Chain For Unisex,https://www.bhimagold.com/products/casual-wear-and-detailed-22kt-gold-chain-for-unisex-ngo-chmc-p-p-78257,87146.73,100138.0,0.8702663324612036,
1082,Premium Gorgeously Detailed And Studded 18Kt Gold Bangles For Women,https://www.bhimagold.com/products/premium-gorgeously-detailed-and-studded-18kt-gold-bangles-for-women-ng18-bgbb18k-rg-s-80560,139865.73,160730.0,0.8701905680333479,
1083,Antique Finished And Studded 22KT Gold Drops,https://www.bhimagold.com/products/antique-finished-and-studded-22kt-gold-drops-ngo-stdr-ox-s-62299,170123.76,195504.0,0.8701804566658483,
1084,Studded And Detailed 22KT Gold Ring For Men,https://www.bhimagold.com/products/studded-and-detailed-22kt-gold-ring-for-men-ngo-rgrg-cwr-s-g-na-25845424,59487.72,68369.0,0.8700978513653849,
1085,Antique Finished And Studded 22KT Gold Necklace For Women,https://www.bhimagold.com/products/antique-finished-and-studded-22kt-gold-necklace-for-women-ngo-chnc-ox-s-69984,448520.73,515538.0,0.8700051790556661,
1086,Studded & Detailed 22KT Gold Chandbali Earrings For Women,https://www.bhimagold.com/products/studded-&-detailed-22kt-gold-chandbali-earrings-for-women-ngo-stdr-p-s-77147,113276.85,130203.0,0.8700018432755006,
1087,Antique Finished And Studded 22KT Gold Choker For Women,https://www.bhimagold.com/products/antique-finished-and-studded-22kt-gold-choker-for-women-ngo-chkr-p-s-72535,782791.68,899778.0,0.8699831291718625,
1088,Antique Finished And Studded 22KT Gold Haaram For Women,https://www.bhimagold.com/products/antique-finished-and-studded-22kt-gold-haaram-for-women-ngo-chfc-ox-s-81635,387226.14,445108.0,0.8699599647725945,
1089,Antique Finished And Studded 22KT Gold Haaram,https://www.bhimagold.com/products/antique-finished-and-studded-22kt-gold-haaram-ngo-chfc-op-s-l-ox-25467950,883420.44,1015501.0,0.8699355687488244,
1090,Antique Finished And Studded 22KT Gold Haaram,https://www.bhimagold.com/products/antique-finished-and-studded-22kt-gold-haaram-ngo-chfc-op-s-l-ox-25185952,786127.44,903669.0,0.8699285247142482,
1091,Studded And Detailed 18KT Rose Gold Bangles For Women,https://www.bhimagold.com/products/studded-and-detailed-18kt-rose-gold-bangles-for-women-ng18-bgbb18k-rg-s-80682,259621.52,298445.0,0.8699141215299301,
1092,Classic Finely Detailed And Crafted 22KT Gold Drops For Women,https://www.bhimagold.com/products/classic-finely-detailed-and-crafted-22kt-gold-drops-for-women-ngo-stdr-p-79291,56429.94,64877.0,0.8697988501317879,
1093,Classic Finely Detailed And Crafted 22KT Gold Ring For Men,https://www.bhimagold.com/products/classic-finely-detailed-and-crafted-22kt-gold-ring-for-men-ngo-rgrg-p-p-79087,55179.03,63439.0,0.8697966550544618,
1094,Finely Detailed And Crafted 22KT Gold Ring For Men,https://www.bhimagold.com/products/finely-detailed-and-crafted-22kt-gold-ring-for-men-ngo-rgrg-p-p-80882,69495.0,79898.0,0.86979649052542,
1095,Classic Finely Detailed And Crafted 22KT Gold Ring For Men,https://www.bhimagold.com/products/classic-finely-detailed-and-crafted-22kt-gold-ring-for-men-ngo-rgrg-p-p-79596,83810.97,96357.0,0.86979638220368,
1096,Classic Finely Detailed And Crafted 22KT Gold Ring For Women,https://www.bhimagold.com/products/classic-finely-detailed-and-crafted-22kt-gold-ring-for-women-ngo-rgrg-p-p-79703,85200.87,97955.0,0.8697960287887295,
1097,Classic Finely Detailed And Crafted 22KT Gold Chain,https://www.bhimagold.com/products/classic-finely-detailed-and-crafted-22kt-gold-chain-ngo-chmc-p-p-78263,96320.07,110739.0,0.8697935686614473,
1098,Classic Finely Detailed And Crafted 22KT Gold Ring For Men,https://www.bhimagold.com/products/classic-finely-detailed-and-crafted-22kt-gold-ring-for-men-ngo-rgrg-p-p-79681,82699.05,95079.0,0.8697930142302717,
1099,Classic Finely Detailed And Crafted 22KT Gold Drops For Women,https://www.bhimagold.com/products/classic-finely-detailed-and-crafted-22kt-gold-drops-for-women-ngo-stdr-p-81358,51982.26,59764.0,0.8697921825848337,
1100,Classic Finely Detailed And Crafted 22KT Gold Ring For Women,https://www.bhimagold.com/products/classic-finely-detailed-and-crafted-22kt-gold-ring-for-women-ngo-rgrg-p-p-79169,54901.05,63120.0,0.8697884980988594,
1101,Studded And Detailed 22KT Gold Bangles For Women,https://www.bhimagold.com/products/studded-and-detailed-22kt-gold-bangles-for-women-ngo-bgbb-cl-s-l-p-24539715,344973.18,396640.0,0.8697387555465913,
1102,Antique Finished & Studded 22KT Gold Oddiyanam For Women,https://www.bhimagold.com/products/antique-finished-&-studded-22kt-gold-oddiyanam-for-women-ngo-chod-ox-s-81349,1719028.32,1977439.0,0.869320530241388,
1103,Antique Finished And Studded 22KT Gold Oddiyanam,https://www.bhimagold.com/products/antique-finished-and-studded-22kt-gold-oddiyanam-ngo-chod-cnw-s-l-ox-25247007,1746687.33,2009807.0,0.8690821208205565,
1104,Studded & Detailed 22KT Gold Matty For Women,https://www.bhimagold.com/products/studded-&-detailed-22kt-gold-matty-for-women-ngo-chmt-ox-s-79138,195558.93,225049.0,0.8689615594826016,
1105,Antique Finished And Studded 22KT Gold Bangles For Women,https://www.bhimagold.com/products/antique-finished-and-studded-22kt-gold-bangles-for-women-ngo-bgbb-ox-s-78734,317036.19,364849.0,0.8689517855331932,
1106,Traditionally Crafted And Detailed 22KT Gold Haaram For Women,https://www.bhimagold.com/products/traditionally-crafted-and-detailed-22kt-gold-haaram-for-women-ngo-chfc-ox-s-80079,789463.2,908559.0,0.8689179238772605,
1107,Studded And Detailed 22KT Gold Studs For Women,https://www.bhimagold.com/products/studded-and-detailed-22kt-gold-studs-for-women-ngo-stst-p-p-81544,56012.97,64486.0,0.868606674316906,
1108,Classic Finely Detailed And Crafted 22KT Gold Bracelet For Kids,https://www.bhimagold.com/products/classic-finely-detailed-and-crafted-22kt-gold-bracelet-for-kids-ngo-bgbr-p-p-72120,65186.31,75047.0,0.8686064732767466,
1109,Premium Gorgeously Detailed And Studded 22KT Gold Drops For Women,https://www.bhimagold.com/products/premium-gorgeously-detailed-and-studded-22kt-gold-drops-for-women-ngo-stst-p-p-80970,54762.06,63046.0,0.8686048282206642,
1110,Studded And Detailed 22KT Gold Studs For Women,https://www.bhimagold.com/products/studded-and-detailed-22kt-gold-studs-for-women-ngo-stst-p-79282,50036.4,57606.0,0.8685970211436309,
1111,Antique Finished And Studded 22KT Gold Haaram For Women,https://www.bhimagold.com/products/antique-finished-and-studded-22kt-gold-haaram-for-women-ngo-chfc-ox-s-65357,643245.72,740834.0,0.8682724065040212,
1112,Antique Finished And Studded 22KT Gold Haaram For Women,https://www.bhimagold.com/products/antique-finished-and-studded-22kt-gold-haaram-for-women-ngo-chfc-ox-s-74237,895929.54,1032336.0,0.8678662179755429,
1113,Antique Finished And Studded 22KT Gold Haaram For Women,https://www.bhimagold.com/products/antique-finished-and-studded-22kt-gold-haaram-for-women-ngo-chfc-ox-s-75648,809477.76,932781.0,0.8678111582461479,
1114,Divinely Detailed And Antique Finished 22KT Gold Lakshmi Haaram For Women,https://www.bhimagold.com/products/divinely-detailed-and-antique-finished-22kt-gold-lakshmi-haaram-for-women-ngo-chfc-ox-s-73379,1304004.18,1503021.0,0.8675887961645246,
1115,Specially Crafted And Detailed 22KT Gold Bangles For Women,https://www.bhimagold.com/products/specially-crafted-and-detailed-22kt-gold-bangles-for-women-ngo-bgbb-p-s-80945,150665.16,173663.0,0.867572021674162,
1116,Studded And Detailed 22KT Gold Haaram For Women,https://www.bhimagold.com/products/studded-and-detailed-22kt-gold-haaram-for-women-ngo-chfc-cspm-s-l-p-2585539,624204.09,719485.0,0.8675706790273598,
1117,Antique Finished And Studded 22KT Gold Haaram For Women,https://www.bhimagold.com/products/antique-finished-and-studded-22kt-gold-haaram-for-women-ngo-chfc-ox-s-74910,696200.91,802475.0,0.8675671017788716,
1118,Antique Finished And Studded 22KT Gold Lakshmi Devi Haaram For Women,https://www.bhimagold.com/products/antique-finished-and-studded-22kt-gold-lakshmi-devi-haaram-ngo-chfc-s-65024,892315.8,1028575.0,0.8675262377561189,
1119,Antique Finished And Studded 22KT Gold Radha Krishna Haaram,https://www.bhimagold.com/products/antique-finished-and-studded-22kt-gold-radha-krishna-haaram-ngo-chfc-ox-s-63723,1070361.99,1233813.0,0.8675236766025322,
1120,Antique Finished And Studded 22KT Gold Bangles For Women,https://www.bhimagold.com/products/antique-finished-and-studded-22kt-gold-bangles-for-women-ngo-bgbb-ox-s-67762,172069.62,198351.0,0.867500642799885,
1121,Traditionally Crafted And Detailed 22KT Gold Thali For Women,https://www.bhimagold.com/products/traditionally-crafted-and-detailed-22kt-gold-thali-for-women-ngo-chtl-p-p-81316,56568.93,65215.0,0.8674220654757341,
1122,Traditionally Crafted And Detailed 22KT Gold Thali For Women,https://www.bhimagold.com/products/traditionally-crafted-and-detailed-22kt-gold-thali-for-women-ngo-chtl-p-p-81256,56568.93,65215.0,0.8674220654757341,
1123,Classic Finely Detailed And Crafted 22KT Gold Baby Bangles,https://www.bhimagold.com/products/classic-finely-detailed-and-crafted-22kt-gold-baby-bangles-ngo-bgbl-p-p-81619,50592.36,58325.0,0.8674215173596228,
1124,Traditionally Crafted And Detailed 22KT Gold Thali For Women,https://www.bhimagold.com/products/traditionally-crafted-and-detailed-22kt-gold-thali-for-women-ngo-chtl-p-p-81318,57124.89,65856.0,0.8674211916909621,
1125,Traditionally Crafted 22KT Gold Thali For Women,https://www.bhimagold.com/products/traditionally-crafted-22kt-gold-thali-for-women-ngo-chtl-p-p-81074,57124.89,65856.0,0.8674211916909621,
1126,Classic Finely Detailed And Crafted 22KT Gold Baby Bangles,https://www.bhimagold.com/products/classic-finely-detailed-and-crafted-22kt-gold-baby-bangles-ngo-bgbl-p-p-78217,57124.89,65856.0,0.8674211916909621,
1127,Classic Finely Detailed And Crafted 22KT Gold Bracelet For Women,https://www.bhimagold.com/products/classic-finely-detailed-and-crafted-22kt-gold-bracelet-for-women-ngo-bgbr-p-p-81960,59487.72,68580.0,0.8674208223972004,
1128,Traditionally Crafted 22KT Gold Thali,https://www.bhimagold.com/products/traditionally-crafted-22kt-gold-thali-ngo-chtl-p-p-81083,55873.98,64414.0,0.8674198155680443,
1129,Traditionally Crafted And Detailed 22KT Gold Thali,https://www.bhimagold.com/products/traditionally-crafted-and-detailed-22kt-gold-thali-ngo-chtl-p-p-62893,68939.04,79476.0,0.8674195983693189,
1130,Classic Finely Detailed And Crafted 22KT Gold Bracelet For Women,https://www.bhimagold.com/products/classic-finely-detailed-and-crafted-22kt-gold-bracelet-for-women-ngo-bgbr-p-p-79885,73664.7,84924.0,0.8674191041401723,
1131,Traditionally Crafted 22KT Gold Thali,https://www.bhimagold.com/products/traditionally-crafted-22kt-gold-thali-ngo-chtl-p-p-62788,71857.83,82841.0,0.8674186694994025,
1132,Traditionally Crafted 22KT Gold Thali For Women,https://www.bhimagold.com/products/traditionally-crafted-22kt-gold-thali-for-women-ngo-chtl-p-p-72504,84922.89,97903.0,0.8674186694994025,
1133,Traditionally Crafted And Detailed 22KT Gold Thali,https://www.bhimagold.com/products/traditionally-crafted-and-detailed-22kt-gold-thali-ngo-chtl-p-p-62816,67688.13,78034.0,0.8674184329907477,
1134,Classic Finely Detailed And Crafted 22KT Gold Baby Bangles,https://www.bhimagold.com/products/classic-finely-detailed-and-crafted-22kt-gold-baby-bangles-ngo-bgbl-p-p-78197,67688.13,78034.0,0.8674184329907477,
1135,Classic Finely Detailed And Crafted 22KT Gold Baby Bangles,https://www.bhimagold.com/products/classic-finely-detailed-and-crafted-22kt-gold-baby-bangles-ngo-bgbl-p-p-78271,70050.96,80758.0,0.867418212437158,
1136,Traditionally Crafted And Detailed 22KT Gold Thali For Women,https://www.bhimagold.com/products/traditionally-crafted-and-detailed-22kt-gold-thali-for-women-ngo-chtl-p-p-81266,56985.9,65696.0,0.8674181076473454,
1137,Traditionally Crafted 22KT Gold Thali,https://www.bhimagold.com/products/traditionally-crafted-22kt-gold-thali-ngo-chtl-p-p-65615,72413.79,83482.0,0.8674180062768021,
1138,Classic Finely Detailed And Crafted 22KT Gold Baby Bangles,https://www.bhimagold.com/products/classic-finely-detailed-and-crafted-22kt-gold-baby-bangles-ngo-bgbl-p-p-78190,66437.22,76592.0,0.867417223730938,
1139,Classic Finely Detailed And Crafted 22KT Gold Baby Bangles,https://www.bhimagold.com/products/classic-finely-detailed-and-crafted-22kt-gold-baby-bangles-ngo-bgbl-p-p-78112,62267.52,71785.0,0.8674168698196002,
1140,Traditionally Crafted And Detailed 22KT Gold Thali For Women,https://www.bhimagold.com/products/traditionally-crafted-and-detailed-22kt-gold-thali-for-women-ngo-chtl-p-p-81264,55734.99,64254.0,0.8674166588850499,
1141,Traditionally Crafted 22KT Gold Thali For Women,https://www.bhimagold.com/products/traditionally-crafted-22kt-gold-thali-for-women-ngo-chtl-p-p-76877,84783.9,97743.0,0.867416592492557,
1142,Traditionally Crafted And Detailed 22KT Gold Thali For Women,https://www.bhimagold.com/products/traditionally-crafted-and-detailed-22kt-gold-thali-for-women-ngo-chtl-p-p-81282,58097.82,66978.0,0.8674164651079459,
1143,Traditionally Crafted And Detailed 22KT Gold Thali,https://www.bhimagold.com/products/traditionally-crafted-and-detailed-22kt-gold-thali-ngo-chtl-tth-p-l-p-25305734,85339.86,98384.0,0.8674160432590665,
1144,Classic Finely Detailed And Crafted 22KT Gold Bracelet For Women,https://www.bhimagold.com/products/classic-finely-detailed-and-crafted-22kt-gold-bracelet-for-women-ngo-bgbr-p-p-82059,72274.8,83322.0,0.8674155685173184,
1145,Classic Finely Detailed And Crafted 22KT Gold Baby Bangles,https://www.bhimagold.com/products/classic-finely-detailed-and-crafted-22kt-gold-baby-bangles-ngo-bgbl-p-p-78427,66298.23,76432.0,0.8674145645802804,
1146,Classic Finely Detailed And Crafted 22KT Gold Thali For Women,https://www.bhimagold.com/products/classic-finely-detailed-and-crafted-22kt-gold-thali-for-women-ngo-chtl-p-p-81313,57402.87,66177.0,0.8674142073530079,
1147,Traditionally Crafted 22KT Gold Thali,https://www.bhimagold.com/products/traditionally-crafted-22kt-gold-thali-ngo-chtl-p-p-62822,85756.83,98865.0,0.8674134425732059,
1148,Antique Finished And Studded 22KT Gold Bangles,https://www.bhimagold.com/products/antique-finished-and-studded-22kt-gold-bangles-ngo-bgbb-ox-s-63595,220577.13,254293.0,0.8674132988324492,
1149,Studded & Detailed 22KT Gold Thali,https://www.bhimagold.com/products/studded-&-detailed-22kt-gold-thali-ngo-chtl-p-p-65591,72135.81,83162.0,0.8674131213775522,
1150,Traditionally Crafted 22KT Gold Thali For Women,https://www.bhimagold.com/products/traditionally-crafted-22kt-gold-thali-for-women-ngo-chtl-p-p-72452,83949.96,96782.0,0.8674129486888058,
1151,Classic Finely Detailed And Crafted 22KT Gold Bracelet For Women,https://www.bhimagold.com/products/classic-finely-detailed-and-crafted-22kt-gold-bracelet-for-women-ngo-bgbr-p-p-81190,66159.24,76272.0,0.8674118942731278,
1152,Traditionally Crafted And Detailed 22KT Gold Thali For Women,https://www.bhimagold.com/products/traditionally-crafted-and-detailed-22kt-gold-thali-for-women-ngo-chtl-p-p-81315,56707.92,65376.0,0.8674118942731277,
1153,Traditionally Crafted 22KT Gold Thali For Women,https://www.bhimagold.com/products/traditionally-crafted-22kt-gold-thali-for-women-ngo-chtl-p-p-69097,85617.84,98705.0,0.8674113773365077,
1154,Traditionally Crafted 22KT Gold Thali For Women,https://www.bhimagold.com/products/traditionally-crafted-22kt-gold-thali-for-women-ngo-chtl-p-p-68420,85617.84,98705.0,0.8674113773365077,
1155,Studded & Detailed 22KT Gold Thali,https://www.bhimagold.com/products/studded-&-detailed-22kt-gold-thali-ngo-chtl-p-p-65520,71440.86,82361.0,0.8674112747538276,
1156,Traditionally Crafted 22KT Gold Thali,https://www.bhimagold.com/products/traditionally-crafted-22kt-gold-thali-ngo-chtl-p-p-65512,71440.86,82361.0,0.8674112747538276,
1157,Traditionally Crafted 22KT Gold Thali For Women,https://www.bhimagold.com/products/traditionally-crafted-22kt-gold-thali-for-women-ngo-chtl-p-p-68447,59626.71,68741.0,0.8674111520053535,
1158,Traditionally Crafted And Detailed 22KT Gold Thali For Women,https://www.bhimagold.com/products/traditionally-crafted-and-detailed-22kt-gold-thali-for-women-ngo-chtl-p-p-81317,59626.71,68741.0,0.8674111520053535,
1159,Classic Finely Detailed And Crafted 22KT Gold Baby Bangles,https://www.bhimagold.com/products/classic-finely-detailed-and-crafted-22kt-gold-baby-bangles-ngo-bgbl-p-p-65076,50731.35,58486.0,0.8674101494374722,
1160,Antique Finished And Studded 22KT Gold Bangles For Women,https://www.bhimagold.com/products/antique-finished-and-studded-22kt-gold-bangles-ngo-bgbb-ox-s-63579,264636.96,305098.0,0.8673834636739671,
1161,Antique Finished & Studded 22KT Gold Sri Krishna Oddiyanam For Women,https://www.bhimagold.com/products/antique-finished-&-studded-22kt-gold-sri-krishna-oddiyanam-for-women-ngo-chod-ox-s-73529,1764756.03,2034740.0,0.8673127918063241,
1162,Antique Finished And Studded 22KT Gold Haaram For Women,https://www.bhimagold.com/products/antique-finished-and-studded-22kt-gold-haaram-for-women-ngo-chfc-ox-s-75994,1039089.24,1198149.0,0.8672454260697126,
1163,Antique Finished And Studded 22KT Gold Fancy Chain,https://www.bhimagold.com/products/antique-finished-and-studded-22kt-gold-fancy-chain-ngo-chfc-osp-s-l-ox-2554690,1063968.45,1226853.0,0.8672338495320955,
1164,Divinely Detailed And Antique Finished 22KT Gold Radha Krishna Haaram For Women,https://www.bhimagold.com/products/divinely-detailed-and-antique-finished-22kt-gold-radha-krishna-haaram-for-women-ngo-chfc-ox-s-68678,841028.49,969785.0,0.8672319019164041,
1165,Antique Finished And Studded 22KT Gold Haaram For Women,https://www.bhimagold.com/products/antique-finished-and-studded-22kt-gold-haaram-ngo-chfc-ox-s-64767,1086206.85,1252513.0,0.8672220168573102,
1166,Divinely Detailed And Antique Finished 22KT Gold Sri Krishna Haaram For Women,https://www.bhimagold.com/products/divinely-detailed-and-antique-finished-22kt-gold-sri-krishna-haaram-for-women-ngo-chfc-ox-s-71805,678410.19,782283.0,0.8672183723793051,
1167,Antique Finished And Studded 22KT Gold 5 In 1 Haaram For Women,https://www.bhimagold.com/products/antique-finished-and-studded-22kt-gold-5-in-1-haaram-for-women-ngo-chfc-ox-s-74525,1278569.01,1474337.0,0.8672162538144265,
1168,Antique Finished And Studded 22KT Gold Sri Krishna Haaram For Women,https://www.bhimagold.com/products/antique-finished-and-studded-22kt-gold-sri-krishna-haaram-for-women-ngo-chfc-ox-s-74798,729002.55,840638.0,0.867201518370571,
1169,Antique Finished And Studded 22KT Gold Oddiyanam,https://www.bhimagold.com/products/antique-finished-and-studded-22kt-gold-oddiyanam-ngo-chod-sibi-s-l-ox-25338340,2152955.1,2482666.0,0.8671948220179436,
1170,Traditionally Crafted 22KT Gold Thali,https://www.bhimagold.com/products/traditionally-crafted-22kt-gold-thali-ngo-chtl-p-s-80854,84366.93,97288.0,0.8671874229093002,
1171,Traditionally Crafted And Detailed 22KT Gold Thali,https://www.bhimagold.com/products/traditionally-crafted-and-detailed-22kt-gold-thali-ngo-chtl-bth-s-l-p-25322432,84227.94,97128.0,0.8671849518161602,
1172,Antique Finished And Studded 22KT Gold Radha Krishna Haaram For Women,https://www.bhimagold.com/products/antique-finished-and-studded-22kt-gold-radha-krishna-haaram-for-women-ngo-chfc-ox-s-81343,672294.63,775296.0,0.8671457482045567,
1173,Fancy Finely Detailed And Crafted 22KT Gold Necklace For Women,https://www.bhimagold.com/products/fancy-finely-detailed-and-crafted-22kt-gold-necklace-for-women-ngo-chnc-ox-s-81105,507452.49,585238.0,0.8670873900874516,
1174,Traditionally Crafted 22KT Gold Thali For Women,https://www.bhimagold.com/products/traditionally-crafted-22kt-gold-thali-for-women-ngo-chtl-p-s-80884,57680.85,66523.0,0.8670813102235317,
1175,Traditionally Crafted And Detailed 22KT Gold Thali For Women,https://www.bhimagold.com/products/traditionally-crafted-and-detailed-22kt-gold-thali-for-women-ngo-chtl-p-s-81111,57402.87,66203.0,0.867073546516019,
1176,Antique Finished And Studded 22KT Gold Radha Krishna Oddiyanam,https://www.bhimagold.com/products/antique-finished-and-studded-22kt-gold-radha-krishna-oddiyanam-ngo-chod-rsl-s-l-ox-24674952,2057885.94,2373424.0,0.8670536490740803,
1177,Antique Finished And Studded 22KT Gold Necklace For Women,https://www.bhimagold.com/products/antique-finished-and-studded-22kt-gold-necklace-for-women-ngo-chnc-ox-s-81344,351227.73,405098.0,0.8670191657327362,
1178,Antique Finished And Studded 22KT Gold Haaram For Women,https://www.bhimagold.com/products/antique-finished-and-studded-22kt-gold-haaram-ngo-chfc-ox-s-58307,822681.81,948916.0,0.8669701111584166,
1179,Traditionally Crafted And Detailed 22KT Gold Haaram,https://www.bhimagold.com/products/traditionally-crafted-and-detailed-22kt-gold-haaram-ngo-chfc-sw-s-l-p-25235830,718161.33,828399.0,0.8669268432240985,
1180,Traditionally Crafted And Detailed 22KT Gold Haaram,https://www.bhimagold.com/products/traditionally-crafted-and-detailed-22kt-gold-haaram-ngo-chfc-ox-s-63213,750962.97,866256.0,0.8669065149332299,
1181,Antique Finished And Studded 22KT Gold Drops For Women,https://www.bhimagold.com/products/antique-finished-and-studded-22kt-gold-drops-for-women-ngo-stdr-g-s-81363,91733.4,105817.0,0.8669060736932629,
1182,Divinely Detailed And Antique Finished 22KT Gold Sri Krishna Haaram For Women,https://www.bhimagold.com/products/divinely-detailed-and-antique-finished-22kt-gold-sri-krishna-haaram-for-women-ngo-chfc-ox-s-76925,776676.12,895919.0,0.8669043964912007,
1183,Classic Finely Detailed And Crafted 22KT Gold Baby Bangles,https://www.bhimagold.com/products/classic-finely-detailed-and-crafted-22kt-gold-baby-bangles-ngo-bgbl-p-s-75996,81726.12,94275.0,0.866890692124105,
1184,Antique Finished And Studded 22KT Gold Necklace For Women,https://www.bhimagold.com/products/antique-finished-and-studded-22kt-gold-necklace-ngo-chfc-ox-s-57904,1041035.1,1200890.0,0.8668863093205872,
1185,Antique Finished And Studded 22KT Gold Radha Krishna Choker For Women,https://www.bhimagold.com/products/antique-finished-and-studded-22kt-gold-radha-krishna-choker-for-women-ngo-chkr-p-s-66691,977099.7,1127171.0,0.8668602190794475,
1186,Classic Finely Detailed And Crafted 22KT Gold Baby Bangles,https://www.bhimagold.com/products/classic-finely-detailed-and-crafted-22kt-gold-baby-bangles-ngo-bgbl-p-s-78561,88119.66,101656.0,0.8668417014244117,
1187,Antique Finished And Studded 22KT Gold Haaram,https://www.bhimagold.com/products/antique-finished-and-studded-22kt-gold-haaram-ngo-chfc-osp-s-l-ox-25262805,1025329.23,1182989.0,0.8667276111612195,
1188,Antique Finished And Studded 22KT Gold Haaram,https://www.bhimagold.com/products/antique-finished-and-studded-22kt-gold-haaram-ngo-chfc-ox-s-64697,838248.69,967143.0,0.8667267301733041,
1189,Antique Finished And Studded 22KT Gold Haaram,https://www.bhimagold.com/products/antique-finished-and-studded-22kt-gold-haaram-ngo-chfc-osp-s-l-ox-25328053,619339.44,714600.0,0.8666938706968933,
1190,Antique Finished And Studded 22KT Gold Bangles For Women,https://www.bhimagold.com/products/antique-finished-and-studded-22kt-gold-bangles-for-women-ngo-bgbb-ox-s-81368,282844.65,326354.0,0.8666805064439229,
1191,Traditionally Crafted And Detailed 22KT Gold Haaram,https://www.bhimagold.com/products/traditionally-crafted-and-detailed-22kt-gold-haaram-ngo-chfc-sw-s-l-p-25235851,713574.66,823349.0,0.8666733790895478,
1192,Antique Finished And Studded 22KT Gold Necklace,https://www.bhimagold.com/products/antique-finished-and-studded-22kt-gold-necklace-ngo-chnc-osp-s-l-na-2671458,687861.51,793695.0,0.8666572297923005,
1193,Studded & Detailed 22KT Gold Matty For Women,https://www.bhimagold.com/products/studded-&-detailed-22kt-gold-matty-for-women-ngo-chmt-ox-s-76810,205705.2,237364.0,0.8666234138285502,
1194,Studded And Detailed 22KT Gold Necklace For Women,https://www.bhimagold.com/products/studded-and-detailed-22kt-gold-necklace-for-women-ngo-chnc-p-s-73514,523853.31,604549.0,0.8665191903385829,
1195,Studded & Detailed 18KT Rose Gold Bracelet For Men,https://www.bhimagold.com/products/studded-&-detailed-18kt-rose-gold-bracelet-for-men-ng18-bgbr18k-rg-s-80598,235959.3,272331.0,0.8664430417396477,
1196,Antique Finished And Studded 22KT Gold Necklace For Women,https://www.bhimagold.com/products/antique-finished-and-studded-22kt-gold-necklace-for-women-ngo-chnc-ox-s-75722,634489.35,732307.0,0.8664253516626224,
1197,Antique Finished And Studded 22KT Gold Haaram,https://www.bhimagold.com/products/antique-finished-and-studded-22kt-gold-haaram-ngo-chfc-ox-s-64820,936375.63,1080842.0,0.8663390486306046,
1198,Studded And Detailed 22KT Gold Bangles For Women,https://www.bhimagold.com/products/studded-and-detailed-22kt-gold-bangles-for-women-ngo-bgbb-p-s-74577,297299.61,343169.0,0.8663358578426372,
1199,Antique Finished And Studded 22KT Gold Haaram For Women,https://www.bhimagold.com/products/antique-finished-and-studded-22kt-gold-haaram-for-women-ngo-chfc-ox-s-80057,1176550.35,1358145.0,0.8662921484819368,
1200,Antique Finished And Studded 22KT Gold Haaram,https://www.bhimagold.com/products/antique-finished-and-studded-22kt-gold-haaram-ngo-chfc-osp-s-l-ox-25102743,874664.07,1009680.0,0.8662784941763727,
1201,Divinely Detailed And Antique Finished 22KT Gold Sri Krishna Haaram For Women,https://www.bhimagold.com/products/divinely-detailed-and-antique-finished-22kt-gold-sri-krishna-haaram-for-women-ngo-chfc-ox-s-65458,1191700.26,1375657.0,0.866277175197015,
1202,Specially Crafted And Detailed 22KT Gold Necklace For Women,https://www.bhimagold.com/products/specially-crafted-and-detailed-22kt-gold-necklace-for-women-ngo-chfc-s-80855,588900.63,679826.0,0.8662519968344842,
1203,Antique Finished And Studded 22KT Gold Fancy Chain,https://www.bhimagold.com/products/antique-finished-and-studded-22kt-gold-fancy-chain-ngo-chfc-osp-s-l-ox-2526877,762221.16,879908.0,0.8662509716924952,
1204,Classic Finely Detailed And Crafted 22KT Gold Ring For Women,https://www.bhimagold.com/products/classic-finely-detailed-and-crafted-22kt-gold-ring-for-women-ngo-rgrg-p-p-79606,54623.07,63058.0,0.8662353706111834,
1205,Finely Detailed And Crafted 22KT Gold Ring For Women,https://www.bhimagold.com/products/finely-detailed-and-crafted-22kt-gold-ring-for-women-ngo-rgrg-p-p-81209,57680.85,66588.0,0.8662349071904848,
1206,Classic Finely Detailed And Crafted 22KT Gold Drops For Women,https://www.bhimagold.com/products/classic-finely-detailed-and-crafted-22kt-gold-drops-for-women-ngo-stst-p-p-81136,62545.5,72204.0,0.866233172677414,
1207,Classic Finely Detailed And Crafted 22KT Gold Drops For Women,https://www.bhimagold.com/products/classic-finely-detailed-and-crafted-22kt-gold-drops-for-women-ngo-stdr-p-p-81150,53650.14,61935.0,0.8662329861952046,
1208,Antique Finished And Studded 22KT Gold Necklace For Women,https://www.bhimagold.com/products/antique-finished-and-studded-22kt-gold-necklace-for-women-ngo-chnc-ox-s-81325,511344.21,590308.0,0.8662328987579365,
1209,Traditionally Crafted And Detailed 22KT Gold Double Hook Pendant For Women,https://www.bhimagold.com/products/traditionally-crafted-and-detailed-22kt-gold-double-hook-pendant-for-women-ngo-chdp-p-p-79870,63379.44,73167.0,0.8662298577227439,
1210,Traditionally Crafted And Detailed 22KT Gold Double Hook Pendant For Women,https://www.bhimagold.com/products/traditionally-crafted-and-detailed-22kt-gold-double-hook-pendant-for-women-ngo-chdp-p-p-81547,93957.24,108467.0,0.8662288069182332,
1211,Studded & Detailed 22KT Gold Lakshmi Devi Oddiyanam For Women,https://www.bhimagold.com/products/studded-&-detailed-22kt-gold-lakshmi-devi-oddiyanam-for-women-ngo-chod-ox-s-69500,1600608.84,1847904.0,0.8661753207958856,
1212,Antique Finished And Studded 22KT Gold Drops,https://www.bhimagold.com/products/antique-finished-and-studded-22kt-gold-drops-ngo-stdr-ox-s-63142,287153.34,331531.0,0.8661432565883734,
1213,Antique Finished And Studded 22KT Gold Necklace For Women,https://www.bhimagold.com/products/antique-finished-and-studded-22kt-gold-necklace-for-women-ngo-chnc-ox-s-76711,544562.82,628784.0,0.8660570561591897,
1214,Antique Finished And Studded 22KT Gold Haaram,https://www.bhimagold.com/products/antique-finished-and-studded-22kt-gold-haaram-ngo-chfc-sw-s-l-p-25422554,875775.99,1011225.0,0.8660545279240525,
1215,Studded And Detailed 22KT Gold Haaram For Women,https://www.bhimagold.com/products/studded-and-detailed-22kt-gold-haaram-for-women-ngo-chfc-p-s-73533,946243.92,1092607.0,0.8660423372722306,
1216,Antique Finished & Studded 22KT Gold Lakshmi Devi Haaram For Women,https://www.bhimagold.com/products/antique-finished-&-studded-22kt-gold-lakshmi-devi-haaram-for-women-ngo-chfc-ox-s-67815,987106.98,1139791.0,0.866042090172672,
1217,Antique Finished And Studded 22KT Gold Lakshmi Devi Haaram For Women,https://www.bhimagold.com/products/antique-finished-and-studded-22kt-gold-lakshmi-devi-haaram-for-women-ngo-chfc-ox-s-66220,899682.27,1038847.0,0.8660392435074655,
1218,Antique Finished And Studded 22KT Gold Bangles For Women,https://www.bhimagold.com/products/antique-finished-and-studded-22kt-gold-bangles-for-women-ngo-bgbb-ox-s-79218,253378.77,292572.0,0.8660390262909642,
1219,Gorgeously Detailed 22KT Gold Necklace,https://www.bhimagold.com/products/gorgeously-detailed-22kt-gold-necklace-ngo-chnc-ox-s-61576,598351.95,690927.0,0.8660132691297343,
1220,Antique Finished And Studded 22KT Gold Necklace For Women,https://www.bhimagold.com/products/antique-finished-and-studded-22kt-gold-necklace-for-women-ngo-chnc-ox-s-79221,402515.04,464804.0,0.8659887608540373,
1221,Antique Finished And Studded 22KT Gold Haaram,https://www.bhimagold.com/products/antique-finished-and-studded-22kt-gold-haaram-ngo-chfc-osp-s-l-ox-2510897,915110.16,1056801.0,0.8659247672929908,
1222,Studded And Detailed 22KT Gold Fancy Chain,https://www.bhimagold.com/products/studded-and-detailed-22kt-gold-fancy-chain-ngo-chfc-cspm-s-l-p-25830329,1259944.35,1455131.0,0.8658631765799781,
1223,Traditionally Crafted And Detailed 22KT Gold Haaram For Women,https://www.bhimagold.com/products/traditionally-crafted-and-detailed-22kt-gold-haaram-for-women-ngo-chfc-p-s-74589,662426.34,765080.0,0.8658262403931615,
1224,Antique Finished And Studded 22KT Gold Haaram,https://www.bhimagold.com/products/antique-finished-and-studded-22kt-gold-haaram-ngo-chfc-ox-s-63811,1095797.16,1265637.0,0.8658068308685665,
1225,Antique Finished And Studded 22KT Gold Drops For Women,https://www.bhimagold.com/products/antique-finished-and-studded-22kt-gold-drops-for-women-ngo-stdr-g-s-81336,85339.86,98569.0,0.8657880266615264,
1226,Antique Finished And Studded 22KT Gold Haaram,https://www.bhimagold.com/products/antique-finished-and-studded-22kt-gold-haaram-ngo-chfc-osp-s-l-na-2696039,1149308.31,1327533.0,0.8657474503458672,
1227,Studded & Detailed 22KT Gold Pendant For Women,https://www.bhimagold.com/products/studded-&-detailed-22kt-gold-pendant-for-women-ngo-chlc-p-s-77525,111053.01,128287.0,0.8656606670979912,
1228,Antique Finished And Studded 22KT Gold Haaram For Women,https://www.bhimagold.com/products/antique-finished-and-studded-22kt-gold-haaram-for-women-ngo-chfc-ox-s-79946,862849.92,996758.0,0.8656563779774028,
1229,Antique Finished & Studded 22KT Gold Oddiyanam For Women,https://www.bhimagold.com/products/antique-finished-&-studded-22kt-gold-oddiyanam-for-women-ngo-chod-ox-s-81366,1335276.93,1542547.0,0.8656312773614029,
1230,Divinely Detailed And Antique Finished 22KT Gold Sri Krishna Haaram,https://www.bhimagold.com/products/divinely-detailed-and-antique-finished-22kt-gold-sri-krishna-haaram-ngo-chfc-rsl-s-l-ox-25244765,3010106.43,3477447.0,0.865608140109684,
1231,Antique Finished And Studded 22KT Gold Haaram,https://www.bhimagold.com/products/antique-finished-and-studded-22kt-gold-haaram-ngo-chfc-rsl-s-l-ox-25261689,795022.8,918539.0,0.8655297162123764,
1232,Antique Finished And Studded 22KT Gold Haaram,https://www.bhimagold.com/products/antique-finished-and-studded-22kt-gold-haaram-ngo-chfc-ox-s-59920,751379.94,868124.0,0.8655214462450064,
1233,Antique Finished And Studded 22KT Gold Bangles For Women,https://www.bhimagold.com/products/antique-finished-and-studded-22kt-gold-bangles-ngo-bgbb-ox-s-63603,257687.46,297731.0,0.865504297503451,
1234,Antique Finished And Studded 22KT Gold Drops,https://www.bhimagold.com/products/antique-finished-and-studded-22kt-gold-drops-ngo-stdr-osp-s-l-ox-25111686,274644.24,317341.0,0.8654546371253635,
1235,Antique Finished And Studded 22KT Gold Radha Krishna Necklace,https://www.bhimagold.com/products/antique-finished-and-studded-22kt-gold-radha-krishna-necklace-ngo-chnc-ox-s-63215,594043.26,686400.0,0.8654476398601398,
1236,Antique Finished And Studded 22KT Gold Sri Krishna Haaram,https://www.bhimagold.com/products/antique-finished-and-studded-22kt-gold-sri-krishna-haaram-ngo-chfc-ox-s-64838,732199.32,846040.0,0.8654429105006854,
1237,Studded And Detailed 22KT Gold Choker For Women,https://www.bhimagold.com/products/studded-and-detailed-22kt-gold-choker-for-women-ngo-chkr-p-s-72791,596267.1,688986.0,0.8654270188363768,
1238,Antique Finished And Studded 22KT Gold Bangles For Women,https://www.bhimagold.com/products/antique-finished-and-studded-22kt-gold-bangles-for-women-ngo-bgbb-oxp-s-l-ox-25195571,247958.16,286536.0,0.8653647709188375,
1239,Antique Finished And Studded 22KT Gold Necklace For Women,https://www.bhimagold.com/products/antique-finished-and-studded-22kt-gold-necklace-for-women-ngo-chnc-ox-s-81338,523992.3,605519.0,0.8653606245221042,
1240,Studded And Detailed 22KT Gold Haaram For Women,https://www.bhimagold.com/products/studded-and-detailed-22kt-gold-haaram-for-women-ngo-chfc-p-s-65339,638103.09,737386.0,0.8653582926716807,
1241,Antique Finished And Studded 22KT Gold Haaram,https://www.bhimagold.com/products/antique-finished-and-studded-22kt-gold-haaram-ngo-chfc-rsl-s-l-na-25938269,2842345.5,3284635.0,0.8653459212363017,
1242,Antique Finished And Detailed 22KT Gold Oddiyanam,https://www.bhimagold.com/products/antique-finished-and-detailed-22kt-gold-oddiyanam-ngo-chod-rsl-s-l-ox-2526103,2130716.7,2462311.0,0.8653320803099203,
1243,Antique Finished And Studded 22KT Gold Necklace For Women,https://www.bhimagold.com/products/antique-finished-and-studded-22kt-gold-necklace-for-women-ngo-chnc-g-s-81648,241425.63,279006.0,0.865306229973549,
1244,Antique Finished And Studded 22KT Gold Drops,https://www.bhimagold.com/products/antique-finished-and-studded-22kt-gold-drops-ngo-stdr-ox-s-63724,255046.65,294760.0,0.8652688628036368,
1245,Antique Finished And Studded 22KT Gold Haaram,https://www.bhimagold.com/products/antique-finished-and-studded-22kt-gold-haaram-ngo-chfc-osp-s-l-ox-24874579,1112892.93,1286195.0,0.865259878945261,
1246,Fancy Antique Finished And Studded 22KT Gold Necklace For Women,https://www.bhimagold.com/products/fancy-antique-finished-and-studded-22kt-gold-necklace-for-women-ngo-chnc-g-s-81124,472566.0,546161.0,0.8652503565798364,
1247,Antique Finished And Studded 22KT Gold Lakshmi Devi Haaram For Women,https://www.bhimagold.com/products/antique-finished-and-studded-22kt-gold-lakshmi-devi-haaram-for-women-ngo-chfc-ox-s-69406,1150976.19,1330253.0,0.8652310425159725,
1248,Antique Finished And Studded 22KT Gold Haaram,https://www.bhimagold.com/products/antique-finished-and-studded-22kt-gold-haaram-ngo-chfc-osp-s-l-na-26130256,788073.3,910838.0,0.8652178543275534,
1249,Antique Finished And Studded 22KT Gold Haaram,https://www.bhimagold.com/products/antique-finished-and-studded-22kt-gold-haaram-ngo-chfc-op-s-l-ox-24894592,868826.49,1004208.0,0.8651857882032408,
1250,Premium Antique Finished And Studded 22KT Gold Oddiyanam,https://www.bhimagold.com/products/premium-antique-finished-and-studded-22kt-gold-oddiyanam-ngo-chod-rsl-s-l-ox-25303865,2054689.17,2374980.0,0.8651395674910947,
1251,Classic Finely Detailed And Crafted 22KT Gold Necklace For Women,https://www.bhimagold.com/products/classic-finely-detailed-and-crafted-22kt-gold-necklace-for-women-ngo-chnc-p-p-80047,90065.52,104116.0,0.8650497521994699,
1252,Divinely Detailed And Antique Finished 22KT Gold Lakshmi Haaram,https://www.bhimagold.com/products/divinely-detailed-and-antique-finished-22kt-gold-lakshmi-haaram-ngo-chfc-ast1-s-l-ox-2628641,5792825.22,6696760.0,0.8650190868419952,
1253,Divinely Detailed And Antique Finished 22KT Gold Radha Krishna Haaram For Women,https://www.bhimagold.com/products/divinely-detailed-and-antique-finished-22kt-gold-radha-krishna-haaram-for-women-ngo-chfc-ox-s-69941,1001283.96,1157542.0,0.8650087513023286,
1254,Antique Finished And Studded 22KT Gold Haaram For Women,https://www.bhimagold.com/products/antique-finished-and-studded-22kt-gold-haaram-for-women-ngo-chfc-ox-s-79296,1084955.94,1254304.0,0.8649864307217389,
1255,Antique Finished & Studded 22KT Gold Radha Krishna Haaram For Women,https://www.bhimagold.com/products/antique-finished-&-studded-22kt-gold-radha-krishna-haaram-for-women-ngo-chfc-ox-s-68599,749017.11,865978.0,0.8649378044245928,
1256,Studded And Detailed 22KT Gold Haaram For Women,https://www.bhimagold.com/products/studded-and-detailed-22kt-gold-haaram-for-women-ngo-chfc-p-s-74613,1151393.16,1331266.0,0.8648858755500403,
1257,Studded And Detailed 22KT Gold Bangles For Women,https://www.bhimagold.com/products/studded-and-detailed-22kt-gold-bangles-for-women-ngo-bgbb-p-s-81667,109663.11,126806.0,0.8648101036228569,
1258,Antique Finished And Studded 22KT Gold Necklace For Women,https://www.bhimagold.com/products/antique-finished-and-studded-22kt-gold-necklace-for-women-ngo-chnc-s-77044,617949.54,714561.0,0.8647960635970897,
1259,Antique Finished And Studded 22KT Gold Haaram,https://www.bhimagold.com/products/antique-finished-and-studded-22kt-gold-haaram-ngo-chfc-osp-s-l-ox-25261772,702038.49,811840.0,0.864749815234529,
1260,Classic Finely Detailed And Crafted 22KT Gold Bangles For Women,https://www.bhimagold.com/products/classic-finely-detailed-and-crafted-22kt-gold-bangles-for-women-ngo-bgbb-g-s-80924,181103.97,209430.0,0.864747027646469,
1261,Antique Finished And Studded 22KT Gold Choker For Women,https://www.bhimagold.com/products/antique-finished-and-studded-22kt-gold-choker-for-women-ngo-chkr-ox-s-69420,851313.75,984486.0,0.8647291581596894,
1262,Antique Finished And Studded 22KT Gold Haaram,https://www.bhimagold.com/products/antique-finished-and-studded-22kt-gold-haaram-ngo-chfc-ox-s-63839,992388.6,1147653.0,0.864711371817091,
1263,Antique Finished And Studded 22KT Gold Necklace For Women,https://www.bhimagold.com/products/antique-finished-and-studded-22kt-gold-necklace-for-women-ngo-chnc-ox-s-79229,380554.62,440108.0,0.8646846228652967,
1264,Studded & Detailed 22KT Gold Oddiyanam For Women,https://www.bhimagold.com/products/studded-&-detailed-22kt-gold-oddiyanam-for-women-ngo-chod-ox-s-73517,2306122.08,2667027.0,0.8646789402581977,
1265,Premium Gorgeously Detailed And Studded 22KT Gold Haaram,https://www.bhimagold.com/products/premium-gorgeously-detailed-and-studded-22kt-gold-haaram-ngo-chfc-p-s-64797,620312.37,717419.0,0.8646444685741527,
1266,Antique Finished And Studded 22KT Gold Haaram,https://www.bhimagold.com/products/antique-finished-and-studded-22kt-gold-haaram-ngo-chfc-osp-s-l-ox-25135127,732755.28,847509.0,0.8645988184196275,
1267,Antique Finished And Studded 22KT Gold Bangles,https://www.bhimagold.com/products/antique-finished-and-studded-22kt-gold-bangles-ngo-bgbb-gbj-s-l-g-25213779,664789.17,768945.0,0.8645471002477421,
1268,Classic Finely Detailed And Crafted 22KT Gold Drops For Women,https://www.bhimagold.com/products/classic-finely-detailed-and-crafted-22kt-gold-drops-for-women-ngo-stdr-g-s-81143,87424.71,101127.0,0.8645041383606753,
1269,Antique Finished And Studded 22KT Gold Haaram For Women,https://www.bhimagold.com/products/antique-finished-and-studded-22kt-gold-haaram-for-women-ngo-chfc-s-78992,676464.33,782489.0,0.8645033093116964,
1270,Premium Antique Finished And Studded 22KT Gold Fancy Chain,https://www.bhimagold.com/products/premium-antique-finished-and-studded-22kt-gold-fancy-chain-ngo-chfc-snp-s-l-ox-24781312,1199483.7,1387533.0,0.8644721963369519,
1271,Traditionally Crafted 22KT Gold Necklace For Women,https://www.bhimagold.com/products/traditionally-crafted-22kt-gold-necklace-ngo-chfc-ox-s-57596,875081.04,1012276.0,0.8644688207563945,
1272,Antique Finished And Studded 22KT Gold Drops,https://www.bhimagold.com/products/antique-finished-and-studded-22kt-gold-drops-ngo-stdr-ox-s-60715,280481.82,324458.0,0.8644626423142595,
1273,Specially Crafted And Antique Finished 22KT Gold Necklace,https://www.bhimagold.com/products/specially-crafted-and-antique-finished-22kt-gold-necklace-ngo-chnc-ox-s-64963,785154.51,908284.0,0.8644372354902211,
1274,Studded And Detailed 22KT Gold Haaram For Women,https://www.bhimagold.com/products/studded-and-detailed-22kt-gold-haaram-for-women-ngo-chfc-p-s-72885,1065775.32,1232996.0,0.8643785705711942,
1275,Antique Finished And Studded 22KT Gold Haaram,https://www.bhimagold.com/products/antique-finished-and-studded-22kt-gold-haaram-ngo-chfc-osp-s-l-ox-25274531,994195.47,1150196.0,0.8643704812049424,
1276,Traditionally Crafted And Detailed 22KT Gold Bangles For Women,https://www.bhimagold.com/products/traditionally-crafted-and-detailed-22kt-gold-bangles-for-women-ngo-bgbb-g-s-77567,170540.73,197310.0,0.8643288733465107,
1277,Antique Finished And Studded 22KT Gold Haaram,https://www.bhimagold.com/products/antique-finished-and-studded-22kt-gold-haaram-ngo-chfc-osp-s-l-ox-2537818,946104.93,1094651.0,0.8642982375204518,
1278,Antique Finished And Studded 22KT Gold Drops For Women,https://www.bhimagold.com/products/antique-finished-and-studded-22kt-gold-drops-for-women-ngo-stdr-g-s-81354,81031.17,93757.0,0.8642679479932165,
1279,Antique Finished And Studded 22KT Gold Haaram,https://www.bhimagold.com/products/antique-finished-and-studded-22kt-gold-haaram-ngo-chfc-cspm-s-l-na-25864596,595155.18,688672.0,0.864207024534176,
1280,Antique Finished And Studded 22KT Gold Oddiyanam,https://www.bhimagold.com/products/antique-finished-and-studded-22kt-gold-oddiyanam-ngo-chod-oxp-s-l-ox-24893789,2219531.31,2568317.0,0.864196791128198,
1281,Studded And Detailed 22KT Gold Haaram For Women,https://www.bhimagold.com/products/studded-and-detailed-22kt-gold-haaram-for-women-ngo-chfc-cspm-s-l-p-2592842,611139.03,707197.0,0.8641708463129794,
1282,Antique Finished And Studded 22KT Gold Drops For Women,https://www.bhimagold.com/products/antique-finished-and-studded-22kt-gold-drops-for-women-ngo-stdr-g-s-81328,83255.01,96341.0,0.864170083349768,
1283,Antique Finished And Detailed 22KT Gold Bangle,https://www.bhimagold.com/products/antique-finished-and-detailed-22kt-gold-bangle-ngo-bgbb-gbj-s-l-g-25213788,554709.09,641926.0,0.8641324545196798,
1284,Premium Antique Finished And Studded 22KT Gold Oddiyanam,https://www.bhimagold.com/products/premium-antique-finished-and-studded-22kt-gold-oddiyanam-ngo-chod-oxp-s-l-ox-24919934,2573816.82,2978635.0,0.8640927203232353,
1285,Antique Finished And Studded 22KT Gold Haaram,https://www.bhimagold.com/products/antique-finished-and-studded-22kt-gold-haaram-ngo-chfc-pcw-s-l-ox-25881461,834773.94,966100.0,0.8640657695890694,
1286,Antique Finished And Studded 22KT Gold Drops,https://www.bhimagold.com/products/antique-finished-and-studded-22kt-gold-drops-ngo-stdr-osp-s-l-ox-25111785,302303.25,349871.0,0.8640420326348854,
1287,Antique Finished And Studded 22KT Gold Haaram,https://www.bhimagold.com/products/antique-finished-and-studded-22kt-gold-haaram-ngo-chfc-osp-s-l-ox-2580087,1085789.88,1256658.0,0.8640297360140944,
1288,Antique Finished And Studded 22KT Gold Bangles For Women,https://www.bhimagold.com/products/antique-finished-and-studded-22kt-gold-bangles-for-women-ngo-bgbb-ox-s-71264,390561.9,452063.0,0.8639545815516865,
1289,Antique Finished And Studded 22KT Gold Udupi Krishna Necklace,https://www.bhimagold.com/products/antique-finished-and-studded-22kt-gold-udupi-krishna-necklace-ngo-chnc-g-s-64764,729836.49,844776.0,0.8639408434898719,
1290,Fancy Antique Finished And Studded 22KT Gold Necklace For Women,https://www.bhimagold.com/products/fancy-antique-finished-and-studded-22kt-gold-necklace-for-women-ngo-chnc-ox-s-81151,188748.42,218485.0,0.8638964688651395,
1291,Classic Finely Detailed And Crafted 22KT Gold Drops For Women,https://www.bhimagold.com/products/classic-finely-detailed-and-crafted-22kt-gold-drops-for-women-ngo-stdr-p-p-81642,94235.22,109084.0,0.8638775622456089,
1292,Fancy Antique Finished And Studded 22KT Gold Necklace For Women,https://www.bhimagold.com/products/fancy-antique-finished-and-studded-22kt-gold-necklace-for-women-ngo-chfc-ox-s-61909,757078.53,876375.0,0.8638750877192983,
1293,Antique Finished And Studded 22KT Gold Drops,https://www.bhimagold.com/products/antique-finished-and-studded-22kt-gold-drops-ngo-stdr-osp-s-l-ox-25111801,304249.11,352192.0,0.8638728591222969,
1294,Antique Finished And Studded 22KT Gold Fancy Chain,https://www.bhimagold.com/products/antique-finished-and-studded-22kt-gold-fancy-chain-ngo-chfc-gcrs-s-l-g-25450576,2425792.47,2808170.0,0.8638339096279785,
1295,Specially Crafted And Detailed 22KT Gold Necklace For Women,https://www.bhimagold.com/products/specially-crafted-and-detailed-22kt-gold-necklace-for-women-ngo-chnc-g-s-81145,551929.29,638935.0,0.8638269777050874,
1296,Antique Finished And Studded 22KT Gold Drops,https://www.bhimagold.com/products/antique-finished-and-studded-22kt-gold-drops-ngo-stdr-gcrs-s-l-g-2525226,570136.98,660062.0,0.8637627677400002,
1297,Antique Finished And Studded 22KT Gold Oddiyanam,https://www.bhimagold.com/products/antique-finished-and-studded-22kt-gold-oddiyanam-ngo-chod-pcw-s-l-p-25315895,1829247.39,2117798.0,0.8637497013407321,
1298,Premium Gorgeously Detailed And Studded 22KT Gold Bangles For Women,https://www.bhimagold.com/products/premium-gorgeously-detailed-and-studded-22kt-gold-bangles-for-women-ngo-bgbb-g-s-80894,437818.5,506901.0,0.8637159918800713,
1299,Specially Crafted And Detailed 22KT Gold Bangles For Women,https://www.bhimagold.com/products/specially-crafted-and-detailed-22kt-gold-bangles-for-women-ngo-bgbb-p-s-81244,342749.34,396872.0,0.8636269124554014,
1300,Antique Finished And Studded 22KT Gold Haaram,https://www.bhimagold.com/products/antique-finished-and-studded-22kt-gold-haaram-ngo-chfc-pcw-s-l-ox-25200750,956807.16,1107964.0,0.8635724265409346,
1301,Antique Finished And Studded 22KT Gold Drops For Women,https://www.bhimagold.com/products/antique-finished-and-studded-22kt-gold-drops-for-women-ngo-stdr-g-s-81372,94374.21,109294.0,0.8634893955752375,
1302,Antique Finished And Studded 22KT Gold Haaram,https://www.bhimagold.com/products/antique-finished-and-studded-22kt-gold-haaram-ngo-chfc-osp-s-l-ox-2544432,814759.38,943598.0,0.8634602659183254,
1303,Antique Finished And Studded 22KT Gold Haaram,https://www.bhimagold.com/products/antique-finished-and-studded-22kt-gold-haaram-ngo-chfc-sw-s-l-ox-25103907,1198510.77,1388172.0,0.8633733932106397,
1304,Studded And Detailed 22KT Gold Drops For Women,https://www.bhimagold.com/products/studded-and-detailed-22kt-gold-drops-for-women-ngo-stdr-p-s-81669,112581.9,130400.0,0.8633581288343558,
1305,Antique Finished And Studded 22KT Gold Haaram,https://www.bhimagold.com/products/antique-finished-and-studded-22kt-gold-haaram-ngo-chfc-pcw-s-l-ox-25690466,1048818.54,1214916.0,0.8632848196912379,
1306,Antique Finished And Studded 22KT Gold Haaram,https://www.bhimagold.com/products/antique-finished-and-studded-22kt-gold-haaram-ngo-chfc-osp-s-l-na-2670152,1245767.37,1443065.0,0.8632787642968266,
1307,Antique Finished And Studded 22KT Gold Haaram,https://www.bhimagold.com/products/antique-finished-and-studded-22kt-gold-haaram-ngo-chfc-srs-s-l-ox-25271601,636574.2,737420.0,0.8632450977733177,
1308,Antique Finished And Studded 22KT Gold Haaram,https://www.bhimagold.com/products/antique-finished-and-studded-22kt-gold-haaram-ngo-chfc-osp-s-l-ox-24874656,1206989.16,1398254.0,0.8632116625448595,
1309,Antique Finished And Studded 22KT Gold Bangles For Women,https://www.bhimagold.com/products/antique-finished-and-studded-22kt-gold-bangles-for-women-ngo-bgbb-ox-s-74907,684942.72,793500.0,0.8631918336483931,
1310,Antique Finished And Studded 22KT Gold Haaram,https://www.bhimagold.com/products/antique-finished-and-studded-22kt-gold-haaram-ngo-chfc-osp-s-l-ox-2597270,711072.84,823838.0,0.8631221672221966,
1311,Antique Finished And Studded 22KT Gold Drops,https://www.bhimagold.com/products/antique-finished-and-studded-22kt-gold-drops-ngo-stdr-oxp-s-l-ox-25195962,299662.44,347194.0,0.8630979798037984,
1312,Antique Finished And Detailed 22KT Gold Haaram,https://www.bhimagold.com/products/antique-finished-and-detailed-22kt-gold-haaram-ngo-chfc-osp-s-l-ox-2597231,743596.5,861562.0,0.8630794997922379,
1313,Antique Finished And Studded 22KT Gold Necklace,https://www.bhimagold.com/products/antique-finished-and-studded-22kt-gold-necklace-ngo-chnc-pcw-s-l-ox-25201917,588761.64,682175.0,0.8630654011067541,
1314,Antique Finished & Studded 22KT Gold 3 In 1 Necklace For Women,https://www.bhimagold.com/products/antique-finished-&-studded-22kt-gold-3-in-1-necklace-for-women-ngo-chfc-ox-s-66947,1173353.58,1359520.0,0.8630645963281158,
1315,Traditionally Crafted And Detailed 22KT Gold Haaram For Women,https://www.bhimagold.com/products/traditionally-crafted-and-detailed-22kt-gold-haaram-for-women-ngo-chfc-ox-s-80026,716910.42,830668.0,0.8630528923709593,
1316,Traditionally Crafted And Antique Finished 22KT Gold Fancy Chain For Women,https://www.bhimagold.com/products/traditionally-crafted-and-antique-finished-22kt-gold-fancy-chain-for-women-ngo-chnc-ox-s-81147,498279.15,577443.0,0.8629062089245173,
1317,Studded And Detailed 22KT Gold Studs For Women,https://www.bhimagold.com/products/studded-and-detailed-22kt-gold-studs-for-women-ngo-stet-p-s-81514,93818.25,108732.0,0.8628393665158371,
1318,Antique Finished And Studded 22KT Gold Drops For Women,https://www.bhimagold.com/products/antique-finished-and-studded-22kt-gold-drops-for-women-ngo-stdr-ox-s-78878,216824.4,251312.0,0.8627697841726618,
1319,Classic Finely Detailed And Crafted 22KT Gold Drops For Women,https://www.bhimagold.com/products/classic-finely-detailed-and-crafted-22kt-gold-drops-for-women-ngo-stdr-p-p-81996,73525.71,85227.0,0.862704424654159,
1320,Classic Finely Detailed And Crafted 22KT Gold Drops For Women,https://www.bhimagold.com/products/classic-finely-detailed-and-crafted-22kt-gold-drops-for-women-ngo-stdr-p-p-77161,73108.74,84744.0,0.8627010761823847,
1321,Classic Finely Detailed And Crafted 22KT Gold Drops For Women,https://www.bhimagold.com/products/classic-finely-detailed-and-crafted-22kt-gold-drops-for-women-ngo-stdr-p-p-80998,55457.01,64283.0,0.8627010251543954,
1322,Classic Finely Detailed And Crafted 22KT Gold Drops For Women,https://www.bhimagold.com/products/classic-finely-detailed-and-crafted-22kt-gold-drops-for-women-ngo-stdr-p-p-77139,65325.3,75722.0,0.8626990834896068,
1323,Classic Finely Detailed And Crafted 22KT Gold Drops For Women,https://www.bhimagold.com/products/classic-finely-detailed-and-crafted-22kt-gold-drops-for-women-ngo-stdr-p-p-82026,51426.3,59611.0,0.8626981597356194,
1324,Classic Finely Detailed And Crafted 22KT Gold Drops For Women,https://www.bhimagold.com/products/classic-finely-detailed-and-crafted-22kt-gold-drops-for-women-ngo-stdr-p-p-80984,51426.3,59611.0,0.8626981597356194,
1325,Antique Finished And Studded 22KT Gold Haaram For Women,https://www.bhimagold.com/products/antique-finished-and-studded-22kt-gold-haaram-for-women-ngo-chfc-ox-s-77601,812535.54,941854.0,0.8626979765441354,
1326,Classic Finely Detailed And Crafted 22KT Gold Drops For Women,https://www.bhimagold.com/products/classic-finely-detailed-and-crafted-22kt-gold-drops-for-women-ngo-stdr-p-p-77197,77556.42,89900.0,0.862696551724138,
1327,Classic Finely Detailed And Crafted 22KT Gold Drops For Women,https://www.bhimagold.com/products/classic-finely-detailed-and-crafted-22kt-gold-drops-for-women-ngo-stdr-p-p-81995,72552.78,84100.0,0.862696551724138,
1328,Classic Finely Detailed And Crafted 22KT Gold Drops For Women,https://www.bhimagold.com/products/classic-finely-detailed-and-crafted-22kt-gold-drops-for-women-ngo-stdr-p-p-77165,64908.33,75239.0,0.8626952777150149,
1329,Classic Finely Detailed And Crafted 22KT Gold Drops For Women,https://www.bhimagold.com/products/classic-finely-detailed-and-crafted-22kt-gold-drops-for-women-ngo-stdr-p-p-81985,54901.05,63639.0,0.8626950454909725,
1330,Classic Finely Detailed And Crafted 22KT Gold Drops For Women,https://www.bhimagold.com/products/classic-finely-detailed-and-crafted-22kt-gold-drops-for-women-ngo-stdr-p-p-82023,51148.32,59289.0,0.8626949349795071,
1331,Premium Gorgeously Detailed And Studded 22KT Gold Haaram,https://www.bhimagold.com/products/premium-gorgeously-detailed-and-studded-22kt-gold-haaram-ngo-chfc-cspm-s-l-p-24764244,801833.31,929465.0,0.8626826292544636,
1332,Antique Finished And Studded 22KT Gold Drops,https://www.bhimagold.com/products/antique-finished-and-studded-22kt-gold-drops-ngo-stdr-oxp-s-l-ox-25195958,289516.17,335604.0,0.8626719884149175,
1333,Antique Finished And Studded 22KT Gold Bangles For Women,https://www.bhimagold.com/products/antique-finished-and-studded-22kt-gold-bangles-ngo-bgbb-ox-s-59692,309113.76,358339.0,0.8626294095814299,
1334,Antique Finished And Studded 22KT Gold Haaram For Women,https://www.bhimagold.com/products/antique-finished-and-studded-22kt-gold-haaram-for-women-ngo-chfc-s-69956,1122761.22,1301590.0,0.8626074416674989,
1335,Antique Finished And Studded 22KT Gold Haaram For Women,https://www.bhimagold.com/products/antique-finished-and-studded-22kt-gold-haaram-for-women-ngo-chfc-ox-s-66218,1026580.14,1190098.0,0.8626013487964856,
1336,Studded & Detailed 22KT Gold Double Hook Pendant For Women,https://www.bhimagold.com/products/studded-&-detailed-22kt-gold-double-hook-pendant-for-women-ngo-chlc-p-s-65094,392229.78,454755.0,0.8625078998581654,
1337,Classic Finely Detailed And Crafted 22KT Gold Studs For Women,https://www.bhimagold.com/products/classic-finely-detailed-and-crafted-22kt-gold-studs-for-women-ngo-stst-p-s-81374,58653.78,68009.0,0.8624414415739093,
1338,Premium Antique Finished And Studded 22KT Gold Fancy Chain,https://www.bhimagold.com/products/premium-antique-finished-and-studded-22kt-gold-fancy-chain-ngo-chfc-snp-s-l-ox-24781292,2160877.53,2505547.0,0.8624374358174083,
1339,Divinely Detailed And Antique Finished 22KT Gold Lakshmi Devi Oddiyanam,https://www.bhimagold.com/products/divinely-detailed-and-antique-finished-22kt-gold-lakshmi-devi-oddiyanam-ngo-chod-ast1-s-l-ox-2628520,3071540.01,3561588.0,0.8624074457798038,
1340,Studded And Detailed 22KT Gold Haaram For Women,https://www.bhimagold.com/products/studded-and-detailed-22kt-gold-haaram-for-women-ngo-chfc-sw-s-l-p-25115129,667568.97,774082.0,0.8624008438382497,
1341,Studded And Detailed 22KT Gold Studs For Women,https://www.bhimagold.com/products/studded-and-detailed-22kt-gold-studs-for-women-ngo-stst-p-s-73510,108968.16,126361.0,0.8623559484334565,
1342,Classic Finely Detailed 22KT Gold Studs For Women,https://www.bhimagold.com/products/classic-finely-detailed-22kt-gold-studs-ngo-stst-p-s-59329,62267.52,72208.0,0.8623354752935962,
1343,Studded And Detailed 22KT Gold Studs For Women,https://www.bhimagold.com/products/studded-and-detailed-22kt-gold-studs-for-women-ngo-stst-p-s-80983,124396.05,144264.0,0.86228061054733,
1344,Divinely Detailed And Antique Finished 22KT Gold Ashtalakshmi Bangles,https://www.bhimagold.com/products/divinely-detailed-and-antique-finished-22kt-gold-ashtalakshmi-bangles-ngo-bgbb-ast1-s-l-ox-2628469,1137633.15,1319393.0,0.8622397951179064,
1345,Antique Finished And Studded 22KT Gold Baby Bangles,https://www.bhimagold.com/products/antique-finished-and-studded-22kt-gold-baby-bangles-ngo-bgbl-p-s-65080,153861.93,178448.0,0.8622227763830359,
1346,Classic Finely Detailed And Crafted 22KT Gold Baby Bangles,https://www.bhimagold.com/products/classic-finely-detailed-and-crafted-22kt-gold-baby-bangles-ngo-bgbb-s-74941,255880.59,296769.0,0.8622214247444983,
1347,Finely Detailed And Studded 22KT Gold Drops For Women,https://www.bhimagold.com/products/finely-detailed-and-studded-22kt-gold-drops-for-women-ngo-stst-p-s-71496,62406.51,72380.0,0.8622065487703786,
1348,Antique Finished And Studded 22KT Gold Drops,https://www.bhimagold.com/products/antique-finished-and-studded-22kt-gold-drops-ngo-stdr-pcw-s-l-ox-24909672,372910.17,432517.0,0.862186156844702,
1349,Premium Gorgeously Detailed And Studded 22KT Gold Fancy Chain,https://www.bhimagold.com/products/premium-gorgeously-detailed-and-studded-22kt-gold-fancy-chain-ngo-chfc-cspm-s-l-p-24739442,745542.36,864721.0,0.8621767714673287,
1350,Studded And Detailed 22KT Gold Studs For Women,https://www.bhimagold.com/products/studded-and-detailed-22kt-gold-studs-for-women-ngo-stst-p-s-81577,58375.8,67708.0,0.8621699060672299,
1351,Antique Finished And Studded 22KT Gold Sri Krishna Necklace For Women,https://www.bhimagold.com/products/antique-finished-and-studded-22kt-gold-sri-krishna-necklace-ngo-chnc-ox-s-64686,1365993.72,1584434.0,0.862133556841118,
1352,Divinely Detailed And Antique Finished 22KT Gold Sri Krishna Haaram For Women,https://www.bhimagold.com/products/divinely-detailed-and-antique-finished-22kt-gold-sri-krishna-haaram-ngo-chfc-ox-s-64749,2944086.18,3414934.0,0.8621209604636576,
1353,Antique Finished And Studded 22KT Gold Haaram,https://www.bhimagold.com/products/antique-finished-and-studded-22kt-gold-haaram-ngo-chfc-ox-s-60749,866324.67,1004899.0,0.8621012360446174,
1354,Premium Gorgeously Detailed And Studded 22KT Gold Haaram,https://www.bhimagold.com/products/premium-gorgeously-detailed-and-studded-22kt-gold-haaram-ngo-chfc-cspm-s-l-na-25830582,1369468.47,1588808.0,0.8619471138111087,
1355,Antique Finished And Studded 22KT Gold Haaram,https://www.bhimagold.com/products/antique-finished-and-studded-22kt-gold-haaram-ngo-chfc-pcw-s-l-ox-25133233,762638.13,884833.0,0.8619006411379323,
1356,Premium Antique Finished And Studded 22KT Gold 10 In 1 Haaram,https://www.bhimagold.com/products/premium-antique-finished-and-studded-22kt-gold-10-in-1-haaram-ngo-chfc-gtp-s-l-g-2564472,1381977.57,1603469.0,0.8618673451123783,
1357,Studded & Detailed 22KT Gold Double Hook Pendant For Women,https://www.bhimagold.com/products/studded-&-detailed-22kt-gold-double-hook-pendant-for-women-ngo-chdp-p-s-69154,123423.12,143208.0,0.8618451483157366,
1358,Antique Finished And Studded 22KT Gold Bangles For Women,https://www.bhimagold.com/products/antique-finished-and-studded-22kt-gold-bangles-for-women-ngo-bgbb-ox-s-69482,327738.42,380333.0,0.8617143923877233,
1359,Antique Finished And Studded 22KT Gold Lakshmi Devi Haaram,https://www.bhimagold.com/products/antique-finished-and-studded-22kt-gold-lakshmi-devi-haaram-ngo-chfc-ast1-s-l-ox-25432985,3560367.84,4132365.0,0.8615811623610208,
1360,Classic Black Beaded & Detailed 22KT Gold Mangalsutra For Women,https://www.bhimagold.com/products/classic-black-beaded-&-detailed-22kt-gold-mangalsutra-for-women-ngo-chms-p-p-82056,64769.34,75179.0,0.8615350031258728,
1361,Specially Crafted 22KT Gold Stud Earrings For Women,https://www.bhimagold.com/products/specially-crafted-22kt-gold-stud-earrings-for-women-ngo-stet-p-p-67996,56707.92,65822.0,0.8615344413721856,
1362,Black Beaded And Specially Crafted 22KT Gold Mangalsutra For Women,https://www.bhimagold.com/products/black-beaded-and-specially-crafted-22kt-gold-mangalsutra-for-women-ngo-chms-p-p-81045,80753.19,93732.0,0.8615327742926642,
1363,Classic Black Beaded & Detailed 22KT Gold Mangalsutra For Women,https://www.bhimagold.com/products/classic-black-beaded-&-detailed-22kt-gold-mangalsutra-for-women-ngo-chms-p-p-82057,71023.89,82439.0,0.8615326483824404,
1364,Classic Black Beaded & Detailed 22KT Gold Mangalsutra For Women,https://www.bhimagold.com/products/classic-black-beaded-&-detailed-22kt-gold-mangalsutra-for-women-ngo-chms-p-p-82046,91316.43,105993.0,0.8615326483824403,
1365,Classic Finely Detailed And Crafted 22KT Gold Necklace For Women,https://www.bhimagold.com/products/classic-finely-detailed-and-crafted-22kt-gold-necklace-for-women-ngo-chnc-g-s-81158,495777.33,575461.0,0.8615307205874942,
1366,Black Beaded And Detailed 22KT Gold Mangalsutra For Women,https://www.bhimagold.com/products/black-beaded-and-detailed-22kt-gold-mangalsutra-for-women-ngo-chms-p-p-80831,77695.41,90183.0,0.8615305545391039,
1367,Black Beaded And Detailed 22KT Gold Mangalsutra For Women,https://www.bhimagold.com/products/black-beaded-and-detailed-22kt-gold-mangalsutra-for-women-ngo-chms-p-p-80850,83532.99,96959.0,0.8615289967924588,
1368,Black Beaded And Specially Crafted 22KT Gold Mangalsutra For Women,https://www.bhimagold.com/products/black-beaded-and-specially-crafted-22kt-gold-mangalsutra-for-women-ngo-chms-p-p-81092,73386.72,85182.0,0.8615284919349159,
1369,Black Beaded And Detailed 22KT Gold Mangalsutra For Women,https://www.bhimagold.com/products/black-beaded-and-detailed-22kt-gold-mangalsutra-for-women-ngo-chms-p-p-80994,71162.88,82601.0,0.8615256473892569,
1370,Antique Finished And Studded 22KT Gold Necklace,https://www.bhimagold.com/products/antique-finished-and-studded-22kt-gold-necklace-ngo-chnc-ops-s-l-ox-24888631,1077311.49,1250488.0,0.8615128573804787,
1371,Traditionally Crafted And Detailed 22KT Gold Haaram,https://www.bhimagold.com/products/traditionally-crafted-and-detailed-22kt-gold-haaram-ngo-chfc-pcw-s-l-na-2654571,1221027.15,1417429.0,0.8614379626774956,
1372,Antique Finished And Studded 22KT Gold Haaram For Women,https://www.bhimagold.com/products/antique-finished-and-studded-22kt-gold-haaram-for-women-ngo-chfc-ox-s-81327,565272.33,656284.0,0.8613227352792387,
1373,Antique Finished And Studded 22KT Gold Haaram For Women,https://www.bhimagold.com/products/antique-finished-and-studded-22kt-gold-haaram-for-women-ngo-chfc-ox-s-66752,1414362.24,1642151.0,0.8612863494282803,
1374,Antique Finished & Studded 22KT Gold Radha Krishna Haaram For Women,https://www.bhimagold.com/products/antique-finished-&-studded-22kt-gold-radha-krishna-haaram-for-women-ngo-chfc-ox-s-67696,583896.99,677947.0,0.8612723265978018,
1375,Specially Crafted And Detailed 22KT Gold Necklace For Women,https://www.bhimagold.com/products/specially-crafted-and-detailed-22kt-gold-necklace-for-women-ngo-chnc-ox-s-81149,527050.08,612011.0,0.861177462496589,
1376,Antique Finished And Studded 22KT Gold Haaram For Women,https://www.bhimagold.com/products/antique-finished-and-studded-22kt-gold-haaram-for-women-ngo-chfc-ox-s-65310,944437.05,1096688.0,0.861172047109114,
1377,Antique Finished And Studded 22KT Gold Sri Krishna Drops For Women,https://www.bhimagold.com/products/antique-finished-and-studded-22kt-gold-sri-krishna-drops-for-women-ngo-stdr-ox-s-66256,583202.04,677232.0,0.861155468140903,
1378,Traditionally Crafted And Detailed 22KT Gold Double Hook Pendant For Women,https://www.bhimagold.com/products/traditionally-crafted-and-detailed-22kt-gold-double-hook-pendant-for-women-ngo-chdp-p-s-74325,108551.19,126054.0,0.8611483173877862,
1379,Antique Finished And Studded 22KT Gold Haaram,https://www.bhimagold.com/products/antique-finished-and-studded-22kt-gold-haaram-ngo-chfc-ox-s-59822,1230617.46,1429126.0,0.8610979437782252,
1380,Studded & Detailed 22KT Gold Sri Krishna Matty For Women,https://www.bhimagold.com/products/studded-&-detailed-22kt-gold-sri-krishna-matty-for-women-ngo-chmt-ox-s-65204,312310.53,362693.0,0.8610878346149499,
1381,Antique Finished And Studded 22KT Gold Haaram,https://www.bhimagold.com/products/antique-finished-and-studded-22kt-gold-haaram-ngo-chfc-ox-s-61262,1204209.36,1398527.0,0.861055496247123,
1382,Antique Finished And Studded 22KT Gold Sri Krishna Necklace For Women,https://www.bhimagold.com/products/antique-finished-and-studded-22kt-gold-sri-krishna-necklace-for-women-ngo-chnc-ox-s-81360,686193.63,796939.0,0.8610365787092864,
1383,Antique Finished And Studded 22KT Gold Necklace For Women,https://www.bhimagold.com/products/antique-finished-and-studded-22kt-gold-necklace-for-women-ngo-chnc-ox-s-77584,500919.96,581820.0,0.8609534907703413,
1384,Studded And Detailed 22KT Gold Haaram For Women,https://www.bhimagold.com/products/studded-and-detailed-22kt-gold-haaram-for-women-ngo-chfc-cspm-s-l-p-25339498,688834.44,800120.0,0.860913912913063,
1385,Antique Finished And Studded 22KT Gold Sri Krishna Haaram For Women,https://www.bhimagold.com/products/antique-finished-and-studded-22kt-gold-sri-krishna-haaram-for-women-ngo-chfc-ox-s-81365,1019213.67,1183916.0,0.8608834326083945,
1386,Antique Finished And Studded 22KT Gold Sri Krishna Necklace,https://www.bhimagold.com/products/antique-finished-and-studded-22kt-gold-sri-krishna-necklace-ngo-chnc-ox-s-64774,814898.37,946632.0,0.8608396610298406,
1387,Premium Antique Finished And Studded 22KT Gold Haaram,https://www.bhimagold.com/products/premium-antique-finished-and-studded-22kt-gold-haaram-ngo-chfc-oxp-s-l-ox-24807181,932066.94,1082746.0,0.8608361887275501,
1388,Antique Finished And Studded 22KT Gold Gajalakshmi Bangles,https://www.bhimagold.com/products/antique-finished-and-studded-22kt-gold-gajalakshmi-bangles-ngo-bgbb-ast1-s-l-ox-2628421,1637024.22,1901708.0,0.8608178647826059,
1389,Antique Finished And Studded 22KT Gold Haaram,https://www.bhimagold.com/products/antique-finished-and-studded-22kt-gold-haaram-ngo-chfc-ox-s-61326,1140412.95,1324810.0,0.860812456125784,
1390,Antique Finished And Studded 22KT Gold Haaram For Women,https://www.bhimagold.com/products/antique-finished-and-studded-22kt-gold-haaram-for-women-ngo-chfc-ox-s-73716,1045204.8,1214400.0,0.8606758893280633,
1391,Divinely Detailed And Antique Finished 22KT Gold Sri Krishna Haaram For Women,https://www.bhimagold.com/products/divinely-detailed-and-antique-finished-22kt-gold-sri-krishna-haaram-for-women-ngo-chfc-ox-s-72760,1038394.29,1206563.0,0.8606216915320626,
1392,Traditionally Crafted And Detailed 22KT Gold Drops For Women,https://www.bhimagold.com/products/traditionally-crafted-and-detailed-22kt-gold-drops-for-women-ngo-stdr-g-s-80973,96042.09,111598.0,0.8606076273768347,
1393,Adjustable And Crafted 22KT Gold Baby Bangles,https://www.bhimagold.com/products/adjustable-and-crafted-22kt-gold-baby-bangles-ngo-bgbl-p-p-81307,40585.08,47159.0,0.8606009457367629,
1394,Antique Finished And Studded 22KT Gold Necklace,https://www.bhimagold.com/products/antique-finished-and-studded-22kt-gold-necklace-ngo-chnc-rsl-s-l-ox-25305703,1090237.56,1266858.0,0.8605838696996823,
1395,Antique Finished And Studded 22KT Gold Choker For Women,https://www.bhimagold.com/products/antique-finished-and-studded-22kt-gold-choker-for-women-ngo-chkr-ox-s-81054,691892.22,804135.0,0.8604179895166856,
1396,Specially Crafted and Detailed 22KT Gold Studs For Women,https://www.bhimagold.com/products/specially-crafted-and-detailed-22kt-gold-studs-for-women-ngo-stet-p-s-81176,66854.19,77702.0,0.8603921391984762,
1397,Antique Finished And Studded 22KT Gold Haaram,https://www.bhimagold.com/products/antique-finished-and-studded-22kt-gold-haaram-ngo-chfc-pcw-s-l-ox-25298404,1133324.46,1317229.0,0.8603852936733096,
1398,Antique Finished And Studded 22KT Gold Haaram,https://www.bhimagold.com/products/antique-finished-and-studded-22kt-gold-haaram-ngo-chfc-ox-s-59828,1262585.16,1467653.0,0.8602749832555787,
1399,Antique Finished And Studded 22KT Gold Haaram For Women,https://www.bhimagold.com/products/antique-finished-and-studded-22kt-gold-haaram-for-women-ngo-chfc-ox-s-77392,956251.2,1111614.0,0.8602367368529004,
1400,Antique Finished And Studded 22KT Gold Choker For Women,https://www.bhimagold.com/products/antique-finished-and-studded-22kt-gold-choker-for-women-ngo-chkr-ox-s-74626,899682.27,1045946.0,0.8601612989580725,
1401,Antique Finished And Studded 22KT Gold Haaram,https://www.bhimagold.com/products/antique-finished-and-studded-22kt-gold-haaram-ngo-chfc-pcw-s-l-ox-2580233,1261612.23,1466724.0,0.8601565325173652,
1402,Antique Finished And Studded 22KT Gold Choker For Women,https://www.bhimagold.com/products/antique-finished-and-studded-22kt-gold-choker-for-women-ngo-chkr-sens-s-l-ox-24802774,874942.05,1017194.0,0.8601525864289409,
1403,Classic Finely Detailed And Crafted 22KT Gold Drops For Women,https://www.bhimagold.com/products/classic-finely-detailed-and-crafted-22kt-gold-drops-for-women-ngo-stdr-g-s-80964,82004.1,95352.0,0.860014472690662,
1404,Antique Finished And Studded 22KT Gold Necklace,https://www.bhimagold.com/products/antique-finished-and-studded-22kt-gold-necklace-ngo-chnc-pcw-s-l-ox-25176673,536084.43,623349.0,0.8600068821799667,
1405,Classic Finely Detailed And Crafted 22KT Gold Chain For Kids,https://www.bhimagold.com/products/classic-finely-detailed-and-crafted-22kt-gold-chain-for-kids-ngo-chmc-p-p-81650,46144.68,53657.0,0.859993663454908,
1406,Fancy Antique Finished And Studded 22KT Gold Necklace For Women,https://www.bhimagold.com/products/fancy-antique-finished-and-studded-22kt-gold-necklace-for-women-ngo-chnc-ox-s-80824,752630.85,875161.0,0.8599913044571227,
1407,Antique Finished And Studded 22KT Gold Haaram,https://www.bhimagold.com/products/antique-finished-and-studded-22kt-gold-haaram-ngo-chfc-osp-s-l-ox-24522381,909272.58,1057347.0,0.8599566462098062,
1408,Divinely Detailed And Antique Finished 22KT Gold Dashavatharam Haaram For Women,https://www.bhimagold.com/products/divinely-detailed-and-antique-finished-22kt-gold-dashavatharam-haaram-for-women-ngo-chfc-ox-s-73402,2068866.15,2405859.0,0.8599282626288572,
1409,Specially Crafted And Detailed 22KT Gold Necklace For Women,https://www.bhimagold.com/products/specially-crafted-and-detailed-22kt-gold-necklace-for-women-ngo-chnc-ox-s-81132,421556.67,490232.0,0.8599125924052285,
1410,Antique Finished And Studded 22KT Gold Matty,https://www.bhimagold.com/products/antique-finished-and-studded-22kt-gold-matty-ngo-chnc-p-s-61172,452412.45,526163.0,0.8598332645967125,
1411,Antique Finished And Studded 22KT Gold Choker,https://www.bhimagold.com/products/antique-finished-and-studded-22kt-gold-choker-ngo-chkr-rsl-s-l-ox-24893814,1281209.82,1490401.0,0.8596410093659358,
1412,Antique Finished And Studded 22KT Gold Ashta Lakshmi Fancy Chain,https://www.bhimagold.com/products/antique-finished-and-studded-22kt-gold-ashta-lakshmi-fancy-chain-ngo-chfc-ast1-s-l-ox-2628490,3137977.23,3650815.0,0.8595278670652992,
1413,Antique Finished And Studded 22KT Gold Bangles For Kids,https://www.bhimagold.com/products/antique-finished-and-studded-22kt-gold-bangles-for-kids-ngo-bgbl-ox-s-76894,116056.65,135029.0,0.8594942567892823,
1414,Antique Finished And Studded 22KT Gold Haaram,https://www.bhimagold.com/products/antique-finished-and-studded-22kt-gold-haaram-ngo-chfc-pcw-s-l-ox-24677205,1197815.82,1393697.0,0.8594521047257762,
1415,Traditionally Crafted And Detailed 22KT Gold Haaram,https://www.bhimagold.com/products/traditionally-crafted-and-detailed-22kt-gold-haaram-ngo-chfc-pcw-s-l-ox-25624945,948050.79,1103113.0,0.8594321615283294,
1416,Studded And Detailed 22KT Gold Studs For Women,https://www.bhimagold.com/products/studded-and-detailed-22kt-gold-studs-for-women-ngo-stet-p-s-74362,119392.41,138932.0,0.8593586070883598,
1417,Classic Finely Detailed And Crafted 22KT Gold Locket For Women,https://www.bhimagold.com/products/classic-finely-detailed-and-crafted-22kt-gold-locket-for-women-ngo-chlc-p-p-81224,98682.9,114855.0,0.859195507378869,
1418,Classic Finely Detailed And Crafted 22KT Gold Baby Bangles,https://www.bhimagold.com/products/classic-finely-detailed-and-crafted-22kt-gold-baby-bangles-ngo-bgbl-p-p-73451,52121.25,60663.0,0.859193412788685,
1419,Antique Finished And Studded 22KT Gold Haaram For Women,https://www.bhimagold.com/products/antique-finished-and-studded-22kt-gold-haaram-for-women-ngo-chfc-ox-s-75960,992944.56,1155774.0,0.8591165400848263,
1420,Antique Finished 22KT Gold Bangles For Women,https://www.bhimagold.com/products/antique-finished-22kt-gold-bangles-ngo-bgbb-s-58234,836441.82,973611.0,0.8591129516819345,
1421,Antique Finished And Studded 22KT Gold Sri Krishna Oddiyanam,https://www.bhimagold.com/products/antique-finished-and-studded-22kt-gold-sri-krishna-oddiyanam-ngo-chod-pcw-s-l-ox-26126143,2139195.09,2490177.0,0.8590534287321744,
1422,Studded And Detailed 22KT Gold Necklace For Women,https://www.bhimagold.com/products/studded-and-detailed-22kt-gold-necklace-for-women-ngo-chnc-p-s-81356,189721.35,220851.0,0.8590468234239375,
1423,Antique Finished And Studded 22KT Gold Oddiyanam,https://www.bhimagold.com/products/antique-finished-and-studded-22kt-gold-oddiyanam-ngo-chod-rsl-s-l-ox-2526082,2131272.66,2481089.0,0.8590069360671867,
1424,Antique Finished And Studded 22KT Gold Bangles,https://www.bhimagold.com/products/antique-finished-and-studded-22kt-gold-bangles-ngo-bgbb-pbb-s-l-ox-2549808,415024.14,483201.0,0.8589057969664798,
1425,Antique Finished And Studded 22KT Gold Haaram,https://www.bhimagold.com/products/antique-finished-and-studded-22kt-gold-haaram-ngo-chfc-pcw-s-l-ox-25194253,1214355.63,1414255.0,0.8586539414744865,
1426,Antique Finished And Studded 22KT Gold Drops For Women,https://www.bhimagold.com/products/antique-finished-and-studded-22kt-gold-drops-for-women-ngo-stdr-ox-s-77609,157892.64,183894.0,0.8586068060948155,
1427,Antique Finished And Studded 22KT Gold Drops,https://www.bhimagold.com/products/antique-finished-and-studded-22kt-gold-drops-ngo-stdr-oxp-s-l-na-25864586,367628.55,428179.0,0.8585861286985116,
1428,Divinely Detailed And Antique Finished 22KT Gold Sri Krishna Haaram,https://www.bhimagold.com/products/divinely-detailed-and-antique-finished-22kt-gold-sri-krishna-haaram-ngo-chfc-ox-s-63245,1716804.48,2000253.0,0.8582936658512698,
1429,Antique Finished And Studded 22KT Gold Haaram,https://www.bhimagold.com/products/antique-finished-and-studded-22kt-gold-haaram-ngo-chfc-pcw-s-l-ox-25172555,1346674.11,1569062.0,0.8582669837138367,
1430,Antique Finished And Studded 22KT Gold Haaram,https://www.bhimagold.com/products/antique-finished-and-studded-22kt-gold-haaram-ngo-chfc-op-s-l-ox-25234806,1417003.05,1651065.0,0.8582357750906233,
1431,Classic Finely Detailed And Crafted 22KT Gold Ganesha Locket For Men,https://www.bhimagold.com/products/classic-finely-detailed-and-crafted-22kt-gold-ganesha-locket-for-men-ngo-chlc-p-p-79061,54484.08,63498.0,0.8580440328829255,
1432,Classic Finely Detailed And Crafted 22KT Gold Ganesha Locket For Men,https://www.bhimagold.com/products/classic-finely-detailed-and-crafted-22kt-gold-ganesha-locket-for-men-ngo-chlc-p-p-81112,55873.98,65118.0,0.8580420160324335,
1433,Classic Finely Detailed And Crafted 22KT Gold Ring For Men,https://www.bhimagold.com/products/classic-finely-detailed-and-crafted-22kt-gold-ring-for-men-ngo-rgrg-p-79210,56012.97,65280.0,0.8580418198529411,
1434,Classic Finely Detailed And Crafted 22KT Gold Ring For Women,https://www.bhimagold.com/products/classic-finely-detailed-and-crafted-22kt-gold-ring-for-women-ngo-rgrg-p-p-77122,56290.95,65604.0,0.8580414304005853,
1435,Classic Finely Detailed And Crafted 22KT Gold Drops For Women,https://www.bhimagold.com/products/classic-finely-detailed-and-crafted-22kt-gold-drops-for-women-ngo-stdr-p-p-82021,65881.26,76781.0,0.8580411820632708,
1436,Classic Finely Detailed And Crafted 22KT Gold Bracelet For Women,https://www.bhimagold.com/products/classic-finely-detailed-and-crafted-22kt-gold-bracelet-for-women-ngo-bgbr-p-p-81434,94930.17,110636.0,0.8580405112260023,
1437,Classic Finely Detailed And Crafted 22KT Gold Necklace For Women,https://www.bhimagold.com/products/classic-finely-detailed-and-crafted-22kt-gold-necklace-for-women-ngo-chnc-p-p-80727,57541.86,67062.0,0.8580397244341058,
1438,Classic Finely Detailed And Crafted 22KT Gold Tamil Om With Vel Ring For Men,https://www.bhimagold.com/products/classic-finely-detailed-and-crafted-22kt-gold-tamil-om-with-vel-ring-for-men-ngo-rgrg-p-p-81445,58097.82,67710.0,0.8580389898094816,
1439,Finely Detailed And Crafted 22KT Gold Ring For Women,https://www.bhimagold.com/products/finely-detailed-and-crafted-22kt-gold-ring-for-women-ngo-rgrg-p-p-81296,58514.79,68196.0,0.8580384480028155,
1440,Classic Finely Detailed And Crafted 22KT Gold Studs For Women,https://www.bhimagold.com/products/classic-finely-detailed-and-crafted-22kt-gold-studs-for-women-ngo-stst-p-p-81609,50314.38,58639.0,0.8580361193062637,
1441,Classic Finely Detailed And Crafted 22KT Gold Ring For Men,https://www.bhimagold.com/products/classic-finely-detailed-and-crafted-22kt-gold-ring-for-men-ngo-rgrg-p-p-79667,70467.93,82127.0,0.8580360904452858,
1442,Fancy Finely Detailed And Crafted 22KT Gold Bracelet For Women,https://www.bhimagold.com/products/fancy-finely-detailed-and-crafted-22kt-gold-bracelet-for-women-ngo-bgbr-p-p-77054,51009.33,59449.0,0.8580351225420109,
1443,Classic Finely Detailed And Crafted 22KT Gold Ganesha Locket For Men,https://www.bhimagold.com/products/classic-finely-detailed-and-crafted-22kt-gold-ganesha-locket-for-men-ngo-chlc-p-p-78753,51009.33,59449.0,0.8580351225420109,
1444,Classic Finely Detailed And Crafted 22KT Gold Ring For Men,https://www.bhimagold.com/products/classic-finely-detailed-and-crafted-22kt-gold-ring-for-men-ngo-rgrg-p-79037,92150.37,107397.0,0.8580348613089751,
1445,Classic Finely Detailed And Crafted 22KT Gold Bracelet For Kids,https://www.bhimagold.com/products/classic-finely-detailed-and-crafted-22kt-gold-bracelet-for-kids-ngo-bgbr-p-p-79924,51843.27,60421.0,0.8580339617020571,
1446,Classic Finely Detailed And Crafted 22KT Gold Ring For Men,https://www.bhimagold.com/products/classic-finely-detailed-and-crafted-22kt-gold-ring-for-men-ngo-rgrg-p-79031,83532.99,97354.0,0.8580334654970521,
1447,Gorgeously Detailed And Studded 22KT Gold Ring For Women,https://www.bhimagold.com/products/gorgeously-detailed-and-studded-22kt-gold-ring-for-women-ngo-rgrg-p-p-81310,62684.49,73056.0,0.8580334264126149,
1448,Classic Finely Detailed And Crafted 22KT Gold Necklace For Women,https://www.bhimagold.com/products/classic-finely-detailed-and-crafted-22kt-gold-necklace-for-women-ngo-chnc-p-p-80774,52677.21,61393.0,0.8580328376199241,
1449,Matte Finished And Detailed 22KT Gold Ring For Men,https://www.bhimagold.com/products/matte-finished-and-detailed-22kt-gold-ring-for-men-ngo-rgrg-spc-p-g-p-25776165,52816.2,61555.0,0.8580326537243116,
1450,Classic Finely Detailed And Crafted 22KT Gold Studs For Women,https://www.bhimagold.com/products/classic-finely-detailed-and-crafted-22kt-gold-studs-for-women-ngo-stst-p-p-81518,52955.19,61717.0,0.8580324707941086,
1451,Classic Finely Detailed And Crafted 22KT Gold Baby Bangles,https://www.bhimagold.com/products/classic-finely-detailed-and-crafted-22kt-gold-baby-bangles-ngo-bgbl-p-p-81568,54067.11,63013.0,0.8580310412137178,
1452,Specially Crafted And Detailed 22KT Gold Necklace For Women,https://www.bhimagold.com/products/specially-crafted-and-detailed-22kt-gold-necklace-for-women-ngo-chfc-ox-s-76470,928870.17,1082563.0,0.8580287428999513,
1453,Antique Finished And Studded 22KT Gold Chandbali Drops,https://www.bhimagold.com/products/antique-finished-and-studded-22kt-gold-chandbali-drops-ngo-stdr-chp-s-l-ox-24677181,364709.76,425134.0,0.8578701303588986,
1454,Divinely Detailed & Studded 22KT Gold Sri Krishna Matty For Women,https://www.bhimagold.com/products/divinely-detailed-&-studded-22kt-gold-sri-krishna-matty-for-women-ngo-chmt-ox-s-72428,346780.05,404261.0,0.8578122796905959,
1455,Antique Finished And Studded 22KT Gold Sri Krishna Drops,https://www.bhimagold.com/products/antique-finished-and-studded-22kt-gold-sri-krishna-drops-ngo-stdr-ox-s-58197,415302.12,484152.0,0.8577928419174143,
1456,Antique Finished And Studded 22KT Gold Ram Parivar Haaram,https://www.bhimagold.com/products/antique-finished-and-studded-22kt-gold-ram-parivar-haaram-ngo-chfc-ramr-s-l-ox-2580317,886478.22,1033454.0,0.8577819815879565,
1457,Antique Finished And Studded 22KT Gold Haaram,https://www.bhimagold.com/products/antique-finished-and-studded-22kt-gold-haaram-ngo-chfc-pcw-s-l-ox-2550537,1280236.89,1492581.0,0.8577336104372224,
1458,Studded And Detailed 22KT Gold Drops For Women,https://www.bhimagold.com/products/studded-and-detailed-22kt-gold-drops-for-women-ngo-stdr-p-s-81637,121616.25,141798.0,0.857672534168324,
1459,Antique Finished And Studded 22KT Gold Haaram For Women,https://www.bhimagold.com/products/antique-finished-and-studded-22kt-gold-haaram-for-women-ngo-chfc-ox-s-77449,846171.12,986712.0,0.8575664631625033,
1460,Antique Finished And Studded 22KT Gold Drops For Women,https://www.bhimagold.com/products/antique-finished-and-studded-22kt-gold-drops-for-women-ngo-stdr-ox-s-78884,362624.91,422971.0,0.8573280674088767,
1461,Studded And Detailed 22KT Gold Ring For Men,https://www.bhimagold.com/products/studded-and-detailed-22kt-gold-ring-for-men-ngo-rgrg-p-s-77131,52955.19,61768.0,0.8573240189094677,
1462,Antique Finished And Detailed 22KT Gold Sri Krishna Fancy Chain,https://www.bhimagold.com/products/antique-finished-and-detailed-22kt-gold-sri-krishna-fancy-chain-ngo-chfc-rsl-s-l-ox-25285515,3038877.36,3544616.0,0.857322023034371,
1463,Studded And Detailed 22KT Gold Drops For Women,https://www.bhimagold.com/products/studded-and-detailed-22kt-gold-drops-for-women-ngo-stdr-p-s-71978,200006.61,233306.0,0.8572716089599066,
1464,Antique Finished And Studded 22KT Gold Haaram,https://www.bhimagold.com/products/antique-finished-and-studded-22kt-gold-haaram-ngo-chfc-ramr-s-l-ox-2550617,773896.32,902791.0,0.8572264455449821,
1465,Antique Finished And Detailed 22KT Gold Drops,https://www.bhimagold.com/products/antique-finished-and-detailed-22kt-gold-drops-ngo-stdr-oxp-s-l-ox-25220843,274088.28,319740.0,0.8572223681741415,
1466,Antique Finished And Studded 22KT Gold Haaram,https://www.bhimagold.com/products/antique-finished-and-studded-22kt-gold-haaram-ngo-chfc-pcw-s-l-ox-24712329,1229366.55,1434188.0,0.8571864706719063,
1467,Antique Finished And Studded 22KT Gold 3 In 1 Fancy Chain,https://www.bhimagold.com/products/antique-finished-and-studded-22kt-gold-3-in-1-fancy-chain-ngo-chfc-pcw-s-l-ox-2569203,1158481.65,1351498.0,0.8571833994574908,
1468,Antique Finished And Studded 22KT Gold Haaram,https://www.bhimagold.com/products/antique-finished-and-studded-22kt-gold-haaram-ngo-chfc-pcw-s-l-ox-2546882,1104692.52,1288913.0,0.8570729909621518,
1469,Antique Finished And Studded 22KT Gold Drops,https://www.bhimagold.com/products/antique-finished-and-studded-22kt-gold-drops-ngo-stdr-oxp-s-l-ox-25691294,331908.12,387280.0,0.857023652137988,
1470,Antique Finished And Studded 22KT Gold Mehndi Bracelet,https://www.bhimagold.com/products/antique-finished-and-studded-22kt-gold-mehndi-bracelet-ngo-bgbb-mb-s-l-ox-25275444,925395.42,1079817.0,0.8569928237840301,
1471,Classic Finely Detailed And Crafted 22KT Gold Ring For Kids,https://www.bhimagold.com/products/classic-finely-detailed-and-crafted-22kt-gold-ring-for-kids-ngo-rgbr-p-p-78219,13204.05,15408.0,0.8569606697819314,
1472,Classic Finely Detailed And Crafted 22KT Gold Ring For Kids,https://www.bhimagold.com/products/classic-finely-detailed-and-crafted-22kt-gold-ring-for-kids-ngo-rgbr-p-p-78185,12231.12,14273.0,0.8569410775590276,
1473,Classic Finely Detailed And Crafted 22KT Gold Ring For Kids,https://www.bhimagold.com/products/classic-finely-detailed-and-crafted-22kt-gold-ring-for-kids-ngo-rgbr-p-p-79609,13621.02,15895.0,0.8569374016986474,
1474,Classic Finely Detailed And Crafted 22KT Gold Ring For Kids,https://www.bhimagold.com/products/classic-finely-detailed-and-crafted-22kt-gold-ring-for-kids-ngo-rgbr-p-p-78273,12092.13,14111.0,0.8569293459003614,
1475,Studded And Detailed 22KT Gold Ring For Men,https://www.bhimagold.com/products/studded-and-detailed-22kt-gold-ring-ngo-rgrg-p-s-63684,67132.17,78343.0,0.8569006803415748,
1476,Antique Finished And Studded 22KT Gold Haaram,https://www.bhimagold.com/products/antique-finished-and-studded-22kt-gold-haaram-ngo-chfc-osp-s-l-ox-24743313,821291.91,958462.0,0.856885207759932,
1477,Antique Finished And Studded 22KT Gold Drops,https://www.bhimagold.com/products/antique-finished-and-studded-22kt-gold-drops-ngo-stdr-pcw-s-l-ox-2524518,296743.65,346355.0,0.8567615596714354,
1478,Antique Finished And Detailed 22KT Gold Haaram,https://www.bhimagold.com/products/antique-finished-and-detailed-22kt-gold-haaram-ngo-chfc-osp-s-l-ox-24743238,941657.25,1099093.0,0.8567584817663292,
1479,Premium Gorgeously Detailed And Studded 22KT Gold Studs For Women,https://www.bhimagold.com/products/premium-gorgeously-detailed-and-studded-22kt-gold-studs-for-women-ngo-stdr-ox-s-81007,160116.48,186899.0,0.8567005708965806,
1480,Antique Finished And Studded 22KT Gold Drops,https://www.bhimagold.com/products/antique-finished-and-studded-22kt-gold-drops-ngo-stdr-gcrs-s-l-g-2551475,760414.29,887671.0,0.8566397798283374,
1481,Antique Finished And Studded 22KT Gold Necklace,https://www.bhimagold.com/products/antique-finished-and-studded-22kt-gold-necklace-ngo-chnc-oxp-s-l-ox-24919953,1198232.79,1398775.0,0.8566301156368966,
1482,Studded And Detailed 22KT Gold Ring For Men,https://www.bhimagold.com/products/studded-and-detailed-22kt-gold-ring-for-men-ngo-rgrg-p-s-77059,50731.35,59228.0,0.8565433578712771,
1483,Antique Finished And Studded 22KT Gold Haaram,https://www.bhimagold.com/products/antique-finished-and-studded-22kt-gold-haaram-ngo-chfc-oxp-s-l-ox-25195941,1289132.25,1505054.0,0.8565355462328926,
1484,Antique Finished And Studded 22KT Gold Haaram For Women,https://www.bhimagold.com/products/antique-finished-and-studded-22kt-gold-haaram-for-women-ngo-chfc-ox-s-78994,1424369.52,1662984.0,0.8565142659219812,
1485,Antique Finished And Detailed 22KT Gold Fancy Chain,https://www.bhimagold.com/products/antique-finished-and-detailed-22kt-gold-fancy-chain-ngo-chfc-okw-s-l-ox-2648890,1958091.12,2286357.0,0.856424049262648,
1486,Specially Crafted And Studded 22KT Gold Ring For Men,https://www.bhimagold.com/products/specially-crafted-and-studded-22kt-gold-ring-for-men-ngo-rgrg-p-s-81215,76722.48,89596.0,0.8563159069601322,
1487,Antique Finished And Studded 22KT Gold Necklace,https://www.bhimagold.com/products/antique-finished-and-studded-22kt-gold-necklace-ngo-chnc-oxp-s-l-ox-25195418,592375.38,691809.0,0.8562701265811806,
1488,Classic Antique Finished And Studded 22KT Gold Haaram,https://www.bhimagold.com/products/classic-antique-finished-and-studded-22kt-gold-haaram-ngo-chfc-srs-s-l-ox-25636971,1091488.47,1274717.0,0.8562594442531165,
1489,Antique Finished And Studded 22KT Gold Choker For Women,https://www.bhimagold.com/products/antique-finished-and-studded-22kt-gold-choker-for-women-ngo-chkr-ox-s-75978,593626.29,693325.0,0.8562020553131648,
1490,Antique Finished And Studded 22KT Gold Oddiyanam,https://www.bhimagold.com/products/antique-finished-and-studded-22kt-gold-oddiyanam-ngo-chod-pcw-s-l-ox-25176706,2327943.51,2719101.0,0.8561445529239259,
1491,Antique Finished And Studded 22KT Gold Mehndi Bracelet,https://www.bhimagold.com/products/antique-finished-and-studded-22kt-gold-mehndi-bracelet-ngo-bgbb-bmib-s-l-na-25910805,1030749.84,1203963.0,0.8561308279407257,
1492,Antique Finished And Studded 22KT Gold Ram Parivar Fancy Chain,https://www.bhimagold.com/products/antique-finished-and-studded-22kt-gold-ram-parivar-fancy-chain-ngo-chfc-rrr-s-l-ox-24919908,4936507.83,5766204.0,0.8561105070164011,
1493,Antique Finished And Studded 22KT Gold Haaram,https://www.bhimagold.com/products/antique-finished-and-studded-22kt-gold-haaram-ngo-chfc-pcw-s-l-ox-2580178,751935.9,878359.0,0.8560689877373603,
1494,Antique Finished And Studded 22KT Gold Choker For Women,https://www.bhimagold.com/products/antique-finished-and-studded-22kt-gold-choker-for-women-ngo-chkr-ox-s-75938,775008.24,905388.0,0.8559957057084918,
1495,Antique Finished And Studded 22KT Gold Haaram,https://www.bhimagold.com/products/antique-finished-and-studded-22kt-gold-haaram-ngo-chfc-pcw-s-l-ox-2591966,1169044.89,1365824.0,0.8559264517243802,
1496,Antique Finished And Studded 22KT Gold Haaram,https://www.bhimagold.com/products/antique-finished-and-studded-22kt-gold-haaram-ngo-chfc-pcw-s-l-ox-2511058,997809.21,1165768.0,0.8559243434371161,
1497,Antique Finished And Studded 22KT Gold Haaram,https://www.bhimagold.com/products/antique-finished-and-studded-22kt-gold-haaram-ngo-chfc-ramr-s-l-ox-2580250,1174465.5,1372165.0,0.8559214817459999,
1498,Antique Finished And Studded 22KT Gold Drops,https://www.bhimagold.com/products/antique-finished-and-studded-22kt-gold-drops-ngo-stdr-pcw-s-l-ox-25714936,335660.85,392199.0,0.8558432071473919,
1499,Antique Finished And Studded 22KT Gold Haaram,https://www.bhimagold.com/products/antique-finished-and-studded-22kt-gold-haaram-ngo-chfc-pcw-s-l-ox-2510891,1005036.69,1174375.0,0.8558055902075572,
1500,Antique Finished & Studded 22KT Gold Matty For Women,https://www.bhimagold.com/products/antique-finished-&-studded-22kt-gold-matty-for-women-ngo-chmt-ox-s-70712,250043.01,292181.0,0.8557812109616985,
1501,Specially Crafted And Antique Finished 22KT Gold Haaram,https://www.bhimagold.com/products/specially-crafted-and-antique-finished-22kt-gold-haaram-ngo-chfc-osp-s-l-ox-24743448,769170.66,898939.0,0.8556427744262959,
1502,Classic Finely Detailed And Crafted 22KT Gold Ring For Men,https://www.bhimagold.com/products/classic-finely-detailed-and-crafted-22kt-gold-ring-for-men-ngo-rgrg-p-p-79126,25991.13,30384.0,0.8554216034755134,
1503,Classic Finely Detailed And Crafted 22KT Gold Ring For Men,https://www.bhimagold.com/products/classic-finely-detailed-and-crafted-22kt-gold-ring-for-men-ngo-rgrg-p-p-77073,37249.32,43545.0,0.855421288322425,
1504,Classic Finely Detailed And Crafted 22KT Gold Ring For Men,https://www.bhimagold.com/products/classic-finely-detailed-and-crafted-22kt-gold-ring-for-men-ngo-rgrg-p-p-77065,41697.0,48745.0,0.8554108113652682,
1505,Classic Finely Detailed And Crafted 22KT Gold Ring For Men,https://www.bhimagold.com/products/classic-finely-detailed-and-crafted-22kt-gold-ring-for-men-ngo-rgrg-p-p-77057,34191.54,39971.0,0.8554086712866829,
1506,Classic Finely Detailed And Crafted 22KT Gold Ring For Men,https://www.bhimagold.com/products/classic-finely-detailed-and-crafted-22kt-gold-ring-for-men-ngo-rgrg-p-p-77118,39334.17,45983.0,0.8554067807668051,
1507,Classic Finely Detailed And Crafted 22KT Gold Ring For Men,https://www.bhimagold.com/products/classic-finely-detailed-and-crafted-22kt-gold-ring-for-men-ngo-rgrg-p-p-81684,43920.84,51345.0,0.8554063686824422,
1508,Finely Detailed And Crafted 22KT Gold Ring For Men,https://www.bhimagold.com/products/finely-detailed-and-crafted-22kt-gold-ring-for-men-ngo-rgrg-p-p-81311,26408.1,30872.0,0.8554061933143301,
1509,Classic Finely Detailed And Crafted 22KT Gold Ring For Men,https://www.bhimagold.com/products/classic-finely-detailed-and-crafted-22kt-gold-ring-for-men-ngo-rgrg-p-p-81258,22377.39,26160.0,0.8554048165137614,
1510,Traditionally Crafted & Detailed 22KT Gold Mehndi Bracelet For Women,https://www.bhimagold.com/products/traditionally-crafted-&-detailed-22kt-gold-mehndi-bracelet-for-women-ngo-bgbr-ox-s-72593,890369.94,1040879.0,0.8554019631484543,
1511,Antique Finished And Studded 22KT Gold Haaram,https://www.bhimagold.com/products/antique-finished-and-studded-22kt-gold-haaram-ngo-chfc-pcw-s-l-ox-2580242,859097.19,1004362.0,0.85536608314532,
1512,Studded And Detailed 22KT Gold Bangles,https://www.bhimagold.com/products/studded-and-detailed-22kt-gold-bangles-ngo-bgbb-cl-s-l-p-24768391,246012.3,287653.0,0.8552398202000326,
1513,Antique Finished And Studded 22KT Gold Necklace,https://www.bhimagold.com/products/antique-finished-and-studded-22kt-gold-necklace-ngo-chnc-rsl-s-l-ox-24782847,412244.34,482022.0,0.8552396778570274,
1514,Traditionally Crafted 22KT Gold Haaram,https://www.bhimagold.com/products/traditionally-crafted-22kt-gold-haaram-ngo-chfc-pcw-s-l-ox-25241070,1205321.28,1409401.0,0.8552010960684716,
1515,Antique Finished And Studded 22KT Gold Haaram,https://www.bhimagold.com/products/antique-finished-and-studded-22kt-gold-haaram-ngo-chfc-pcw-s-l-ox-25729972,1223945.94,1431293.0,0.8551330440378035,
1516,Antique Finished And Studded 22KT Gold Necklace,https://www.bhimagold.com/products/antique-finished-and-studded-22kt-gold-necklace-ngo-chnc-pcw-s-l-ox-25201328,432397.89,505658.0,0.8551192505606556,
1517,Studded And Detailed 22KT Gold Studs For Women,https://www.bhimagold.com/products/studded-and-detailed-22kt-gold-studs-for-women-ngo-stst-p-s-79739,52399.23,61279.0,0.8550927724016385,
1518,Antique Finished And Studded 22KT Gold Oddiyanam,https://www.bhimagold.com/products/antique-finished-and-studded-22kt-gold-oddiyanam-ngo-chod-ox-p-81128,1682890.92,1968562.0,0.8548833717200677,
1519,Studded And Detailed 22KT Gold Drops For Women,https://www.bhimagold.com/products/studded-and-detailed-22kt-gold-drops-for-women-ngo-stdr-p-s-80158,51982.26,60814.0,0.8547745584898214,
1520,Antique Finished And Studded 22KT Gold Drops For Women,https://www.bhimagold.com/products/antique-finished-and-studded-22kt-gold-drops-for-women-ngo-stdr-ox-s-76199,261857.16,306362.0,0.8547312003446903,
1521,Antique Finished And Studded 22KT Gold Necklace For Women,https://www.bhimagold.com/products/antique-finished-and-studded-22kt-gold-necklace-ngo-chfc-ox-s-58200,788907.24,923028.0,0.8546948088248677,
1522,Studded & Detailed 22KT Gold Balaji Pendant For Men,https://www.bhimagold.com/products/studded-&-detailed-22kt-gold-balaji-pendant-for-men-ngo-chlc-p-s-79284,56012.97,65538.0,0.8546640117183923,
1523,Antique Finished And Studded 22KT Gold Haaram For Women,https://www.bhimagold.com/products/antique-finished-and-studded-22kt-gold-haaram-ngo-chfc-ox-s-58308,1072307.85,1254660.0,0.8546601071206543,
1524,Traditionally Crafted 22KT Gold Necklace For Women,https://www.bhimagold.com/products/traditionally-crafted-22kt-gold-necklace-ngo-chnc-ox-s-57337,550261.41,643970.0,0.8544829883379661,
1525,Studded & Detailed 22KT Gold Bracelet For Women,https://www.bhimagold.com/products/studded-&-detailed-22kt-gold-bracelet-for-women-ngo-bgbr-p-s-81628,73803.69,86375.0,0.8544566136034732,
1526,Antique Finished And Studded 22KT Gold Necklace,https://www.bhimagold.com/products/antique-finished-and-studded-22kt-gold-necklace-ngo-chnc-osp-s-l-ox-25235019,642272.79,751759.0,0.8543599611045561,
1527,Antique Finished And Studded 22KT Gold Haaram,https://www.bhimagold.com/products/antique-finished-and-studded-22kt-gold-haaram-ngo-chfc-pcw-s-l-p-2568779,1200317.64,1404967.0,0.8543386712997528,
1528,Antique Finished And Studded 22KT Gold Choker For Women,https://www.bhimagold.com/products/antique-finished-and-studded-22kt-gold-choker-for-women-ngo-chkr-ox-s-75895,680078.07,796094.0,0.8542685537135062,
1529,Antique Finished And Studded 22KT Gold Haaram,https://www.bhimagold.com/products/antique-finished-and-studded-22kt-gold-haaram-ngo-chfc-pcw-s-l-ox-24695829,1049930.46,1229047.0,0.8542638808768094,
1530,Antique Finished And Studded 22KT Gold Haaram,https://www.bhimagold.com/products/antique-finished-and-studded-22kt-gold-haaram-ngo-chfc-pcw-s-l-ox-2550575,1057157.94,1237516.0,0.8542579974723559,
1531,Antique Finished And Studded 22KT Gold Haaram,https://www.bhimagold.com/products/antique-finished-and-studded-22kt-gold-haaram-ngo-chfc-pcw-s-l-p-2549709,899265.3,1052716.0,0.8542335254712573,
1532,Enamel Worked And Detailed 22KT Gold Fancy Chain,https://www.bhimagold.com/products/enamel-worked-and-detailed-22kt-gold-fancy-chain-ngo-chfc-bke-s-l-ox-24919841,1656621.81,1939517.0,0.8541414228387789,
1533,Antique Finished And Studded 22KT Gold Lakshmi Devi Haaram,https://www.bhimagold.com/products/antique-finished-and-studded-22kt-gold-lakshmi-devi-haaram-ngo-chfc-oxp-s-l-ox-25329782,4076576.7,4772781.0,0.8541302649335891,
1534,Studded And Detailed 22KT Gold Ring For Men,https://www.bhimagold.com/products/studded-and-detailed-22kt-gold-ring-for-men-ngo-rgrg-p-s-77058,61711.56,72256.0,0.8540683126660762,
1535,Classic Finely Detailed And Crafted 22KT Gold Baby Bangles,https://www.bhimagold.com/products/classic-finely-detailed-and-crafted-22kt-gold-baby-bangles-ngo-bgbl-p-s-77478,123284.13,144352.0,0.8540521087342053,
1536,Premium Gorgeously Detailed And Studded 22KT Gold Drops For Women,https://www.bhimagold.com/products/premium-gorgeously-detailed-and-studded-22kt-gold-drops-for-women-ngo-stdr-p-s-80971,140379.9,164385.0,0.8539702527602883,
1537,Antique Finished And Studded 22KT Gold Drops,https://www.bhimagold.com/products/antique-finished-and-studded-22kt-gold-drops-ngo-stdr-ox-s-60405,261162.21,305833.0,0.8539373121932557,
1538,Antique Finished And Studded 22KT Gold Haaram For Women,https://www.bhimagold.com/products/antique-finished-and-studded-22kt-gold-haaram-for-women-ngo-chfc-ox-s-64475,1118869.5,1310262.0,0.8539280693479625,
1539,Finely Detailed 22KT Gold Lakshmi Pendant For Women,https://www.bhimagold.com/products/finely-detailed-22kt-gold-lakshmi-pendant-for-women-ngo-chlc-p-p-79363,28631.94,33531.0,0.8538946049923951,
1540,Classic Finely Detailed And Crafted 22KT Gold Locket For Women,https://www.bhimagold.com/products/classic-finely-detailed-and-crafted-22kt-gold-locket-for-women-ngo-chlc-p-p-81532,34747.5,40693.0,0.8538937900867472,
1541,Antique Finished And Studded 22KT Gold Haaram,https://www.bhimagold.com/products/antique-finished-and-studded-22kt-gold-haaram-ngo-chfc-sw-s-l-ox-2671916,753742.77,882714.0,0.8538923932326892,
1542,Classic Finely Detailed And Crafted 22KT Gold Locket For Women,https://www.bhimagold.com/products/classic-finely-detailed-and-crafted-22kt-gold-locket-for-women-ngo-chlc-p-p-81596,25157.19,29462.0,0.853886022673274,
1543,Finely Detailed And Crafted 22KT Gold Locket For Women,https://www.bhimagold.com/products/finely-detailed-and-crafted-22kt-gold-locket-for-women-ngo-chlc-p-p-80881,14732.94,17254.0,0.8538854758316913,
1544,Antique Finished And Studded 22KT Gold Necklace,https://www.bhimagold.com/products/antique-finished-and-studded-22kt-gold-necklace-ngo-chnc-osp-s-l-ox-25225327,609610.14,713934.0,0.8538746438746438,
1545,Antique Finished And Studded 22KT Gold Drops,https://www.bhimagold.com/products/antique-finished-and-studded-22kt-gold-drops-ngo-stdr-sw-s-l-ox-25103711,368462.49,431602.0,0.8537089494487977,
1546,Traditionally Crafted And Detailed 22KT Gold Ring For Men,https://www.bhimagold.com/products/traditionally-crafted-and-detailed-22kt-gold-ring-for-men-ngo-rgrg-p-p-79669,58792.77,68890.0,0.8534296704891856,
1547,Classic Finely Detailed And Crafted 22KT Gold Studs For Women,https://www.bhimagold.com/products/classic-finely-detailed-and-crafted-22kt-gold-studs-for-women-ngo-stst-p-p-79725,56846.91,66610.0,0.8534290647049994,
1548,Finely Detailed And Studded 22KT Gold Ring Studs For Women,https://www.bhimagold.com/products/finely-detailed-and-studded-22kt-gold-ring-studs-for-women-ngo-stst-p-p-81013,51009.33,59770.0,0.8534269700518655,
1549,Traditionally Crafted And Detailed 22KT Gold Ring For Men,https://www.bhimagold.com/products/traditionally-crafted-and-detailed-22kt-gold-ring-for-men-ngo-rgrg-p-p-79662,58514.79,68565.0,0.8534206956902209,
1550,Traditionally Crafted And Detailed 22KT Gold Drops For Women,https://www.bhimagold.com/products/traditionally-crafted-and-detailed-22kt-gold-drops-for-women-ngo-stdr-rsl-s-l-ox-25854243,409047.57,479322.0,0.853387847835067,
1551,Specially Crafted And Studded 18Kt Gold Ring For Women,https://www.bhimagold.com/products/specially-crafted-and-studded-18kt-gold-ring-for-women-ng18-rgrg18k-rg-p-80637,100653.17,117955.0,0.8533183841295409,
1552,Classic Finely Detailed And Crafted 18Kt Gold Bangles For Women,https://www.bhimagold.com/products/classic-finely-detailed-and-crafted-18kt-gold-bangles-for-women-ng18-bgbb18k-rg-p-80668,229803.84,269307.0,0.8533155098085085,
1553,Divinely Detailed And Antique Finished 22KT Gold Radha Krishna Haaram,https://www.bhimagold.com/products/divinely-detailed-and-antique-finished-22kt-gold-radha-krishna-haaram-ngo-chfc-srs-s-l-ox-25640442,975848.79,1143787.0,0.8531735279383312,
1554,Antique Finished And Studded 22KT Gold Haaram,https://www.bhimagold.com/products/antique-finished-and-studded-22kt-gold-haaram-ngo-chfc-pcw-s-l-ox-24744074,1298166.6,1521623.0,0.8531460158002344,
1555,Antique Finished And Studded 22KT Gold Haaram,https://www.bhimagold.com/products/antique-finished-and-studded-22kt-gold-haaram-ngo-chfc-ox-s-61186,1323184.8,1551122.0,0.853050114691172,
1556,Traditionally Crafted And Detailed 22KT Gold Haaram,https://www.bhimagold.com/products/traditionally-crafted-and-detailed-22kt-gold-haaram-ngo-chfc-osp-s-l-ox-25288098,828936.36,971968.0,0.852843262329624,
1557,Divinely Detailed And Antique Finished 22KT Gold Lakshmi Devi Fancy Chain,https://www.bhimagold.com/products/divinely-detailed-and-antique-finished-22kt-gold-lakshmi-devi-fancy-chain-ngo-chfc-ast1-s-l-ox-2628499,3078767.49,3610287.0,0.8527763831518105,
1558,Classic Finely Detailed 22KT Gold Bangles,https://www.bhimagold.com/products/classic-finely-detailed-22kt-gold-bangles-ngo-bgle-p-p-59213,186952.74,219241.0,0.8527270902796465,
1559,Antique Finished And Studded 22KT Gold Haaram,https://www.bhimagold.com/products/antique-finished-and-studded-22kt-gold-haaram-ngo-chfc-pcw-s-l-p-2568766,996558.3,1169116.0,0.8524032687945422,
1560,Traditionally Crafted And Detailed 22KT Gold Haaram,https://www.bhimagold.com/products/traditionally-crafted-and-detailed-22kt-gold-haaram-ngo-chfc-osp-s-l-ox-25342597,2249275.17,2638932.0,0.8523429819336004,
1561,Studded And Detailed 18KT Rose Gold Kada For Men,https://www.bhimagold.com/products/studded-and-detailed-18kt-rose-gold-kada-for-men-ng18-kada18k-rg-s-80565,232995.56,273408.0,0.8521899871254681,
1562,Antique Finished And Studded 22KT Gold 4 In 1 Haaram,https://www.bhimagold.com/products/antique-finished-and-studded-22kt-gold-4-in-1-haaram-ngo-chfc-pcw-s-l-ox-24800253,983771.22,1154463.0,0.8521461666593039,
1563,Classic Finely Detailed 22KT Gold Bangles,https://www.bhimagold.com/products/classic-finely-detailed-22kt-gold-bangles-ngo-bgle-p-p-57192,181787.06,213329.0,0.8521441529281063,
1564,Antique Finished And Studded 22KT Gold Haaram,https://www.bhimagold.com/products/antique-finished-and-studded-22kt-gold-haaram-ngo-chfc-pcw-s-l-ox-25202404,1087318.77,1276023.0,0.8521153380464145,
1565,Antique Finished And Studded 22KT Gold Haaram,https://www.bhimagold.com/products/antique-finished-and-studded-22kt-gold-haaram-ngo-chfc-ox-s-63561,1920563.82,2253902.0,0.8521061785295013,
1566,Antique Finished And Studded 22KT Gold Haaram For Women,https://www.bhimagold.com/products/antique-finished-and-studded-22kt-gold-haaram-for-women-ngo-chfc-ox-s-64675,1152505.08,1352656.0,0.852031174223158,
1567,Antique Finished And Studded 22KT Gold Haaram For Women,https://www.bhimagold.com/products/antique-finished-and-studded-22kt-gold-haaram-for-women-ngo-chfc-ox-s-82069,588205.68,690358.0,0.8520299322959972,
1568,Gorgeously Detailed And Studded 22KT Gold Drops For Women,https://www.bhimagold.com/products/gorgeously-detailed-and-studded-22kt-gold-drops-for-women-ngo-stdr-g-s-80985,91038.45,106869.0,0.8518695786430115,
1569,Antique Finished And Studded 22KT Gold Haaram,https://www.bhimagold.com/products/antique-finished-and-studded-22kt-gold-haaram-ngo-chfc-ops-s-l-ox-24791815,701621.52,823677.0,0.8518163309161237,
1570,Antique Finished And Studded 22KT Gold Drops,https://www.bhimagold.com/products/antique-finished-and-studded-22kt-gold-drops-ngo-stet-ox-s-61359,270335.55,317436.0,0.8516222167618039,
1571,Fancy Antique Finished And Studded 22KT Gold Choker For Women,https://www.bhimagold.com/products/fancy-antique-finished-and-studded-22kt-gold-choker-for-women-ngo-chkr-ox-s-81095,1058408.85,1243019.0,0.8514824391260312,
1572,Antique Finished And Studded 22KT Gold Haaram,https://www.bhimagold.com/products/antique-finished-and-studded-22kt-gold-haaram-ngo-chfc-op-s-l-ox-25278218,1955728.29,2297106.0,0.8513879159255168,
1573,Antique Finished And Studded 22KT Gold Haaram,https://www.bhimagold.com/products/antique-finished-and-studded-22kt-gold-haaram-ngo-chfc-osp-s-l-ox-2537444,676464.33,794569.0,0.851360083265267,
1574,Enamel Worked And Detailed 22KT Gold Drops For Women,https://www.bhimagold.com/products/enamel-worked-and-detailed-22kt-gold-drops-for-women-ngo-stdr-r-s-79304,74359.65,87363.0,0.8511572404793791,
1575,Antique Finished And Studded 22KT Gold Haaram,https://www.bhimagold.com/products/antique-finished-and-studded-22kt-gold-haaram-ngo-chfc-pcw-s-l-ox-24695902,894122.67,1050661.0,0.8510096691511344,
1576,Antique Finished And Studded 22KT Gold Haaram,https://www.bhimagold.com/products/antique-finished-and-studded-22kt-gold-haaram-ngo-chfc-pcw-s-l-ox-25881196,1041452.07,1223795.0,0.851002063254058,
1577,Classic Antique Finished And Studded 22KT Gold 5 In 1 Fancy Chain,https://www.bhimagold.com/products/classic-antique-finished-and-studded-22kt-gold-5-in-1-fancy-chain-ngo-chfc-pcw-s-l-ox-24696189,1189059.45,1397312.0,0.8509620256606971,
1578,Antique Finished And Studded 22KT Gold Haaram,https://www.bhimagold.com/products/antique-finished-and-studded-22kt-gold-haaram-ngo-chfc-pcw-s-l-ox-25172672,755688.63,888065.0,0.8509384223001695,
1579,Antique Finished And Studded 22KT Gold Haaram For Women,https://www.bhimagold.com/products/antique-finished-and-studded-22kt-gold-haaram-for-women-ngo-chfc-ox-s-78869,685498.68,805663.0,0.8508503927820938,
1580,Antique Finished And Studded 22KT Gold Necklace For Women,https://www.bhimagold.com/products/antique-finished-and-studded-22kt-gold-necklace-for-women-ngo-chnc-ox-s-79650,418220.91,491614.0,0.8507099268938638,
1581,Antique Finished And Studded 22KT Gold Haaram,https://www.bhimagold.com/products/antique-finished-and-studded-22kt-gold-haaram-ngo-chfc-pcw-s-l-ox-2569305,1026719.13,1206984.0,0.850648500725776,
1582,Antique Finished And Studded 22KT Gold Haaram,https://www.bhimagold.com/products/antique-finished-and-studded-22kt-gold-haaram-ngo-chfc-pcw-s-l-ox-2580198,1011569.22,1189448.0,0.8504526637566333,
1583,Antique Finished And Studded 22KT Gold Haaram,https://www.bhimagold.com/products/antique-finished-and-studded-22kt-gold-haaram-ngo-chfc-ox-s-60341,1314289.44,1545607.0,0.8503386954122232,
1584,Studded And Detailed 22KT Gold Studs For Women,https://www.bhimagold.com/products/studded-and-detailed-22kt-gold-studs-for-women-ngo-stst-p-s-80118,53372.16,62776.0,0.8502000764623423,
1585,Studded & Detailed 22KT Gold Pendant For Women,https://www.bhimagold.com/products/studded-&-detailed-22kt-gold-pendant-for-women-ngo-chlc-p-s-73615,76166.52,89592.0,0.850148673988749,
1586,Antique Finished And Studded 22KT Gold Necklace,https://www.bhimagold.com/products/antique-finished-and-studded-22kt-gold-necklace-ngo-chnc-pcw-s-l-ox-25201288,452412.45,532193.0,0.8500909444506035,
1587,Antique Finished And Studded 22KT Gold Haaram,https://www.bhimagold.com/products/antique-finished-and-studded-22kt-gold-haaram-ngo-chfc-pcw-s-l-ox-25937263,758885.4,892910.0,0.8499013338410366,
1588,Antique Finished And Studded 22KT Gold Drops For Women,https://www.bhimagold.com/products/antique-finished-and-studded-22kt-gold-drops-for-women-ngo-stdr-g-s-81676,60321.66,70984.0,0.8497923475712837,
1589,Divinely Detailed And Antique Finished 22KT Gold Lakshmi Choker,https://www.bhimagold.com/products/divinely-detailed-and-antique-finished-22kt-gold-lakshmi-choker-ngo-chkr-ast1-s-l-ox-2627983,2007293.58,2362570.0,0.8496229021785598,
1590,Antique Finished And Studded 22KT Gold Haaram,https://www.bhimagold.com/products/antique-finished-and-studded-22kt-gold-haaram-ngo-chfc-pcw-s-l-ox-2580243,835885.86,983983.0,0.8494921761859707,
1591,Antique Finished And Studded 22KT Gold Sri Krishna Necklace For Women,https://www.bhimagold.com/products/antique-finished-and-studded-22kt-gold-sri-krishna-necklace-for-women-ngo-chnc-ox-s-74607,358177.23,421639.0,0.8494879031588634,
1592,Antique Finished And Studded 22KT Gold Haaram,https://www.bhimagold.com/products/antique-finished-and-studded-22kt-gold-haaram-ngo-chfc-pcw-s-l-ox-25937260,754437.72,888137.0,0.8494609728003675,
1593,Specially Crafted And Detailed 22KT Gold Necklace For Women,https://www.bhimagold.com/products/specially-crafted-and-detailed-22kt-gold-necklace-for-women-ngo-chfc-ox-s-81163,534416.55,629137.0,0.8494438413254983,
1594,Finely Detailed And Crafted 22KT Gold Ring For Women,https://www.bhimagold.com/products/finely-detailed-and-crafted-22kt-gold-ring-for-women-ngo-rgrg-p-p-80799,24323.25,28636.0,0.8493941192904036,
1595,Matte Finished And Detailed 22KT Gold Tamil Om Ring,https://www.bhimagold.com/products/matte-finished-and-detailed-22kt-gold-tamil-om-ring-ngo-rgrg-ol-p-g-p-24719262,28909.92,34036.0,0.8493924080385473,
1596,Classic Finely Detailed And Crafted 22KT Gold Ring For Men,https://www.bhimagold.com/products/classic-finely-detailed-and-crafted-22kt-gold-ring-for-men-ngo-rgrg-p-p-80862,30438.81,35836.0,0.8493919522268111,
1597,Finely Detailed And Crafted 22KT Gold Ring For Men,https://www.bhimagold.com/products/finely-detailed-and-crafted-22kt-gold-ring-for-men-ngo-rgrg-p-p-81065,33913.56,39927.0,0.8493891351716882,
1598,Finely Detailed And Crafted 22KT Gold Ring For Men,https://www.bhimagold.com/products/finely-detailed-and-crafted-22kt-gold-ring-for-men-ngo-rgrg-p-p-80830,46144.68,54327.0,0.8493875973272959,
1599,Casual Wear and Detailed 22KT Gold Ring For Men,https://www.bhimagold.com/products/casual-wear-and-detailed-22kt-gold-ring-for-men-ngo-rgrg-p-p-80817,27103.05,31909.0,0.8493857532357642,
1600,Classic Finely Detailed And Crafted 22KT Gold Ring For Men,https://www.bhimagold.com/products/classic-finely-detailed-and-crafted-22kt-gold-ring-for-men-ngo-rgrg-p-p-79651,46283.67,54491.0,0.8493819162797526,
1601,Finely Detailed And Crafted 22KT Gold Ring For Men,https://www.bhimagold.com/products/finely-detailed-and-crafted-22kt-gold-ring-for-men-ngo-rgrg-p-p-80806,27936.99,32891.0,0.8493809856799733,
1602,Classic Finely Detailed And Crafted 22KT Gold Ring For Men,https://www.bhimagold.com/products/classic-finely-detailed-and-crafted-22kt-gold-ring-for-men-ngo-rgrg-p-p-80790,43364.88,51055.0,0.849375771227108,
1603,Studded And Detailed 22KT Gold Studs For Women,https://www.bhimagold.com/products/studded-and-detailed-22kt-gold-studs-for-women-ngo-stst-p-s-82025,52955.19,62348.0,0.8493486559312248,
1604,Antique Finished And Studded 22KT Gold Drops,https://www.bhimagold.com/products/antique-finished-and-studded-22kt-gold-drops-ngo-stdr-oxp-s-l-ox-25422757,350532.78,412713.0,0.8493378691730089,
1605,Antique Finished And Studded 22KT Gold Haaram,https://www.bhimagold.com/products/antique-finished-and-studded-22kt-gold-haaram-ngo-chfc-vic-s-l-na-2665354,1235899.08,1455345.0,0.8492138152809128,
1606,Studded And Detailed 22KT Gold Studs For Women,https://www.bhimagold.com/products/studded-and-detailed-22kt-gold-studs-for-women-ngo-stst-p-s-82032,58514.79,68905.0,0.8492096364559901,
1607,Antique Finished And Studded 22KT Gold Lakshmi Devi Fancy Chain,https://www.bhimagold.com/products/antique-finished-and-studded-22kt-gold-lakshmi-devi-fancy-chain-ngo-chfc-bke-s-l-ox-2675147,2633721.51,3101993.0,0.8490417322024904,
1608,Classic Finely Detailed And Crafted 22KT Gold Ring For Men,https://www.bhimagold.com/products/classic-finely-detailed-and-crafted-22kt-gold-ring-for-men-ngo-rgrg-p-s-81197,53789.13,63358.0,0.8489714006123931,
1609,Antique Finished And Studded 22KT Gold Necklace,https://www.bhimagold.com/products/antique-finished-and-studded-22kt-gold-necklace-ngo-chnc-ops-s-l-ox-24784949,1605890.46,1891595.0,0.8489610408147621,
1610,Finely Detailed 22KT Gold Ring For Women,https://www.bhimagold.com/products/finely-detailed-22kt-gold-ring-for-women-ngo-rgrg-p-p-79089,53511.15,63039.0,0.8488578499024414,
1611,Antique Finished And Studded 22KT Gold Drops,https://www.bhimagold.com/products/antique-finished-and-studded-22kt-gold-drops-ngo-stdr-oxp-s-l-ox-24770600,268528.68,316386.0,0.8487375547590601,
1612,Antique Finished And Studded 22KT Gold Haaram,https://www.bhimagold.com/products/antique-finished-and-studded-22kt-gold-haaram-ngo-chfc-pcw-s-l-ox-2550549,1085928.87,1279500.0,0.8487134583821806,
1613,Studded And Detailed 22KT Gold Ring For Women,https://www.bhimagold.com/products/studded-and-detailed-22kt-gold-ring-for-women-ngo-rgrg-p-s-79624,93818.25,110548.0,0.8486652856677642,
1614,Antique Finished And Studded 22KT Gold Choker For Women,https://www.bhimagold.com/products/antique-finished-and-studded-22kt-gold-choker-for-women-ngo-chkr-ox-s-77395,584035.98,688201.0,0.848641574191261,
1615,Finely Detailed And Crafted 22KT Gold Ring For Men,https://www.bhimagold.com/products/finely-detailed-and-crafted-22kt-gold-ring-for-men-ngo-rgrg-p-s-77540,80475.21,94830.0,0.848626067700095,
1616,Studded And Detailed 22KT Gold Ring For Men,https://www.bhimagold.com/products/studded-and-detailed-22kt-gold-ring-for-men-ngo-rgrg-p-s-70604,78668.34,92701.0,0.8486245024325519,
1617,Studded And Detailed 22KT Gold Ring For Women,https://www.bhimagold.com/products/studded-and-detailed-22kt-gold-ring-for-women-ngo-rgrg-p-s-70892,79363.29,93520.0,0.8486237168520102,
1618,Studded And Detailed 22KT Gold Ring For Men,https://www.bhimagold.com/products/studded-and-detailed-22kt-gold-ring-for-men-ngo-rgrg-p-s-70599,77695.41,91555.0,0.8486200644421387,
1619,Classic Finely Detailed And Crafted 22KT Gold Ring For Women,https://www.bhimagold.com/products/classic-finely-detailed-and-crafted-22kt-gold-ring-for-women-ngo-rgrg-p-s-77537,76444.5,90081.0,0.8486195757151896,
1620,Studded And Detailed 22KT Gold Ring For Men,https://www.bhimagold.com/products/studded-and-detailed-22kt-gold-ring-for-men-ngo-rgrg-p-s-71460,73247.73,86315.0,0.8486095116723628,
1621,Studded And Detailed 22KT Gold Ring For Men,https://www.bhimagold.com/products/studded-and-detailed-22kt-gold-ring-for-men-ngo-rgrg-p-s-78709,73247.73,86315.0,0.8486095116723628,
1622,Finely Detailed 22KT Gold Ring For Men,https://www.bhimagold.com/products/finely-detailed-22kt-gold-ring-for-men-ngo-rgrg-p-s-79693,71579.85,84350.0,0.8486052163604032,
1623,Studded & Detailed 22KT Gold Ring For Women,https://www.bhimagold.com/products/studded-&-detailed-22kt-gold-ring-for-women-ngo-rgrg-p-s-64968,72552.78,85497.0,0.8486003017649741,
1624,Finely Detailed 22KT Gold Ring For Women,https://www.bhimagold.com/products/finely-detailed-22kt-gold-ring-for-women-ngo-rgrg-p-s-71367,72552.78,85497.0,0.8486003017649741,
1625,Finely Detailed 22KT Gold Ring For Women,https://www.bhimagold.com/products/finely-detailed-22kt-gold-ring-for-women-ngo-rgrg-p-s-71557,70606.92,83204.0,0.8486000673044565,
1626,Studded And Detailed 22KT Gold Ring For Women,https://www.bhimagold.com/products/studded-and-detailed-22kt-gold-ring-for-women-ngo-rgrg-p-s-78413,70328.94,82877.0,0.8485941817392039,
1627,Studded And Detailed 22KT Gold Ring For Women,https://www.bhimagold.com/products/studded-and-detailed-22kt-gold-ring-for-women-ngo-rgrg-p-s-78715,68383.08,80584.0,0.8485937655117641,
1628,Classic Finely Detailed And Crafted 22KT Gold Ring For Women,https://www.bhimagold.com/products/classic-finely-detailed-and-crafted-22kt-gold-ring-for-women-ngo-rgrg-p-s-64994,69772.98,82222.0,0.8485925907907859,
1629,Finely Detailed & Studded 22KT Gold Ring For Women,https://www.bhimagold.com/products/finely-detailed-&-studded-22kt-gold-ring-for-women-ngo-rgrg-p-s-65062,66298.23,78128.0,0.8485847583452795,
1630,Studded And Detailed 22KT Gold Ring For Men,https://www.bhimagold.com/products/studded-and-detailed-22kt-gold-ring-for-men-ngo-rgrg-p-s-78586,67688.13,79766.0,0.8485837324173208,
1631,Finely Detailed 22KT Gold Ring For Women,https://www.bhimagold.com/products/finely-detailed-22kt-gold-ring-for-women-ngo-rgrg-p-s-71540,65742.27,77473.0,0.8485829902030385,
1632,Studded And Detailed 22KT Gold Ring For Women,https://www.bhimagold.com/products/studded-and-detailed-22kt-gold-ring-for-women-ngo-rgrg-p-s-76944,65325.3,76982.0,0.8485788885713543,
1633,Finely Detailed 22KT Gold Ring For Women,https://www.bhimagold.com/products/finely-detailed-22kt-gold-ring-for-women-ngo-rgrg-p-s-76706,64769.34,76327.0,0.8485770435101602,
1634,Classic Finely Detailed And Crafted 22KT Gold Ring For Women,https://www.bhimagold.com/products/classic-finely-detailed-and-crafted-22kt-gold-ring-for-women-ngo-rgrg-p-s-71454,66159.24,77965.0,0.8485761559674213,
1635,Finely Detailed 22KT Gold Ring For Men,https://www.bhimagold.com/products/finely-detailed-22kt-gold-ring-for-men-ngo-rgrg-p-s-77528,63101.46,74362.0,0.8485713133051828,
1636,Studded And Detailed 22KT Gold Ring For Men,https://www.bhimagold.com/products/studded-and-detailed-22kt-gold-ring-for-men-ngo-rgrg-p-s-75620,64491.36,76000.0,0.8485705263157894,
1637,Studded And Detailed 22KT Gold Ring For Men,https://www.bhimagold.com/products/studded-and-detailed-22kt-gold-ring-for-men-ngo-rgrg-p-s-71364,62823.48,74035.0,0.8485645978253529,
1638,Studded And Detailed 22KT Gold Ring For Women,https://www.bhimagold.com/products/studded-and-detailed-22kt-gold-ring-for-women-ngo-rgrg-p-s-70858,62406.51,73544.0,0.8485601816599587,
1639,Studded & Detailed 22KT Gold Ring For Women,https://www.bhimagold.com/products/studded-&-detailed-22kt-gold-ring-for-women-ngo-rgrg-p-s-64905,58375.8,68795.0,0.848547132785813,
1640,Studded And Detailed 22KT Gold Ring For Women,https://www.bhimagold.com/products/studded-and-detailed-22kt-gold-ring-for-women-ngo-rgrg-p-s-78369,59209.74,69778.0,0.8485445269282582,
1641,Gorgeously Detailed And Studded 22KT Gold Ring For Women,https://www.bhimagold.com/products/gorgeously-detailed-and-studded-22kt-gold-ring-for-women-ngo-rgrg-p-s-77543,59209.74,69778.0,0.8485445269282582,
1642,Studded And Detailed 22KT Gold Ring For Men,https://www.bhimagold.com/products/studded-and-detailed-22kt-gold-ring-for-men-ngo-rgrg-p-s-78669,58653.78,69123.0,0.8485421639685777,
1643,Studded And Detailed 22KT Gold Ring For Women,https://www.bhimagold.com/products/studded-and-detailed-22kt-gold-ring-for-women-ngo-rgrg-p-s-77620,57541.86,67813.0,0.8485373011074573,
1644,Studded And Detailed 18KT Rose Gold Bangles For Women,https://www.bhimagold.com/products/studded-and-detailed-18kt-rose-gold-bangles-for-women-ng18-bgbb18k-rg-s-80684,141917.55,167256.0,0.8485049863682019,
1645,Traditionally Crafted And Detailed 22KT Gold Drops For Women,https://www.bhimagold.com/products/traditionally-crafted-and-detailed-22kt-gold-drops-for-women-ngo-stdr-g-s-81012,86312.79,101741.0,0.8483579874386923,
1646,Finely Detailed And Crafted 22KT Gold Ring For Women,https://www.bhimagold.com/products/finely-detailed-and-crafted-22kt-gold-ring-for-women-ngo-rgrg-p-s-81098,71301.87,84049.0,0.8483369225094884,
1647,Classic Finely Detailed And Crafted 22KT Gold Ring For Women,https://www.bhimagold.com/products/classic-finely-detailed-and-crafted-22kt-gold-ring-for-women-ngo-rgrg-p-s-62242,66715.2,78645.0,0.8483082204844554,
1648,Studded And Detailed 22KT Gold Ring For Women,https://www.bhimagold.com/products/studded-and-detailed-22kt-gold-ring-for-women-ngo-rgrg-p-s-78352,62545.5,73733.0,0.8482701097202067,
1649,Antique Finished And Studded 22KT Gold Drops,https://www.bhimagold.com/products/antique-finished-and-studded-22kt-gold-drops-ngo-stdr-oxp-s-l-ox-25328474,365821.68,431279.0,0.8482251164559369,
1650,Antique Finished And Studded 22KT Gold Haaram,https://www.bhimagold.com/products/antique-finished-and-studded-22kt-gold-haaram-ngo-chfc-pcw-s-l-ox-24677232,1292884.98,1524678.0,0.8479724768114972,
1651,Classic Finely Detailed And Crafted 22KT Gold Locket,https://www.bhimagold.com/products/classic-finely-detailed-and-crafted-22kt-gold-locket-ngo-chlc-p-79687,28214.97,33277.0,0.8478820206148391,
1652,Antique Finished And Studded 22KT Gold Studs,https://www.bhimagold.com/products/antique-finished-and-studded-22kt-gold-studs-ngo-stst-pcw-s-l-na-25821245,124813.02,147238.0,0.8476957035547888,
1653,Finely Detailed 22KT Gold Ring For Men,https://www.bhimagold.com/products/finely-detailed-22kt-gold-ring-for-men-ngo-rgrg-s-79251,88397.64,104291.0,0.8476056419058212,
1654,Antique Finished And Studded 22KT Gold Drops,https://www.bhimagold.com/products/antique-finished-and-studded-22kt-gold-drops-ngo-stdr-oxp-s-l-ox-25146104,1119842.43,1321227.0,0.8475776153530014,
1655,Studded And Detailed 22KT Gold Ring For Men,https://www.bhimagold.com/products/studded-and-detailed-22kt-gold-ring-for-men-ngo-rgrg-p-s-71594,74776.62,88245.0,0.8473751487336393,
1656,Studded & Detailed 22KT Gold Ring For Women,https://www.bhimagold.com/products/studded-&-detailed-22kt-gold-ring-ngo-rgrg-p-s-60665,61989.54,73181.0,0.8470715076317623,
1657,Studded And Detailed 22KT Gold Ring For Women,https://www.bhimagold.com/products/studded-and-detailed-22kt-gold-ring-for-women-ngo-rgrg-p-s-71491,61294.59,72363.0,0.8470432403300029,
1658,Studded And Detailed 22KT Gold Ring For Men,https://www.bhimagold.com/products/studded-and-detailed-22kt-gold-ring-for-men-ngo-rgrg-p-s-79647,50592.36,59729.0,0.8470317601165264,
1659,Antique Finished And Detailed 22KT Gold Necklace,https://www.bhimagold.com/products/antique-finished-and-detailed-22kt-gold-necklace-ngo-chnc-pcw-s-l-ox-25250349,954722.31,1127242.0,0.8469541677829606,
1660,Antique Finished And Studded 22KT Gold Haaram,https://www.bhimagold.com/products/antique-finished-and-studded-22kt-gold-haaram-ngo-chfc-pcw-s-l-ox-25106342,1017684.78,1202135.0,0.8465644707125239,
1661,Finely Detailed And Crafted 18KT Gold Ring For Men,https://www.bhimagold.com/products/finely-detailed-and-crafted-18kt-gold-ring-for-men-ng18-rgrg18k-rg-s-81251,201530.05,238063.0,0.8465408316286025,
1662,Classic Finely Detailed 22KT Gold Studs For Women,https://www.bhimagold.com/products/classic-finely-detailed-22kt-gold-studs-for-women-ngo-stst-s-61923,192084.18,226925.0,0.8464654841908119,
1663,Antique Finished And Studded 22KT Gold Necklace,https://www.bhimagold.com/products/antique-finished-and-studded-22kt-gold-necklace-ngo-chnc-pcw-s-l-ox-25126555,410854.44,485509.0,0.8462344467352819,
1664,Classic Finely Detailed 22KT Gold Bangles,https://www.bhimagold.com/products/classic-finely-detailed-22kt-gold-bangles-ngo-bgle-r-p-57103,128882.66,152318.0,0.8461420186714637,
1665,Classic Antique Finished And Studded 22KT Gold Necklace,https://www.bhimagold.com/products/classic-antique-finished-and-studded-22kt-gold-necklace-ngo-chnc-pcw-s-l-ox-25240872,903157.02,1067473.0,0.8460701301110192,
1666,Antique Finished And Studded 22KT Gold Haaram,https://www.bhimagold.com/products/antique-finished-and-studded-22kt-gold-haaram-ngo-chfc-pcw-s-l-ox-25250407,1754331.78,2073701.0,0.8459907093645612,
1667,Antique Finished And Detailed 22KT Gold Haaram,https://www.bhimagold.com/products/antique-finished-and-detailed-22kt-gold-haaram-ngo-chfc-pcw-s-l-ox-25207087,667152.0,788794.0,0.8457873665367637,
1668,Classic Finely Detailed And Crafted 22KT Gold Bangles,https://www.bhimagold.com/products/classic-finely-detailed-and-crafted-22kt-gold-bangles-ngo-bgbb-p-p-59313,181814.65,214993.0,0.8456770685557204,
1669,Antique Finished And Studded 22KT Gold Haaram,https://www.bhimagold.com/products/antique-finished-and-studded-22kt-gold-haaram-ngo-chfc-okw-s-l-ox-24792156,4709537.16,5570740.0,0.845406025052327,
1670,One Of Its Kind Antique Finished And Studded 22KT Gold Haaram For Women,https://www.bhimagold.com/products/one-of-its-kind-antique-finished-and-studded-22kt-gold-haaram-for-women-ngo-chfc-ox-s-65446,1769898.66,2094698.0,0.8449421635004186,
1671,Divinely Detailed And Antique Finished 22KT Gold Sri Krishna Bangles,https://www.bhimagold.com/products/divinely-detailed-and-antique-finished-22kt-gold-sri-krishna-bangles-ngo-bgbb-rsl-s-l-ox-25841894,1222695.03,1447923.0,0.844447550042371,
1672,Antique Finished And Studded 22KT Gold Drops,https://www.bhimagold.com/products/antique-finished-and-studded-22kt-gold-drops-ngo-stdr-ops-s-l-ox-2628745,376523.91,445947.0,0.844324347960632,
1673,Antique Finished And Studded 22KT Gold Bangles,https://www.bhimagold.com/products/antique-finished-and-studded-22kt-gold-bangles-ngo-bgbb-ops-s-l-na-2644174,643384.71,762119.0,0.84420505196695,
1674,Antique Finished & Studded 22KT Gold Bangles,https://www.bhimagold.com/products/antique-finished-&-studded-22kt-gold-bangles-ngo-bgbb-ox-s-58255,913581.27,1082372.0,0.8440547889265428,
1675,Specially Crafted And Detailed 22KT Gold Necklace For Women,https://www.bhimagold.com/products/specially-crafted-and-detailed-22kt-gold-necklace-for-women-ngo-chfc-rsl-s-l-ox-2537510,1212548.76,1436850.0,0.8438937676166615,
1676,Enamel Worked And Detailed 22KT Gold Lakshmi Fancy Chain,https://www.bhimagold.com/products/enamel-worked-and-detailed-22kt-gold-lakshmi-fancy-chain-ngo-chfc-bke-s-l-na-25910806,2338089.78,2770629.0,0.8438841071828815,
1677,Antique Finished And Studded 22KT Gold Haaram,https://www.bhimagold.com/products/antique-finished-and-studded-22kt-gold-haaram-ngo-chfc-okw-s-l-ox-24800835,983632.23,1165818.0,0.8437270911926218,
1678,Antique Finished And Studded 22KT Gold Haaram,https://www.bhimagold.com/products/antique-finished-and-studded-22kt-gold-haaram-ngo-chfc-osp-s-l-ox-2537441,624065.1,739812.0,0.8435455223759549,
1679,Divinely Detailed And Antique Finished 22KT Gold Sri Krishna Haaram,https://www.bhimagold.com/products/divinely-detailed-and-antique-finished-22kt-gold-sri-krishna-haaram-ngo-chfc-rsl-s-l-ox-25496781,2127102.96,2521680.0,0.8435261254401827,
1680,Antique Finished And Studded 22KT Gold Drops,https://www.bhimagold.com/products/antique-finished-and-studded-22kt-gold-drops-ngo-stdr-gcrs-s-l-p-25812695,215573.49,255566.0,0.8435139650814271,
1681,Antique Finished And Studded 22KT Gold Haaram,https://www.bhimagold.com/products/antique-finished-and-studded-22kt-gold-haaram-ngo-chfc-ops-s-l-ox-25261776,1980746.49,2348231.0,0.8435058092666352,
1682,Antique Finished And Studded 22KT Gold Drops,https://www.bhimagold.com/products/antique-finished-and-studded-22kt-gold-drops-ngo-stdr-kun-s-l-ox-25932903,340803.48,404044.0,0.8434811060181564,
1683,Classic Finely Detailed And Crafted 22KT Gold Ring For Kids,https://www.bhimagold.com/products/classic-finely-detailed-and-crafted-22kt-gold-ring-for-kids-ngo-rgbr-p-p-79620,16956.78,20104.0,0.8434530441703143,
1684,Classic Finely Detailed And Crafted 22KT Gold Studs For Women,https://www.bhimagold.com/products/classic-finely-detailed-and-crafted-22kt-gold-studs-for-women-ngo-stst-p-p-79731,15010.92,17797.0,0.843452267236051,
1685,Classic Finely Detailed And Crafted 22KT Gold Ring For Kids,https://www.bhimagold.com/products/classic-finely-detailed-and-crafted-22kt-gold-ring-for-kids-ngo-rgbr-p-p-79715,21543.45,25542.0,0.8434519614752173,
1686,Classic Finely Detailed And Crafted 22KT Gold Studs For Women,https://www.bhimagold.com/products/classic-finely-detailed-and-crafted-22kt-gold-studs-for-women-ngo-stst-p-p-81506,26825.07,31804.0,0.8434495660923155,
1687,Classic Finely Detailed And Crafted 22KT Gold Studs For Women,https://www.bhimagold.com/products/classic-finely-detailed-and-crafted-22kt-gold-studs-for-women-ngo-stst-p-p-81587,29465.88,34935.0,0.8434486904250752,
1688,Classic Finely Detailed And Crafted 22KT Gold Ring For Kids,https://www.bhimagold.com/products/classic-finely-detailed-and-crafted-22kt-gold-ring-for-kids-ngo-rgbr-p-p-79689,18346.68,21752.0,0.8434479588083854,
1689,Classic Finely Detailed And Crafted 22KT Gold Ring For Men,https://www.bhimagold.com/products/classic-finely-detailed-and-crafted-22kt-gold-ring-for-men-ngo-rgrg-p-p-77126,41419.02,49107.0,0.8434443154743723,
1690,Classic Finely Detailed And Crafted 22KT Gold Ring For Kids,https://www.bhimagold.com/products/classic-finely-detailed-and-crafted-22kt-gold-ring-for-kids-ngo-rgbr-p-p-77438,17095.77,20269.0,0.843444175835019,
1691,Classic Finely Detailed And Crafted 22KT Gold Ring For Kids,https://www.bhimagold.com/products/classic-finely-detailed-and-crafted-22kt-gold-ring-for-kids-ngo-rgbr-p-p-77406,17095.77,20269.0,0.843444175835019,
1692,Specially Crafted And Studded 22KT Gold Ring For Women,https://www.bhimagold.com/products/specially-crafted-and-studded-22kt-gold-ring-for-women-ngo-rgrg-p-p-81046,26964.06,31969.0,0.8434439613375457,
1693,Classic Finely Detailed And Crafted 22KT Gold Ring For Men,https://www.bhimagold.com/products/classic-finely-detailed-and-crafted-22kt-gold-ring-for-men-ngo-rgrg-p-p-77066,46700.64,55369.0,0.843443804294822,
1694,Elegant Detailed And Crafted 22KT Gold Drops For Women,https://www.bhimagold.com/products/elegant-detailed-and-crafted-22kt-gold-drops-for-women-ngo-stst-p-p-80073,29048.91,34441.0,0.8434397955924625,
1695,Classic Finely Detailed And Crafted 22KT Gold Ring For Kids,https://www.bhimagold.com/products/classic-finely-detailed-and-crafted-22kt-gold-ring-for-kids-ngo-rgbr-p-p-79622,21126.48,25048.0,0.8434397955924624,
1696,Classic Finely Detailed And Crafted 22KT Gold Ring For Men,https://www.bhimagold.com/products/classic-finely-detailed-and-crafted-22kt-gold-ring-for-men-ngo-rgrg-p-79244,42947.91,50920.0,0.8434389238020424,
1697,Classic Finely Detailed And Crafted 22KT Gold Studs For Women,https://www.bhimagold.com/products/classic-finely-detailed-and-crafted-22kt-gold-studs-for-women-ngo-stst-p-p-81501,37666.29,44658.0,0.8434388015585114,
1698,Classic Finely Detailed And Crafted 22KT Gold Ring For Men,https://www.bhimagold.com/products/classic-finely-detailed-and-crafted-22kt-gold-ring-for-men-ngo-rgrg-p-p-77105,46283.67,54875.0,0.8434381776765375,
1699,Finely Detailed And Crafted 22KT Gold Ring For Women,https://www.bhimagold.com/products/finely-detailed-and-crafted-22kt-gold-ring-for-women-ngo-rgrg-p-p-80826,41697.0,49437.0,0.8434371017658838,
1700,Classic Finely Detailed And Crafted 22KT Gold Ring For Kids,https://www.bhimagold.com/products/classic-finely-detailed-and-crafted-22kt-gold-ring-for-kids-ngo-rgbr-p-p-79704,13899.0,16479.0,0.8434371017658838,
1701,Finely Detailed 22KT Gold Pendant For Women,https://www.bhimagold.com/products/finely-detailed-22kt-gold-pendant-for-women-ngo-chdp-p-p-79903,22516.38,26696.0,0.8434364698831286,
1702,Classic Finely Detailed And Crafted 22KT Gold Ring For Kids,https://www.bhimagold.com/products/classic-finely-detailed-and-crafted-22kt-gold-ring-for-kids-ngo-rgbr-p-p-79613,14593.95,17303.0,0.8434346645090447,
1703,Classic Finely Detailed And Crafted 22KT Gold Ring For Men,https://www.bhimagold.com/products/classic-finely-detailed-and-crafted-22kt-gold-ring-for-men-ngo-rgrg-p-p-77027,35164.47,41692.0,0.8434344718411206,
1704,Finely Detailed And Crafted 22KT Gold Ring For Women,https://www.bhimagold.com/products/finely-detailed-and-crafted-22kt-gold-ring-for-women-ngo-rgrg-p-p-81090,35164.47,41692.0,0.8434344718411206,
1705,Classic Finely Detailed And Crafted 22KT Gold Drops For Women,https://www.bhimagold.com/products/classic-finely-detailed-and-crafted-22kt-gold-drops-for-women-ngo-stdr-p-p-82073,26547.09,31475.0,0.843434154090548,
1706,Finely Detailed And Crafted 22KT Gold Ring For Women,https://www.bhimagold.com/products/finely-detailed-and-crafted-22kt-gold-ring-for-women-ngo-rgrg-p-p-80801,27242.04,32299.0,0.8434329236199264,
1707,Classic Finely Detailed And Crafted 22KT Gold Ring For Kids,https://www.bhimagold.com/products/classic-finely-detailed-and-crafted-22kt-gold-ring-for-kids-ngo-rgbr-p-p-81616,15288.9,18127.0,0.8434324488332322,
1708,Classic Finely Detailed And Crafted 22KT Gold Ring For Men,https://www.bhimagold.com/products/classic-finely-detailed-and-crafted-22kt-gold-ring-for-men-ngo-rgrg-p-p-79142,40585.08,48119.0,0.8434314927575386,
1709,Classic Finely Detailed And Crafted 22KT Gold Studs For Women,https://www.bhimagold.com/products/classic-finely-detailed-and-crafted-22kt-gold-studs-for-women-ngo-stst-p-p-81987,19319.61,22906.0,0.8434301056491749,
1710,Classic Finely Detailed And Crafted 22KT Gold Ring For Women,https://www.bhimagold.com/products/classic-finely-detailed-and-crafted-22kt-gold-ring-for-women-ngo-rgrg-p-p-81438,42669.93,50591.0,0.8434292660749936,
1711,Classic Finely Detailed And Crafted 22KT Gold Ring For Women,https://www.bhimagold.com/products/classic-finely-detailed-and-crafted-22kt-gold-ring-for-women-ngo-rgrg-p-p-77060,33357.6,39550.0,0.8434285714285714,
1712,Classic Finely Detailed And Crafted 22KT Gold Studs For Women,https://www.bhimagold.com/products/classic-finely-detailed-and-crafted-22kt-gold-studs-for-women-ngo-stst-p-p-81498,27381.03,32464.0,0.8434274889107934,
1713,Classic Finely Detailed And Crafted 22KT Gold Ring For Kids,https://www.bhimagold.com/products/classic-finely-detailed-and-crafted-22kt-gold-ring-for-kids-ngo-rgbr-p-p-79723,18763.65,22247.0,0.8434238324268442,
1714,Classic Finely Detailed And Crafted 22KT Gold Drops For Women,https://www.bhimagold.com/products/classic-finely-detailed-and-crafted-22kt-gold-drops-for-women-ngo-stst-p-p-81175,17512.74,20764.0,0.8434184164900791,
1715,Classic Finely Detailed And Crafted 22KT Gold Ring For Kids,https://www.bhimagold.com/products/classic-finely-detailed-and-crafted-22kt-gold-ring-for-kids-ngo-rgbr-p-p-81053,17512.74,20764.0,0.8434184164900791,
1716,Classic Finely Detailed And Crafted 22KT Gold Ring For Kids,https://www.bhimagold.com/products/classic-finely-detailed-and-crafted-22kt-gold-ring-for-kids-ngo-rgbr-p-p-81216,17512.74,20764.0,0.8434184164900791,
1717,Classic Finely Detailed And Crafted 22KT Gold Studs For Women,https://www.bhimagold.com/products/classic-finely-detailed-and-crafted-22kt-gold-studs-for-women-ngo-stst-p-p-81502,17512.74,20764.0,0.8434184164900791,
1718,Classic Finely Detailed And Crafted 22KT Gold Ring For Kids,https://www.bhimagold.com/products/classic-finely-detailed-and-crafted-22kt-gold-ring-for-kids-ngo-rgbr-p-p-79695,14176.98,16809.0,0.8434160271283241,
1719,Finely Detailed And Crafted 22KT Gold Ring For Kids,https://www.bhimagold.com/products/finely-detailed-and-crafted-22kt-gold-ring-for-kids-ngo-rgbr-p-p-81314,14176.98,16809.0,0.8434160271283241,
1720,Classic Finely Detailed And Crafted 22KT Gold Ring For Kids,https://www.bhimagold.com/products/classic-finely-detailed-and-crafted-22kt-gold-ring-for-kids-ngo-rgbr-p-p-79618,14871.93,17633.0,0.8434146203141837,
1721,Classic Finely Detailed And Crafted 22KT Gold Ring For Kids,https://www.bhimagold.com/products/classic-finely-detailed-and-crafted-22kt-gold-ring-for-kids-ngo-rgbr-p-p-77441,14871.93,17633.0,0.8434146203141837,
1722,Antique Finished & Studded 22KT Gold Matty,https://www.bhimagold.com/products/antique-finished-&-studded-22kt-gold-matty-ngo-chmt-ox-s-60223,117307.56,139102.0,0.8433204411151529,
1723,Divinely Detailed And Antique Finished 22KT Gold Sri Krishna Haaram,https://www.bhimagold.com/products/divinely-detailed-and-antique-finished-22kt-gold-sri-krishna-haaram-ngo-chfc-rsl-s-l-ox-25845060,2091521.52,2480886.0,0.8430542636783794,
1724,Antique Finished And Studded 22KT Gold Haaram For Women,https://www.bhimagold.com/products/antique-finished-and-studded-22kt-gold-haaram-for-women-ngo-chfc-s-79250,1690813.35,2005645.0,0.8430272306415144,
1725,Classic Finely Detailed And Crafted 22KT Gold Chain,https://www.bhimagold.com/products/classic-finely-detailed-and-crafted-22kt-gold-chain-ngo-chmc-p-p-81247,36415.38,43220.0,0.8425585377140212,
1726,Classic Finely Detailed 22KT Gold Chain For Women,https://www.bhimagold.com/products/classic-finely-detailed-22kt-gold-chain-for-women-ngo-chmc-p-p-81191,36415.38,43220.0,0.8425585377140212,
1727,Classic Finely Detailed 22KT Gold Chain For Women,https://www.bhimagold.com/products/classic-finely-detailed-22kt-gold-chain-for-women-ngo-chmc-p-p-81050,46005.69,54603.0,0.8425487610570849,
1728,Antique Finished And Studded 22KT Gold Haaram,https://www.bhimagold.com/products/antique-finished-and-studded-22kt-gold-haaram-ngo-chfc-pcw-s-l-ox-25106335,1428122.25,1695156.0,0.8424724627113964,
1729,Antique Finished And Studded 22KT Gold Haaram,https://www.bhimagold.com/products/antique-finished-and-studded-22kt-gold-haaram-ngo-chfc-ramr-s-l-ox-2580290,1063968.45,1262965.0,0.8424370034007276,
1730,Gorgeously Detailed And Studded 22KT Gold Double Hook Pendant,https://www.bhimagold.com/products/gorgeously-detailed-and-studded-22kt-gold-double-hook-pendant-ngo-chdp-s-81103,98404.92,116818.0,0.842378058175966,
1731,Antique Finished And Studded 22KT Gold Haaram,https://www.bhimagold.com/products/antique-finished-and-studded-22kt-gold-haaram-ngo-chfc-ops-s-l-na-25784104,1590601.56,1889059.0,0.8420073486323085,
1732,Classic Finely Detailed And Crafted 22KT Gold Ring For Men,https://www.bhimagold.com/products/classic-finely-detailed-and-crafted-22kt-gold-ring-for-men-ngo-rgrg-p-p-81473,43225.89,51339.0,0.8419698474843686,
1733,Classic Finely Detailed And Crafted 22KT Gold Ring For Men,https://www.bhimagold.com/products/classic-finely-detailed-and-crafted-22kt-gold-ring-for-men-ngo-rgrg-p-p-81430,44754.78,53155.0,0.8419674536732198,
1734,Finely Detailed 22KT Gold Ring For Men,https://www.bhimagold.com/products/finely-detailed-22kt-gold-ring-for-men-ngo-rgrg-p-p-81659,41002.05,48698.0,0.8419657891494517,
1735,Classic Finely Detailed And Crafted 22KT Gold Drops For Women,https://www.bhimagold.com/products/classic-finely-detailed-and-crafted-22kt-gold-drops-for-women-ngo-stdr-p-p-76300,33774.57,40114.0,0.8419646507453756,
1736,Classic Finely Detailed And Crafted 22KT Gold Drops For Women,https://www.bhimagold.com/products/classic-finely-detailed-and-crafted-22kt-gold-drops-for-women-ngo-stdr-p-p-81154,35164.47,41765.0,0.8419602538010296,
1737,Classic Finely Detailed And Crafted 22KT Gold Ring For Men,https://www.bhimagold.com/products/classic-finely-detailed-and-crafted-22kt-gold-ring-for-men-ngo-rgrg-p-p-81429,42113.97,50019.0,0.8419594554069454,
1738,Finely Detailed 22KT Gold Ring For Women,https://www.bhimagold.com/products/finely-detailed-22kt-gold-ring-for-women-ngo-rgrg-p-p-81661,36832.35,43746.0,0.8419592648470717,
1739,Finely Detailed 22KT Gold Ring For Men,https://www.bhimagold.com/products/finely-detailed-22kt-gold-ring-for-men-ngo-rgrg-p-p-81655,38222.25,45397.0,0.841955415556094,
1740,Classic Finely Detailed And Crafted 22KT Gold Ring For Men,https://www.bhimagold.com/products/classic-finely-detailed-and-crafted-22kt-gold-ring-for-men-ngo-rgrg-p-p-81636,27520.02,32686.0,0.8419512941320443,
1741,Antique Finished And Studded 22KT Gold Haaram,https://www.bhimagold.com/products/antique-finished-and-studded-22kt-gold-haaram-ngo-chfc-ops-s-l-na-25891393,913998.24,1085597.0,0.8419314349615925,
1742,Studded & Detailed 22KT Gold Earrings For Women,https://www.bhimagold.com/products/studded-&-detailed-22kt-gold-earrings-for-women-ngo-stdr-ox-s-68593,466589.43,554351.0,0.84168591740612,
1743,Antique Finished And Studded 22KT Gold Haaram,https://www.bhimagold.com/products/antique-finished-and-studded-22kt-gold-haaram-ngo-chfc-oxp-s-l-ox-25195186,1170017.82,1390116.0,0.8416691988294502,
1744,Antique Finished And Studded 22KT Gold Drops,https://www.bhimagold.com/products/antique-finished-and-studded-22kt-gold-drops-ngo-stdr-ops-s-l-ox-24792155,305500.02,363010.0,0.8415746673645355,
1745,Divinely Detailed And Antique Finished 22KT Gold Sri Krishna Necklace,https://www.bhimagold.com/products/divinely-detailed-and-antique-finished-22kt-gold-sri-krishna-necklace-ngo-chnc-rsl-s-l-ox-25842034,1853570.64,2202818.0,0.8414542826506775,
1746,Studded And Detailed 22KT Gold Necklace For Women,https://www.bhimagold.com/products/studded-and-detailed-22kt-gold-necklace-for-women-ngo-chns-cod-s-l-p-24424280,516208.86,613493.0,0.8414258353396045,
1747,Antique Finished & Studded 22KT Gold Mehndi Bracelets For Women,https://www.bhimagold.com/products/antique-finished-&-studded-22kt-gold-mehndi-bracelets-for-women-ngo-bgbb-ox-s-71257,590429.52,701718.0,0.8414056928851761,
1748,Traditionally Crafted And Detailed 22KT Gold Haaram,https://www.bhimagold.com/products/traditionally-crafted-and-detailed-22kt-gold-haaram-ngo-chfc-osp-s-l-ox-2537439,699536.67,832055.0,0.8407336894796619,
1749,Antique Finished And Studded 22KT Gold Drops,https://www.bhimagold.com/products/antique-finished-and-studded-22kt-gold-drops-ngo-stdr-ops-s-l-na-2650097,349420.86,415618.0,0.840726003204866,
1750,Premium Gorgeously Detailed And Studded 22KT Gold Drops For Women,https://www.bhimagold.com/products/premium-gorgeously-detailed-and-studded-22kt-gold-drops-for-women-ngo-stst-p-p-81118,42947.91,51098.0,0.840500802379741,
1751,Classic Finely Detailed And Crafted 22KT Gold Studs For Women,https://www.bhimagold.com/products/classic-finely-detailed-and-crafted-22kt-gold-studs-for-women-ngo-stst-p-79744,36832.35,43822.0,0.8404990643968783,
1752,Classic Finely Detailed And Crafted 22KT Gold Studs For Women,https://www.bhimagold.com/products/classic-finely-detailed-and-crafted-22kt-gold-studs-for-women-ngo-stst-p-p-81508,47395.59,56390.0,0.8404963646036531,
1753,Premium Gorgeously Detailed And Studded 22KT Gold Drops For Women,https://www.bhimagold.com/products/premium-gorgeously-detailed-and-studded-22kt-gold-drops-for-women-ngo-stst-p-p-81003,43920.84,52256.0,0.8404937232088181,
1754,Classic Finely Detailed And Crafted 22KT Gold Studs For Women,https://www.bhimagold.com/products/classic-finely-detailed-and-crafted-22kt-gold-studs-for-women-ngo-stst-p-p-82008,46561.65,55398.0,0.8404933391097151,
1755,Classic Finely Detailed And Crafted 22KT Gold Studs For Women,https://www.bhimagold.com/products/classic-finely-detailed-and-crafted-22kt-gold-studs-for-women-ngo-stst-p-p-81517,47256.6,56225.0,0.8404908848377056,
1756,Classic Finely Detailed And Crafted 22KT Gold Studs For Women,https://www.bhimagold.com/products/classic-finely-detailed-and-crafted-22kt-gold-studs-for-women-ngo-stst-p-p-79733,49480.44,58871.0,0.8404892052113945,
1757,Beautifully Crafted 22KT Gold Necklace,https://www.bhimagold.com/products/beautifully-crafted-22kt-gold-necklace-ngo-chnc-ox-s-57477,1047706.62,1246628.0,0.8404324465678614,
1758,Antique Finished And Studded 22KT Gold Haaram,https://www.bhimagold.com/products/antique-finished-and-studded-22kt-gold-haaram-ngo-chfc-pcw-s-l-ox-25240973,1162234.38,1383751.0,0.839915837459196,
1759,Divinely Detailed And Crafted 22KT Gold Murugan Locket For Men,https://www.bhimagold.com/products/divinely-detailed-and-crafted-22kt-gold-murugan-locket-for-men-ngo-chlc-p-p-81515,67827.12,80758.0,0.8398811263280418,
1760,Studded And Detailed 22KT Gold Studs For Women,https://www.bhimagold.com/products/studded-and-detailed-22kt-gold-studs-for-women-ngo-stst-p-p-77335,62406.51,74304.0,0.8398808947028424,
1761,Classic Finely Detailed And Crafted 22KT Gold Bangles For Women,https://www.bhimagold.com/products/classic-finely-detailed-and-crafted-22kt-gold-bangles-for-women-ngo-bgbb-p-p-77012,91733.4,109222.0,0.8398802439069052,
1762,Studded And Detailed 22KT Gold Studs For Women,https://www.bhimagold.com/products/studded-and-detailed-22kt-gold-studs-for-women-ngo-stst-p-p-77357,63240.45,75297.0,0.8398800749033826,
1763,Classic Finely Detailed And Crafted 22KT Gold Ring,https://www.bhimagold.com/products/classic-finely-detailed-and-crafted-22kt-gold-ring-ngo-rgrg-csl-p-g-p-24669276,98821.89,117662.0,0.8398794003161598,
1764,Divinely Detailed And Crafted 22KT Gold Balaji Locket For Men,https://www.bhimagold.com/products/divinely-detailed-and-crafted-22kt-gold-balaji-locket-for-men-ngo-chlc-p-p-78482,87980.67,104754.0,0.8398788590411822,
1765,Divinely Detailed And Crafted 22KT Gold Sri Krishna Locket For Men,https://www.bhimagold.com/products/divinely-detailed-and-crafted-22kt-gold-sri-krishna-locket-for-men-ngo-chlc-p-p-79178,52955.19,63051.0,0.8398786696483799,
1766,Classic Finely Detailed And Crafted 22KT Gold Ring For Men,https://www.bhimagold.com/products/classic-finely-detailed-and-crafted-22kt-gold-ring-for-men-ngo-rgrg-p-p-81466,85895.82,102272.0,0.8398762124530664,
1767,Studded And Detailed 22KT Gold Studs For Women,https://www.bhimagold.com/products/studded-and-detailed-22kt-gold-studs-for-women-ngo-stst-p-p-73505,99794.82,118821.0,0.8398752745726766,
1768,Finely Detailed And Crafted 22KT Gold Ring For Men,https://www.bhimagold.com/products/finely-detailed-and-crafted-22kt-gold-ring-for-men-ngo-rgrg-p-p-80887,69356.01,82579.0,0.8398746654718511,
1769,Classic Finely Detailed And Crafted 22KT Gold Locket For Women,https://www.bhimagold.com/products/classic-finely-detailed-and-crafted-22kt-gold-locket-for-women-ngo-chlc-r-p-80770,70745.91,84234.0,0.83987356649334,
1770,Classic Finely Detailed And Crafted 22KT Gold Bracelet For Women,https://www.bhimagold.com/products/classic-finely-detailed-and-crafted-22kt-gold-bracelet-for-women-ngo-bgbr-p-p-79674,77834.4,92674.0,0.8398731035673436,
1771,Enamel Worked And Matte Finished 22KT Gold Sai Baba Pendant,https://www.bhimagold.com/products/enamel-worked-and-matte-finished-22kt-gold-sai-baba-pendant-ngo-chlc-p-p-57868,58514.79,69671.0,0.8398729744082905,
1772,Finely Detailed And Crafted 22KT Gold Locket For Women,https://www.bhimagold.com/products/finely-detailed-and-crafted-22kt-gold-locket-for-women-ngo-chlc-r-p-80759,59626.71,70995.0,0.8398719628142827,
1773,Antique Finished And Studded 22KT Gold Oddiyanam,https://www.bhimagold.com/products/antique-finished-and-studded-22kt-gold-oddiyanam-ngo-chod-okw-s-l-ox-24790189,2544767.91,3031089.0,0.8395556547498276,
1774,Antique Finished And Studded 22KT Gold Drops,https://www.bhimagold.com/products/antique-finished-and-studded-22kt-gold-drops-ngo-stdr-ops-s-l-ox-25354388,487576.92,580958.0,0.8392636300730861,
1775,Studded And Detailed 22KT Gold Ring For Women,https://www.bhimagold.com/products/studded-and-detailed-22kt-gold-ring-for-women-ngo-rgrg-p-s-71554,77695.41,92585.0,0.8391792406977373,
1776,Studded And Detailed 22KT Gold Studs For Women,https://www.bhimagold.com/products/studded-and-detailed-22kt-gold-studs-for-women-ngo-stst-p-p-81138,16400.82,19547.0,0.8390453778073361,
1777,Classic Finely Detailed And Crafted 22KT Gold Studs For Women,https://www.bhimagold.com/products/classic-finely-detailed-and-crafted-22kt-gold-studs-for-women-ngo-stst-p-p-79646,21265.47,25345.0,0.8390400473466167,
1778,Classic Finely Detailed And Crafted 22KT Gold Drops For Women,https://www.bhimagold.com/products/classic-finely-detailed-and-crafted-22kt-gold-drops-for-women-ngo-stdr-p-p-81166,14454.96,17228.0,0.8390387740886928,
1779,Adjustable And Crafted 22KT Gold Baby Bangles,https://www.bhimagold.com/products/adjustable-and-crafted-22kt-gold-baby-bangles-ngo-bgbl-p-p-77558,39751.14,47377.0,0.8390387740886928,
1780,Classic Finely Detailed And Crafted 22KT Gold Drops For Women,https://www.bhimagold.com/products/classic-finely-detailed-and-crafted-22kt-gold-drops-for-women-ngo-stdr-p-p-81324,22516.38,26836.0,0.8390363690564914,
1781,Classic Finely Detailed And Crafted 22KT Gold Baby Bangles,https://www.bhimagold.com/products/classic-finely-detailed-and-crafted-22kt-gold-baby-bangles-ngo-bgbl-p-p-82074,42252.96,50359.0,0.8390349292082845,
1782,Classic Finely Detailed And Crafted 22KT Gold Drops For Women,https://www.bhimagold.com/products/classic-finely-detailed-and-crafted-22kt-gold-drops-for-women-ngo-stdr-p-p-81167,26964.06,32137.0,0.8390347574446899,
1783,Classic Finely Detailed And Crafted 22KT Gold Studs For Women,https://www.bhimagold.com/products/classic-finely-detailed-and-crafted-22kt-gold-studs-for-women-ngo-stst-p-p-82003,11675.16,13915.0,0.8390341358246497,
1784,Traditionally Crafted 22KT Gold Thali For Women,https://www.bhimagold.com/products/traditionally-crafted-22kt-gold-thali-for-women-ngo-chtl-p-p-81024,43086.9,51353.0,0.8390337468112866,
1785,Traditionally Crafted 22KT Gold Thali,https://www.bhimagold.com/products/traditionally-crafted-22kt-gold-thali-ngo-chtl-p-p-81082,28631.94,34125.0,0.8390312087912087,
1786,Classic Finely Detailed And Crafted 22KT Gold Lakshmi Locket For Women,https://www.bhimagold.com/products/classic-finely-detailed-and-crafted-22kt-gold-lakshmi-locket-for-women-ngo-chlc-p-79198,46005.69,54832.0,0.8390299460169245,
1787,Classic Finely Detailed And Crafted 22KT Gold Baby Bangles,https://www.bhimagold.com/products/classic-finely-detailed-and-crafted-22kt-gold-baby-bangles-ngo-bgbl-p-p-79389,42391.95,50525.0,0.8390291934685798,
1788,Classic Finely Detailed And Crafted 22KT Gold Baby Bangles,https://www.bhimagold.com/products/classic-finely-detailed-and-crafted-22kt-gold-baby-bangles-ngo-bgbl-p-p-73216,48507.51,57814.0,0.8390270522710762,
1789,Classic Finely Detailed And Crafted 22KT Gold Lakshmi Locket For Women,https://www.bhimagold.com/products/classic-finely-detailed-and-crafted-22kt-gold-lakshmi-locket-for-women-ngo-chlc-p-p-81559,44893.77,53507.0,0.8390261087334366,
1790,Classic Finely Detailed And Crafted 22KT Gold Drops For Women,https://www.bhimagold.com/products/classic-finely-detailed-and-crafted-22kt-gold-drops-for-women-ngo-stdr-p-p-81373,45727.71,54501.0,0.8390251555017338,
1791,Classic Finely Detailed And Crafted 22KT Gold Baby Bangles,https://www.bhimagold.com/products/classic-finely-detailed-and-crafted-22kt-gold-baby-bangles-ngo-bgbl-p-p-82083,41280.03,49200.0,0.839025,
1792,Classic Finely Detailed And Crafted 22KT Gold Baby Bangles,https://www.bhimagold.com/products/classic-finely-detailed-and-crafted-22kt-gold-baby-bangles-ngo-bgbl-p-p-82065,41697.0,49697.0,0.8390244883997022,
1793,Classic Finely Detailed And Crafted 22KT Gold Drops For Women,https://www.bhimagold.com/products/classic-finely-detailed-and-crafted-22kt-gold-drops-for-women-ngo-stdr-p-p-80125,29604.87,35285.0,0.8390213971942752,
1794,Traditionally Crafted 22KT Gold Thali For Women,https://www.bhimagold.com/products/traditionally-crafted-22kt-gold-thali-for-women-ngo-chtl-na-p-81076,11397.18,13584.0,0.8390150176678446,
1795,Classic Finely Detailed And Crafted 22KT Gold Studs For Women,https://www.bhimagold.com/products/classic-finely-detailed-and-crafted-22kt-gold-studs-for-women-ngo-stst-p-p-79728,17512.74,20873.0,0.8390140372730323,
1796,Studded & Detailed 22KT Gold Bracelet For Women,https://www.bhimagold.com/products/studded-&-detailed-22kt-gold-bracelet-for-women-ngo-bgbr-p-s-77081,52399.23,62466.0,0.8388440111420613,
1797,Finely Detailed And Crafted 22KT Gold Necklace For Women,https://www.bhimagold.com/products/finely-detailed-and-crafted-22kt-gold-necklace-for-women-ngo-chnc-p-s-80745,65881.26,78545.0,0.8387708956649054,
1798,Finely Detailed And Crafted 22KT Gold Ring For Men,https://www.bhimagold.com/products/finely-detailed-and-crafted-22kt-gold-ring-for-men-ngo-rgrg-p-s-81308,58236.81,69443.0,0.838627507452155,
1799,Traditionally Crafted 22KT Gold Thali For Women,https://www.bhimagold.com/products/traditionally-crafted-22kt-gold-thali-for-women-ngo-chtl-p-s-81011,42947.91,51213.0,0.8386134379942594,
1800,Traditionally Crafted 22KT Gold Thali For Women,https://www.bhimagold.com/products/traditionally-crafted-22kt-gold-thali-for-women-ngo-chtl-p-s-81075,41558.01,49557.0,0.8385901083600703,
1801,Traditionally Crafted And Detailed 22KT Gold Thali For Women,https://www.bhimagold.com/products/traditionally-crafted-and-detailed-22kt-gold-thali-for-women-ngo-chtl-p-s-81221,37249.32,44421.0,0.838552036199095,
1802,Traditionally Crafted And Detailed 22KT Gold Thali For Women,https://www.bhimagold.com/products/traditionally-crafted-and-detailed-22kt-gold-thali-for-women-ngo-chtl-p-s-81309,32801.64,39120.0,0.8384877300613497,
1803,Classic Finely Detailed And Crafted 22KT Gold Drops For Women,https://www.bhimagold.com/products/classic-finely-detailed-and-crafted-22kt-gold-drops-for-women-ngo-stst-p-s-81180,17790.72,21218.0,0.8384729946272034,
1804,Traditionally Crafted 22KT Gold Thali For Women,https://www.bhimagold.com/products/traditionally-crafted-22kt-gold-thali-for-women-ngo-chtl-p-s-81574,31550.73,37629.0,0.8384684684684685,
1805,Traditionally Crafted 22KT Gold Thali For Women,https://www.bhimagold.com/products/traditionally-crafted-22kt-gold-thali-for-women-ngo-chtl-p-s-81063,28770.93,34316.0,0.8384115281501341,
1806,Classic Finely Detailed And Crafted 22KT Gold Studs For Women,https://www.bhimagold.com/products/classic-finely-detailed-and-crafted-22kt-gold-studs-for-women-ngo-stst-p-s-76811,43086.9,51394.0,0.8383644005136787,
1807,Studded And Detailed 22KT Gold Studs For Women,https://www.bhimagold.com/products/studded-and-detailed-22kt-gold-studs-for-women-ngo-stst-p-s-82031,65881.26,78596.0,0.8382266273092778,
1808,Studded And Detailed 22KT Gold Studs For Women,https://www.bhimagold.com/products/studded-and-detailed-22kt-gold-studs-for-women-ngo-stst-p-s-79197,47812.56,57041.0,0.8382139163058151,
1809,Studded & Detailed 22KT Gold Pendant For Women,https://www.bhimagold.com/products/studded-&-detailed-22kt-gold-pendant-for-women-ngo-chlc-p-s-81666,20431.53,24377.0,0.8381478442794437,
1810,Studded & Detailed 22KT Gold Bracelet For Women,https://www.bhimagold.com/products/studded-&-detailed-22kt-gold-bracelet-for-women-ngo-bgbr-p-s-81436,95903.1,114448.0,0.8379622186495177,
1811,Studded & Detailed 22KT Gold Pendant For Women,https://www.bhimagold.com/products/studded-&-detailed-22kt-gold-pendant-for-women-ngo-chlc-p-s-79705,16817.79,20070.0,0.8379566517189836,
1812,Studded And Detailed 22KT Gold Studs For Women,https://www.bhimagold.com/products/studded-and-detailed-22kt-gold-studs-for-women-ngo-stst-p-s-81647,26547.09,31681.0,0.8379498753195922,
1813,Studded And Detailed 22KT Gold Studs For Women,https://www.bhimagold.com/products/studded-and-detailed-22kt-gold-studs-for-women-ngo-stst-p-s-81662,26686.08,31847.0,0.8379464313750118,
1814,Finely Detailed 22KT Gold Ring For Women,https://www.bhimagold.com/products/finely-detailed-22kt-gold-ring-for-women-ngo-rgrg-p-s-71357,80058.24,95556.0,0.8378148938842146,
1815,Antique Finished And Studded 22KT Gold Bangles For Women,https://www.bhimagold.com/products/antique-finished-and-studded-22kt-gold-bangles-for-women-ngo-bgbb-p-s-75548,411966.36,491735.0,0.8377812439627035,
1816,Classic Finely Detailed And Crafted 22KT Gold Bangles For Women,https://www.bhimagold.com/products/classic-finely-detailed-and-crafted-22kt-gold-bangles-for-women-ngo-bgbb-p-s-81664,75332.58,89926.0,0.8377174565754064,
1817,Finely Detailed And Crafted 22KT Gold Bangles,https://www.bhimagold.com/products/finely-detailed-and-crafted-22kt-gold-bangles-ngo-bgle-p-p-58107,169222.04,202018.0,0.8376582284746904,
1818,Classic Finely Detailed And Crafted 22KT Gold Ring For Kids,https://www.bhimagold.com/products/classic-finely-detailed-and-crafted-22kt-gold-ring-for-kids-ngo-rgbr-p-p-79721,13760.01,16428.0,0.8375949598246896,
1819,Classic Finely Detailed And Crafted 22KT Gold Ring For Kids,https://www.bhimagold.com/products/classic-finely-detailed-and-crafted-22kt-gold-ring-for-kids-ngo-rgbr-p-p-79664,11536.17,13773.0,0.8375931169679809,
1820,Classic Finely Detailed And Crafted 22KT Gold Ring For Kids,https://www.bhimagold.com/products/classic-finely-detailed-and-crafted-22kt-gold-ring-for-kids-ngo-rgbr-p-p-79623,14176.98,16926.0,0.8375859624246721,
1821,Classic Finely Detailed And Crafted 22KT Gold Ring For Kids,https://www.bhimagold.com/products/classic-finely-detailed-and-crafted-22kt-gold-ring-for-kids-ngo-rgbr-p-p-79666,12092.13,14437.0,0.8375791369398073,
1822,Classic Finely Detailed And Crafted 22KT Gold Studs For Women,https://www.bhimagold.com/products/classic-finely-detailed-and-crafted-22kt-gold-studs-for-women-ngo-stst-p-p-79737,41419.02,49451.0,0.8375769954095973,
1823,Finely Detailed And Crafted 22KT Gold Locket For Women,https://www.bhimagold.com/products/finely-detailed-and-crafted-22kt-gold-locket-for-women-ngo-chlc-p-p-69959,34330.53,40988.0,0.8375751439445691,
1824,Classic Finely Detailed And Crafted 22KT Gold Ring For Women,https://www.bhimagold.com/products/classic-finely-detailed-and-crafted-22kt-gold-ring-for-women-ngo-rgrg-p-p-79700,49758.42,59408.0,0.8375710342041476,
1825,Classic Finely Detailed And Crafted 22KT Gold Ring For Kids,https://www.bhimagold.com/products/classic-finely-detailed-and-crafted-22kt-gold-ring-for-kids-ngo-rgbr-p-p-79708,12787.08,15267.0,0.8375633719787777,
1826,Classic Finely Detailed And Crafted 22KT Gold Ring For Kids,https://www.bhimagold.com/products/classic-finely-detailed-and-crafted-22kt-gold-ring-for-kids-ngo-rgbr-p-p-79643,12926.07,15433.0,0.8375604224713277,
1827,Classic Finely Detailed And Crafted 22KT Gold Ring For Kids,https://www.bhimagold.com/products/classic-finely-detailed-and-crafted-22kt-gold-ring-for-kids-ngo-rgbr-p-p-79639,13482.03,16097.0,0.8375492327762938,
1828,Studded And Detailed 22KT Gold Ring For Women,https://www.bhimagold.com/products/studded-and-detailed-22kt-gold-ring-for-women-ngo-rgrg-p-s-71313,61155.6,73021.0,0.8375070185289163,
1829,Classic Finely Detailed And Crafted 22KT Gold Baby Bangles,https://www.bhimagold.com/products/classic-finely-detailed-and-crafted-22kt-gold-baby-bangles-ngo-bgbl-p-s-60423,46005.69,54935.0,0.8374568125967052,
1830,Studded And Detailed 22KT Gold Studs For Women,https://www.bhimagold.com/products/studded-and-detailed-22kt-gold-studs-for-women-ngo-stst-p-s-78418,66715.2,79666.0,0.8374362965380463,
1831,Classic Finely Detailed And Crafted 22KT Gold Baby Bangles,https://www.bhimagold.com/products/classic-finely-detailed-and-crafted-22kt-gold-baby-bangles-ngo-bgbl-p-s-60372,44615.79,53278.0,0.8374148804384549,
1832,Classic Finely Detailed And Crafted 22KT Gold Baby Bangles,https://www.bhimagold.com/products/classic-finely-detailed-and-crafted-22kt-gold-baby-bangles-ngo-bgbl-p-s-82078,37666.29,44985.0,0.8373077692564188,
1833,Classic Finely Detailed And Crafted 22KT Gold Baby Bangles,https://www.bhimagold.com/products/classic-finely-detailed-and-crafted-22kt-gold-baby-bangles-ngo-bgbl-p-s-82082,37388.31,44654.0,0.8372891566265059,
1834,Classic Finely Detailed And Crafted 22KT Gold Baby Bangles,https://www.bhimagold.com/products/classic-finely-detailed-and-crafted-22kt-gold-baby-bangles-ngo-bgbl-p-s-72710,36276.39,43329.0,0.8372311846569273,
1835,Classic Finely Detailed And Crafted 22KT Gold Baby Bangles,https://www.bhimagold.com/products/classic-finely-detailed-and-crafted-22kt-gold-baby-bangles-ngo-bgbl-p-s-72670,36137.4,43163.0,0.8372309617033108,
1836,Studded And Detailed 22KT Gold Ring For Women,https://www.bhimagold.com/products/studded-and-detailed-22kt-gold-ring-for-women-ngo-rgrg-p-s-71303,75471.57,90167.0,0.837019863142835,
1837,Traditionally Crafted And Detailed 22KT Gold Bangles,https://www.bhimagold.com/products/traditionally-crafted-and-detailed-22kt-gold-bangles-ngo-bgle-p-p-57197,173247.8,206996.0,0.8369620668998434,
1838,Classic Finely Detailed 22KT Gold Bangles,https://www.bhimagold.com/products/classic-finely-detailed-22kt-gold-bangles-ngo-bgle-p-p-57085,195983.55,234161.0,0.8369606808990395,
1839,Detailed 22KT Gold Bangles,https://www.bhimagold.com/products/detailed-22kt-gold-bangles-ngo-bgle-p-p-58086,176540.94,210931.0,0.8369606174531008,
1840,Traditionally Crafted And Detailed 22KT Gold Haaram For Women,https://www.bhimagold.com/products/traditionally-crafted-and-detailed-22kt-gold-haaram-for-women-ngo-chfc-pcw-s-l-ox-25170816,1116645.66,1334251.0,0.8369082429018228,
1841,Antique Finished And Studded 22KT Gold Drops,https://www.bhimagold.com/products/antique-finished-and-studded-22kt-gold-drops-ngo-stdr-btc-s-l-ox-25893857,586537.8,701185.0,0.8364950761924457,
1842,Classic Finely Detailed And Crafted 22KT Gold Drops For Women,https://www.bhimagold.com/products/classic-finely-detailed-and-crafted-22kt-gold-drops-for-women-ngo-stdr-ox-s-57253,340803.48,407422.0,0.8364876712597749,
1843,Coral Studded And Detailed 22KT Gold Studs For Women,https://www.bhimagold.com/products/coral-studded-and-detailed-22kt-gold-studs-for-women-ngo-stst-p-s-81575,86868.75,103865.0,0.8363621046550811,
1844,Finely Detailed 22KT Gold Bracelet For Women,https://www.bhimagold.com/products/finely-detailed-22kt-gold-bracelet-for-women-ngo-bgbr-p-s-78187,66437.22,79438.0,0.8363405423097259,
1845,Studded And Detailed 22KT Gold Ring For Men,https://www.bhimagold.com/products/studded-and-detailed-22kt-gold-ring-for-men-ngo-rgrg-p-s-79697,86173.8,103066.0,0.8361030795800749,
1846,Studded And Detailed 22KT Gold Ring For Men,https://www.bhimagold.com/products/studded-and-detailed-22kt-gold-ring-for-men-ngo-rgrg-p-s-79149,70884.9,84785.0,0.8360547266615557,
1847,Casual Wear and Detailed 22KT Gold Studs For Women,https://www.bhimagold.com/products/casual-wear-and-detailed-22kt-gold-studs-for-women-ngo-stst-p-s-81036,50453.37,60362.0,0.8358465590934695,
1848,Antique Finished And Studded 22KT Gold Necklace,https://www.bhimagold.com/products/antique-finished-and-studded-22kt-gold-necklace-ngo-chnc-btc-s-l-ox-24589568,564855.36,675824.0,0.8358024574445417,
1849,Studded & Detailed 22KT Gold Bracelet For Women,https://www.bhimagold.com/products/studded-&-detailed-22kt-gold-bracelet-for-women-ngo-bgbr-p-s-78170,79363.29,94957.0,0.8357813536653432,
1850,Antique Finished And Studded 22KT Gold Fancy Chain,https://www.bhimagold.com/products/antique-finished-and-studded-22kt-gold-fancy-chain-ngo-chfc-pcw-s-l-p-2517739,1252994.85,1499495.0,0.8356112224448898,
1851,Antique Finished And Studded 22KT Gold Fancy Chain,https://www.bhimagold.com/products/antique-finished-and-studded-22kt-gold-fancy-chain-ngo-chfc-rsl-s-l-ox-24763177,2790363.24,3340568.0,0.8352960454629274,
1852,Antique Finished And Studded 22KT Gold Drops,https://www.bhimagold.com/products/antique-finished-and-studded-22kt-gold-drops-ngo-stdr-btc-s-l-ox-24589510,300496.38,359886.0,0.8349765759157066,
1853,Divinely Detailed And Antique Finished 22KT Gold Trimurthy Haaram,https://www.bhimagold.com/products/divinely-detailed-and-antique-finished-22kt-gold-trimurthy-haaram-ngo-chfc-ops-s-l-ox-25248844,4358587.41,5221971.0,0.8346632736949324,
1854,Studded & Detailed 22KT Gold Pendant For Women,https://www.bhimagold.com/products/studded-&-detailed-22kt-gold-pendant-for-women-ngo-chlc-p-s-71451,77139.45,92438.0,0.834499340098228,
1855,Divinely Detailed And Antique Finished 22KT Gold Sri Krishna Drops,https://www.bhimagold.com/products/divinely-detailed-and-antique-finished-22kt-gold-sri-krishna-drops-ngo-stdr-rsl-s-l-ox-25842178,773618.34,927264.0,0.834302140490734,
1856,Antique Finished And Studded 22KT Gold Bangles,https://www.bhimagold.com/products/antique-finished-and-studded-22kt-gold-bangles-ngo-bgbb-btc-s-l-ox-24589564,810033.72,971309.0,0.8339608919509651,
1857,Antique Finished And Studded 22KT Gold Haaram For Women,https://www.bhimagold.com/products/antique-finished-and-studded-22kt-gold-haaram-for-women-ngo-chfc-g-s-77078,321483.87,385598.0,0.8337280535687426,
1858,Studded And Detailed 22KT Gold Studs For Women,https://www.bhimagold.com/products/studded-and-detailed-22kt-gold-studs-for-women-ngo-stst-p-s-75293,76722.48,92045.0,0.833532293986637,
1859,Studded And Detailed 22KT Gold Drops For Women,https://www.bhimagold.com/products/studded-and-detailed-22kt-gold-drops-for-women-ngo-stdr-p-s-78414,87841.68,105400.0,0.833412523719165,
1860,Studded And Detailed 22KT Gold Studs For Women,https://www.bhimagold.com/products/studded-and-detailed-22kt-gold-studs-for-women-ngo-stst-p-s-61383,31272.75,37530.0,0.833273381294964,
1861,Classic Finely Detailed And Crafted 22KT Gold Drops For Women,https://www.bhimagold.com/products/classic-finely-detailed-and-crafted-22kt-gold-drops-for-women-ngo-stdr-p-p-77159,32384.67,38866.0,0.833239077857253,
1862,Traditionally Crafted And Detailed 22KT Gold Drops For Women,https://www.bhimagold.com/products/traditionally-crafted-and-detailed-22kt-gold-drops-for-women-ngo-stdr-p-p-77192,38917.2,46706.0,0.8332376996531494,
1863,Classic Finely Detailed And Crafted 22KT Gold Drops For Women,https://www.bhimagold.com/products/classic-finely-detailed-and-crafted-22kt-gold-drops-for-women-ngo-stst-p-82000,18763.65,22519.0,0.8332363781695458,
1864,Finely Detailed And Crafted 22KT Gold Locket For Women,https://www.bhimagold.com/products/finely-detailed-and-crafted-22kt-gold-locket-for-women-ngo-chlc-p-p-80785,25991.13,31193.0,0.833235982431956,
1865,Classic Finely Detailed And Crafted 22KT Gold Studs For Women,https://www.bhimagold.com/products/classic-finely-detailed-and-crafted-22kt-gold-studs-for-women-ngo-stst-p-p-77163,29604.87,35530.0,0.8332358570222347,
1866,Classic Finely Detailed And Crafted 22KT Gold Studs For Women,https://www.bhimagold.com/products/classic-finely-detailed-and-crafted-22kt-gold-studs-for-women-ngo-stst-p-p-81530,36137.4,43370.0,0.8332349550380448,
1867,Classic Finely Detailed And Crafted 22KT Gold Drops For Women,https://www.bhimagold.com/products/classic-finely-detailed-and-crafted-22kt-gold-drops-for-women-ngo-stdr-p-p-77149,41974.98,50376.0,0.8332336827060506,
1868,Studded And Detailed 22KT Gold Studs For Women,https://www.bhimagold.com/products/studded-and-detailed-22kt-gold-studs-for-women-ngo-stst-p-p-81043,23906.28,28691.0,0.833232721062354,
1869,Classic Finely Detailed And Crafted 22KT Gold Drops For Women,https://www.bhimagold.com/products/classic-finely-detailed-and-crafted-22kt-gold-drops-for-women-ngo-stdr-p-p-77173,47812.56,57382.0,0.833232721062354,
1870,Classic Finely Detailed And Crafted 22KT Gold Studs For Women,https://www.bhimagold.com/products/classic-finely-detailed-and-crafted-22kt-gold-studs-for-women-ngo-stst-p-p-81651,29048.91,34863.0,0.8332303588331469,
1871,Classic Finely Detailed And Crafted 22KT Gold Drops For Women,https://www.bhimagold.com/products/classic-finely-detailed-and-crafted-22kt-gold-drops-for-women-ngo-stdr-p-p-81016,46561.65,55881.0,0.8332286465882859,
1872,Classic Finely Detailed And Crafted 22KT Gold Studs For Women,https://www.bhimagold.com/products/classic-finely-detailed-and-crafted-22kt-gold-studs-for-women-ngo-stst-p-p-77135,27659.01,33195.0,0.8332281970176231,
1873,Classic Finely Detailed And Crafted 22KT Gold Drops For Women,https://www.bhimagold.com/products/classic-finely-detailed-and-crafted-22kt-gold-drops-for-women-ngo-stdr-p-p-77153,32106.69,38533.0,0.8332258064516128,
1874,Classic Finely Detailed And Crafted 22KT Gold Studs For Women,https://www.bhimagold.com/products/classic-finely-detailed-and-crafted-22kt-gold-studs-for-women-ngo-stst-p-p-81494,37249.32,44705.0,0.8332249189128733,
1875,Classic Finely Detailed And Crafted 22KT Gold Studs For Women,https://www.bhimagold.com/products/classic-finely-detailed-and-crafted-22kt-gold-studs-for-women-ngo-stst-p-p-77179,44615.79,53546.0,0.8332235834609495,
1876,Classic Finely Detailed And Crafted 22KT Gold Drops For Women,https://www.bhimagold.com/products/classic-finely-detailed-and-crafted-22kt-gold-drops-for-women-ngo-stdr-p-p-77168,43225.89,51878.0,0.8332219823431898,
1877,Classic Finely Detailed And Crafted 22KT Gold Drops For Women,https://www.bhimagold.com/products/classic-finely-detailed-and-crafted-22kt-gold-drops-for-women-ngo-stdr-p-p-81990,42530.94,51044.0,0.8332211425436878,
1878,Classic Finely Detailed And Crafted 22KT Gold Drops For Women,https://www.bhimagold.com/products/classic-finely-detailed-and-crafted-22kt-gold-drops-for-women-ngo-stdr-p-p-77156,33079.62,39701.0,0.8332188106093046,
1879,Finely Detailed And Crafted 22KT Gold Locket For Women,https://www.bhimagold.com/products/finely-detailed-and-crafted-22kt-gold-locket-for-women-ngo-chlc-p-p-80877,16261.83,19517.0,0.8332136086488702,
1880,Studded And Detailed 22KT Gold Drops For Women,https://www.bhimagold.com/products/studded-and-detailed-22kt-gold-drops-for-women-ngo-stdr-p-s-77188,97015.02,116464.0,0.8330043618628933,
1881,Studded And Detailed 22KT Gold Studs For Women,https://www.bhimagold.com/products/studded-and-detailed-22kt-gold-studs-for-women-ngo-stst-p-s-73363,62823.48,75429.0,0.8328823131686752,
1882,Studded And Detailed 22KT Gold Ring For Women,https://www.bhimagold.com/products/studded-and-detailed-22kt-gold-ring-for-women-ngo-rgrg-p-s-81439,50731.35,60918.0,0.8327809514429233,
1883,One Of Its Kind Pachi Worked And Detailed 22KT Gold Fancy Chain,https://www.bhimagold.com/products/one-of-its-kind-pachi-worked-and-detailed-22kt-gold-fancy-chain-ngo-chfc-pcw-s-l-p-2517742,1376973.93,1653469.0,0.8327788002073216,
1884,Antique Finished And Studded 22KT Gold Choker,https://www.bhimagold.com/products/antique-finished-and-studded-22kt-gold-choker-ngo-chkr-btc-s-l-ox-25893611,1365854.73,1640284.0,0.832694051761768,
1885,Antique Finished And Studded 22KT Gold Drops,https://www.bhimagold.com/products/antique-finished-and-studded-22kt-gold-drops-ngo-stdr-btc-s-l-ox-25222304,328155.39,394108.0,0.8326534604727639,
1886,Studded And Detailed 22KT Gold Studs For Women,https://www.bhimagold.com/products/studded-and-detailed-22kt-gold-studs-for-women-ngo-stst-p-s-82010,43642.86,52419.0,0.8325771189835747,
1887,Studded And Detailed 22KT Gold Studs For Women,https://www.bhimagold.com/products/studded-and-detailed-22kt-gold-studs-for-women-ngo-stst-p-s-78362,51704.28,62132.0,0.8321682868731088,
1888,Studded And Detailed 22KT Gold Studs For Women,https://www.bhimagold.com/products/studded-and-detailed-22kt-gold-studs-for-women-ngo-stst-p-s-78411,69772.98,83863.0,0.8319876465187269,
1889,Traditionally Crafted And Detailed 22KT Gold Haaram,https://www.bhimagold.com/products/traditionally-crafted-and-detailed-22kt-gold-haaram-ngo-chfc-rrr-s-l-ox-24919906,1536534.45,1847323.0,0.8317627453347357,
1890,Antique Finished And Studded 22KT Gold Drops For Women,https://www.bhimagold.com/products/antique-finished-and-studded-22kt-gold-drops-for-women-ngo-stdr-s-72892,1033251.66,1242319.0,0.8317120320948163,
1891,Studded & Detailed 22KT Gold Pendant For Women,https://www.bhimagold.com/products/studded-&-detailed-22kt-gold-pendant-for-women-ngo-chlc-ox-s-79607,165676.08,199203.0,0.8316947033930211,
1892,Fancy Antique Finished And Studded 22KT Gold Necklace For Women,https://www.bhimagold.com/products/fancy-antique-finished-and-studded-22kt-gold-necklace-for-women-ngo-chfc-ops-s-l-ox-25930560,776120.16,933408.0,0.8314907950221125,
1893,Antique Finished And Studded 22KT Gold Drops For Women,https://www.bhimagold.com/products/antique-finished-and-studded-22kt-gold-drops-for-women-ngo-stdr-ox-s-75828,182632.86,219667.0,0.8314078127347302,
1894,Specially Crafted And Detailed 22KT Gold Locket For Men,https://www.bhimagold.com/products/specially-crafted-and-detailed-22kt-gold-locket-for-men-ngo-chlc-ox-p-80949,54762.06,65892.0,0.8310881442360225,
1895,Divinely Detailed And Antique Finished 22KT Gold Sri Krishna Locket For Men,https://www.bhimagold.com/products/divinely-detailed-and-antique-finished-22kt-gold-sri-krishna-locket-for-men-ngo-chlc-ox-p-78122,82004.1,98671.0,0.8310861347305694,
1896,Finely Detailed And Crafted 18Kt Gold Ring For Women,https://www.bhimagold.com/products/finely-detailed-and-crafted-18kt-gold-ring-for-women-ng18-rgrg18k-rg-p-80679,59844.75,72008.0,0.8310847405843795,
1897,Classic Finely Detailed And Crafted 18KT Rose Gold Ring For Women,https://www.bhimagold.com/products/classic-finely-detailed-and-crafted-18kt-rose-gold-ring-for-women-ng18-rgrg18k-rg-p-80588,58248.89,70088.0,0.8310822109348248,
1898,Specially Crafted And Detailed 22KT Gold Locket  For Men,https://www.bhimagold.com/products/specially-crafted-and-detailed-22kt-gold-locket-for-men-ngo-chlc-ox-p-81085,80336.22,96665.0,0.8310786737702375,
1899,Antique Finished And Studded 22KT Gold Ring For Women,https://www.bhimagold.com/products/antique-finished-and-studded-22kt-gold-ring-for-women-ngo-rgrg-ox-s-81447,63796.41,76768.0,0.8310286838265944,
1900,Antique Finished And Studded 22KT Gold Choker,https://www.bhimagold.com/products/antique-finished-and-studded-22kt-gold-choker-ngo-chkr-btc-s-l-ox-25893501,1542789.0,1856902.0,0.830840292056339,
1901,Studded And Detailed 22KT Gold Studs For Women,https://www.bhimagold.com/products/studded-and-detailed-22kt-gold-studs-for-women-ngo-stst-p-s-78914,62406.51,75118.0,0.8307797065949573,
1902,Antique Finished And Studded 22KT Gold Haaram,https://www.bhimagold.com/products/antique-finished-and-studded-22kt-gold-haaram-ngo-chfc-btc-s-l-ox-25894280,1728201.66,2080283.0,0.8307531523355235,
1903,Studded & Detailed 22KT Gold Pendant For Women,https://www.bhimagold.com/products/studded-&-detailed-22kt-gold-pendant-for-women-ngo-chlc-p-s-81524,63796.41,76809.0,0.8305850876850369,
1904,Antique Finished And Studded 22KT Gold Necklace,https://www.bhimagold.com/products/antique-finished-and-studded-22kt-gold-necklace-ngo-chnc-btc-s-l-ox-24589570,559434.75,673584.0,0.8305344990379819,
1905,Antique Finished And Studded 22KT Gold Drops,https://www.bhimagold.com/products/antique-finished-and-studded-22kt-gold-drops-ngo-stdr-okw-s-l-ox-25381414,438791.43,528368.0,0.8304655656663538,
1906,Antique Finished And Studded 22KT Gold Drops,https://www.bhimagold.com/products/antique-finished-and-studded-22kt-gold-drops-ngo-stdr-btc-s-l-ox-25893925,410020.5,493726.0,0.830461632565431,
1907,Classic Antique Finished And Studded 22KT Gold Ram Parivar Haaram,https://www.bhimagold.com/products/classic-antique-finished-and-studded-22kt-gold-ram-parivar-haaram-ngo-chfc-ramr-s-l-ox-25170495,1286074.47,1548722.0,0.8304101510794061,
1908,Studded And Detailed 18KT Rose Gold Bangles For Women,https://www.bhimagold.com/products/studded-and-detailed-18kt-rose-gold-bangles-for-women-ng18-bgbb18k-s-80630,50269.59,60538.0,0.8303807525851531,
1909,Studded & Detailed 22KT Gold Pendant For Women,https://www.bhimagold.com/products/studded-&-detailed-22kt-gold-pendant-for-women-ngo-chlc-ox-s-79633,126619.89,152533.0,0.8301147292716986,
1910,Antique Finished And Studded 22KT Gold Bangles,https://www.bhimagold.com/products/antique-finished-and-studded-22kt-gold-bangles-ngo-bgbb-btc-s-l-ox-25112094,868409.52,1046261.0,0.830012320061629,
1911,Antique Finished And Studded 22KT Gold Haaram For Women,https://www.bhimagold.com/products/antique-finished-and-studded-22kt-gold-haaram-for-women-ngo-chfc-g-s-77076,420027.78,506262.0,0.8296648375742205,
1912,Studded & Detailed 22KT Gold Pendant For Women,https://www.bhimagold.com/products/studded-&-detailed-22kt-gold-pendant-for-women-ngo-chlc-p-s-73357,82699.05,99681.0,0.8296370421645048,
1913,Studded And Detailed 22KT Gold Drops For Women,https://www.bhimagold.com/products/studded-and-detailed-22kt-gold-drops-for-women-ngo-stdr-p-s-78420,83671.98,100866.0,0.8295360180833977,
1914,Studded And Detailed 22KT Gold Studs For Women,https://www.bhimagold.com/products/studded-and-detailed-22kt-gold-studs-for-women-ngo-stst-p-s-81350,69356.01,83624.0,0.8293792451927675,
1915,Antique Finished And Studded 22KT Gold Drops,https://www.bhimagold.com/products/antique-finished-and-studded-22kt-gold-drops-ngo-stdr-ox-s-69615,96320.07,116150.0,0.8292730951356005,
1916,Studded And Detailed 22KT Gold Matty For Women,https://www.bhimagold.com/products/studded-and-detailed-22kt-gold-matty-for-women-ngo-chmt-cspm-s-l-p-25137707,86729.76,104604.0,0.8291246988642881,
1917,Classic Finely Detailed And Crafted 22KT Gold Baby Bangles,https://www.bhimagold.com/products/classic-finely-detailed-and-crafted-22kt-gold-baby-bangles-ngo-bgbl-p-p-79649,44198.82,53320.0,0.8289351087771943,
1918,Classic Finely Detailed And Crafted 22KT Gold Baby Bangles,https://www.bhimagold.com/products/classic-finely-detailed-and-crafted-22kt-gold-baby-bangles-ngo-bgbl-p-p-79148,43920.84,52985.0,0.8289296970840804,
1919,Black Beaded And Detailed 22KT Gold Bangles For Kids,https://www.bhimagold.com/products/black-beaded-and-detailed-22kt-gold-bangles-for-kids-ngo-bgbl-p-p-79039,43920.84,52985.0,0.8289296970840804,
1920,Studded & Detailed 22KT Gold Pendant For Women,https://www.bhimagold.com/products/studded-&-detailed-22kt-gold-pendant-for-women-ngo-chlc-s-79386,65464.29,78975.0,0.8289242165242166,
1921,Studded And Detailed 22KT Gold Studs For Women,https://www.bhimagold.com/products/studded-and-detailed-22kt-gold-studs-for-women-ngo-stst-p-s-77330,63796.41,76963.0,0.8289231189012902,
1922,Black Beaded And Detailed 22KT Gold Bangles For Kids,https://www.bhimagold.com/products/black-beaded-and-detailed-22kt-gold-bangles-for-kids-ngo-bgbl-p-p-69027,41141.04,49632.0,0.82892166344294,
1923,Enamel Worked And Detailed 22KT Gold Studs,https://www.bhimagold.com/products/enamel-worked-and-detailed-22kt-gold-studs-ngo-stet-bke-s-l-e-2674180,198894.69,239945.0,0.8289178353372648,
1924,Charmingly Detailed And Antique Finished 22KT Gold Drops,https://www.bhimagold.com/products/charmingly-detailed-and-antique-finished-22kt-gold-drops-ngo-stdr-btc-s-l-ox-24588962,570136.98,687900.0,0.8288079372001744,
1925,Antique Finished And Studded 22KT Gold Drops,https://www.bhimagold.com/products/antique-finished-and-studded-22kt-gold-drops-ngo-stdr-btc-s-l-ox-25893688,386809.17,466709.0,0.8288016087112098,
1926,Studded And Detailed 22KT Gold Studs For Women,https://www.bhimagold.com/products/studded-and-detailed-22kt-gold-studs-for-women-ngo-stst-p-s-76293,61433.58,74124.0,0.8287947223571314,
1927,Fancy Antique Finished And Studded 22KT Gold Choker For Women,https://www.bhimagold.com/products/fancy-antique-finished-and-studded-22kt-gold-choker-for-women-ngo-chnc-oxp-s-l-ox-24927597,1331107.23,1606238.0,0.8287110814213087,
1928,Antique Finished And Studded 22KT Gold Drops,https://www.bhimagold.com/products/antique-finished-and-studded-22kt-gold-drops-ngo-stdr-btc-s-l-ox-2628597,472566.0,570329.0,0.8285849045024889,
1929,Studded And Detailed 22KT Gold Studs For Women,https://www.bhimagold.com/products/studded-and-detailed-22kt-gold-studs-for-women-ngo-stst-p-s-77329,61155.6,73819.0,0.8284533792113141,
1930,Studded And Detailed 22KT Gold Studs For Women,https://www.bhimagold.com/products/studded-and-detailed-22kt-gold-studs-for-women-ngo-stst-p-s-81507,74359.65,89772.0,0.8283167357305172,
1931,Antique Finished And Studded 22KT Gold Drops For Women,https://www.bhimagold.com/products/antique-finished-and-studded-22kt-gold-drops-for-women-ngo-stdr-ox-s-81643,75471.57,91121.0,0.8282566038564108,
1932,Antique Finished And Studded 22KT Gold Drops,https://www.bhimagold.com/products/antique-finished-and-studded-22kt-gold-drops-ngo-stdr-btc-s-l-ox-25893500,740399.73,894155.0,0.8280440527649009,
1933,Antique Finished And Studded 22KT Gold Drops For Women,https://www.bhimagold.com/products/antique-finished-and-studded-22kt-gold-drops-for-women-ngo-stdr-g-s-81675,66020.25,79748.0,0.8278608867933992,
1934,Studded & Detailed 22KT Gold Matty For Women,https://www.bhimagold.com/products/studded-&-detailed-22kt-gold-matty-for-women-ngo-chmt-p-s-81554,92289.36,111481.0,0.8278483328997767,
1935,Classic Finely Detailed And Crafted 18KT White Gold Ring For Men,https://www.bhimagold.com/products/classic-finely-detailed-and-crafted-18kt-white-gold-ring-for-men-ng18-rgrg18k-rg-s-80595,85264.52,103027.0,0.82759393168781,
1936,Studded And Detailed 22KT Gold Studs For Women,https://www.bhimagold.com/products/studded-and-detailed-22kt-gold-studs-for-women-ngo-stst-p-s-80981,58097.82,70204.0,0.8275571192524642,
1937,Gorgeously Detailed And Studded 18Kt Gold Ring For Men,https://www.bhimagold.com/products/gorgeously-detailed-and-studded-18kt-gold-ring-for-men-ng18-rgrg18k-r-s-80645,59361.86,71734.0,0.8275275322720049,
1938,Classic Finely Detailed And Crafted 22KT Gold Locket For Kids,https://www.bhimagold.com/products/classic-finely-detailed-and-crafted-22kt-gold-locket-for-kids-ngo-chlc-p-p-79642,16678.8,20155.0,0.8275266683205159,
1939,Classic Finely Detailed And Crafted 22KT Gold Locket For Women,https://www.bhimagold.com/products/classic-finely-detailed-and-crafted-22kt-gold-locket-for-women-ngo-chlc-p-p-81268,16956.78,20491.0,0.8275233029134742,
1940,Finely Detailed And Crafted 22KT Gold Locket For Women,https://www.bhimagold.com/products/finely-detailed-and-crafted-22kt-gold-locket-for-women-ngo-chlc-p-p-80783,13760.01,16628.0,0.8275204474380563,
1941,Matte Finished And Detailed 22KT Gold Ring For Women,https://www.bhimagold.com/products/matte-finished-and-detailed-22kt-gold-ring-for-women-ngo-rgrg-spc-p-l-p-2638393,20709.51,25026.0,0.8275197794293934,
1942,Classic Finely Detailed And Crafted 22KT Gold Locket For Women,https://www.bhimagold.com/products/classic-finely-detailed-and-crafted-22kt-gold-locket-for-women-ngo-chlc-p-p-79408,17373.75,20995.0,0.8275184567754227,
1943,Finely Detailed And Crafted 22KT Gold Locket For Men,https://www.bhimagold.com/products/finely-detailed-and-crafted-22kt-gold-locket-for-men-ngo-chlc-p-p-81113,28075.98,33928.0,0.827516505541146,
1944,Classic Finely Detailed And Crafted 22KT Gold Locket For Women,https://www.bhimagold.com/products/classic-finely-detailed-and-crafted-22kt-gold-locket-for-women-ngo-chlc-p-p-79648,21126.48,25530.0,0.8275158636897767,
1945,Classic Finely Detailed And Crafted 22KT Gold Ring For Kids,https://www.bhimagold.com/products/classic-finely-detailed-and-crafted-22kt-gold-ring-for-kids-ngo-rgbr-p-p-79714,17790.72,21499.0,0.8275138378529234,
1946,Fancy Finely Detailed And Crafted 22KT Gold Bracelet For Kids,https://www.bhimagold.com/products/fancy-finely-detailed-and-crafted-22kt-gold-bracelet-for-kids-ngo-bgbr-p-p-81541,35720.43,43166.0,0.8275130890052356,
1947,Finely Detailed 22KT Gold Bracelet For Kids,https://www.bhimagold.com/products/finely-detailed-22kt-gold-bracelet-for-kids-ngo-bgbr-p-p-77109,42947.91,51900.0,0.8275127167630059,
1948,Classic Finely Detailed And Crafted 22KT Gold Ring For Women,https://www.bhimagold.com/products/classic-finely-detailed-and-crafted-22kt-gold-ring-for-women-ngo-rgrg-p-p-77068,32245.68,38967.0,0.8275125105858804,
1949,Classic Finely Detailed 22KT Gold Ring,https://www.bhimagold.com/products/classic-finely-detailed-22kt-gold-ring-ngo-rgrg-spc-p-g-p-2665770,39473.16,47701.0,0.8275122114840361,
1950,Classic Finely Detailed And Crafted 22KT Gold Locket For Men,https://www.bhimagold.com/products/classic-finely-detailed-and-crafted-22kt-gold-locket-for-men-ngo-chlc-p-p-81540,46700.64,56435.0,0.82751200496146,
1951,Finely Detailed And Crafted 22KT Gold Ring For Men,https://www.bhimagold.com/products/finely-detailed-and-crafted-22kt-gold-ring-for-men-ngo-rgrg-p-p-81261,43225.89,52236.0,0.8275114863312658,
1952,Finely Detailed And Crafted 22KT Gold Necklace For Women,https://www.bhimagold.com/products/finely-detailed-and-crafted-22kt-gold-necklace-for-women-ngo-chnc-p-p-80714,46839.63,56603.0,0.8275114393230041,
1953,Casual Wear And Detailed 22KT Gold Locket For Kids,https://www.bhimagold.com/products/casual-wear-and-detailed-22kt-gold-locket-for-kids-ngo-chlc-p-p-80873,18068.7,21835.0,0.8275108770322877,
1954,Classic Finely Detailed And Crafted 22KT Gold Drops For Women,https://www.bhimagold.com/products/classic-finely-detailed-and-crafted-22kt-gold-drops-for-women-ngo-stdr-p-p-80977,46978.62,56771.0,0.8275108770322877,
1955,Fancy Finely Detailed And Crafted 22KT Gold Bracelet For Kids,https://www.bhimagold.com/products/fancy-finely-detailed-and-crafted-22kt-gold-bracelet-for-kids-ngo-bgbr-p-p-79862,43364.88,52404.0,0.8275108770322875,
1956,Casual Wear and Detailed 22KT Gold Studs For Women,https://www.bhimagold.com/products/casual-wear-and-detailed-22kt-gold-studs-for-women-ngo-stet-p-p-80741,25435.17,30737.0,0.8275098415590331,
1957,Classic Finely Detailed And Crafted 22KT Gold Locket For Women,https://www.bhimagold.com/products/classic-finely-detailed-and-crafted-22kt-gold-locket-for-women-ngo-chlc-p-p-79332,18207.69,22003.0,0.8275094305322,
1958,Classic Finely Detailed And Crafted 22KT Gold Studs For Women,https://www.bhimagold.com/products/classic-finely-detailed-and-crafted-22kt-gold-studs-for-women-ngo-stst-p-p-81983,47395.59,57275.0,0.827509209951986,
1959,Finely Detailed And Crafted 22KT Gold Necklace For Women,https://www.bhimagold.com/products/finely-detailed-and-crafted-22kt-gold-necklace-for-women-ngo-chnc-p-p-80725,47534.58,57443.0,0.8275086607593615,
1960,Antique Finished And Studded 22KT Gold Haaram,https://www.bhimagold.com/products/antique-finished-and-studded-22kt-gold-haaram-ngo-chfc-btc-s-l-ox-25893588,1856350.44,2243302.0,0.8275080394882187,
1961,Classic Finely Detailed And Crafted 22KT Gold Ring For Kids,https://www.bhimagold.com/products/classic-finely-detailed-and-crafted-22kt-gold-ring-for-kids-ngo-rgbr-p-p-79654,18346.68,22171.0,0.8275080059537233,
1962,Classic Finely Detailed And Crafted 22KT Gold Ring For Women,https://www.bhimagold.com/products/classic-finely-detailed-and-crafted-22kt-gold-ring-for-women-ngo-rgrg-p-p-81212,29465.88,35608.0,0.8275073017299484,
1963,Classic Finely Detailed And Crafted 22KT Gold Ganesha Locket For Men,https://www.bhimagold.com/products/classic-finely-detailed-and-crafted-22kt-gold-ganesha-locket-for-men-ngo-chlc-p-p-81088,47951.55,57947.0,0.8275070322881254,
1964,Finely Detailed And Crafted 22KT Gold Necklace For Women,https://www.bhimagold.com/products/finely-detailed-and-crafted-22kt-gold-necklace-for-women-ngo-chnc-p-p-80718,48090.54,58115.0,0.8275064957412028,
1965,Classic Finely Detailed And Crafted 22KT Gold Ganesha Locket For Men,https://www.bhimagold.com/products/classic-finely-detailed-and-crafted-22kt-gold-ganesha-locket-for-men-ngo-chlc-p-p-81562,40863.06,49381.0,0.8275057208237986,
1966,Fancy Finely Detailed And Crafted 22KT Gold Bracelet For Kids,https://www.bhimagold.com/products/fancy-finely-detailed-and-crafted-22kt-gold-bracelet-for-kids-ngo-bgbr-p-p-81567,41141.04,49717.0,0.8275044753303699,
1967,Classic Finely Detailed And Crafted 22KT Gold Ganesha Locket For Men,https://www.bhimagold.com/products/classic-finely-detailed-and-crafted-22kt-gold-ganesha-locket-for-men-ngo-chlc-p-p-79338,41141.04,49717.0,0.8275044753303699,
1968,Classic Finely Detailed And Crafted 22KT Gold Locket For Women,https://www.bhimagold.com/products/classic-finely-detailed-and-crafted-22kt-gold-locket-for-women-ngo-chlc-p-79224,15010.92,18140.0,0.8275038588754134,
1969,Fancy Finely Detailed And Crafted 22KT Gold Bracelet For Kids,https://www.bhimagold.com/products/fancy-finely-detailed-and-crafted-22kt-gold-bracelet-for-kids-ngo-bgbr-p-p-81580,49341.45,59627.0,0.8275018028745367,
1970,Classic Finely Detailed And Crafted 22KT Gold Bracelet For Kids,https://www.bhimagold.com/products/classic-finely-detailed-and-crafted-22kt-gold-bracelet-for-kids-ngo-bgbr-p-p-77094,38083.26,46022.0,0.8275011950806137,
1971,Classic Finely Detailed And Crafted 22KT Gold Ring For Women,https://www.bhimagold.com/products/classic-finely-detailed-and-crafted-22kt-gold-ring-for-women-ngo-rgrg-p-p-77124,45727.71,55260.0,0.8275010857763301,
1972,Classic Finely Detailed And Crafted 22KT Gold Ring For Men,https://www.bhimagold.com/products/classic-finely-detailed-and-crafted-22kt-gold-ring-for-men-ngo-rgrg-p-p-79619,42252.96,51061.0,0.8274996572726738,
1973,Classic Finely Detailed And Crafted 22KT Gold Locket For Women,https://www.bhimagold.com/products/classic-finely-detailed-and-crafted-22kt-gold-locket-for-women-ngo-chlc-p-p-81576,19458.6,23515.0,0.8274973421220497,
1974,Finely Detailed And Crafted 22KT Gold Ring For Men,https://www.bhimagold.com/products/finely-detailed-and-crafted-22kt-gold-ring-for-men-ngo-rgrg-p-p-80820,27381.03,33089.0,0.8274964489709571,
1975,Classic Finely Detailed And Crafted 22KT Gold Locket For Kids,https://www.bhimagold.com/products/classic-finely-detailed-and-crafted-22kt-gold-locket-for-kids-ngo-chlc-p-p-81491,12648.09,15285.0,0.8274838076545633,
1976,Studded & Detailed 22KT Gold Matty For Women,https://www.bhimagold.com/products/studded-&-detailed-22kt-gold-matty-for-women-ngo-chmt-p-s-79884,81587.13,98609.0,0.8273801579977488,
1977,Antique Finished And Studded 22KT Gold Necklace,https://www.bhimagold.com/products/antique-finished-and-studded-22kt-gold-necklace-ngo-chnc-btc-s-l-ox-25111817,682023.93,824484.0,0.8272130568937663,
1978,Antique Finished And Studded 22KT Gold Oddiyanam,https://www.bhimagold.com/products/antique-finished-and-studded-22kt-gold-oddiyanam-ngo-chod-okw-s-l-ox-2553074,2667774.06,3225742.0,0.8270264825891221,
1979,Studded And Detailed 22KT Gold Studs For Women,https://www.bhimagold.com/products/studded-and-detailed-22kt-gold-studs-for-women-ngo-stst-p-s-76237,59070.75,71440.0,0.82685820268757,
1980,Antique Finished And Studded 22KT Gold Drops,https://www.bhimagold.com/products/antique-finished-and-studded-22kt-gold-drops-ngo-stdr-ops-s-l-ox-24512945,211125.81,255344.0,0.826828944482737,
1981,Antique Finished And Studded 22KT Gold Haaram,https://www.bhimagold.com/products/antique-finished-and-studded-22kt-gold-haaram-ngo-chfc-btc-s-l-ox-25894109,1082871.09,1309715.0,0.8267990287963413,
1982,Studded & Detailed 22KT Gold Double Hook Pendant For Women,https://www.bhimagold.com/products/studded-&-detailed-22kt-gold-double-hook-pendant-for-women-ngo-chdp-p-s-74754,80336.22,97172.0,0.8267424772568229,
1983,Premium Gorgeously Detailed And Studded 22KT Gold Drops For Women,https://www.bhimagold.com/products/premium-gorgeously-detailed-and-studded-22kt-gold-drops-for-women-ngo-stdr-p-s-81038,40029.12,48425.0,0.826620960247806,
1984,Studded And Detailed 22KT Gold Ring For Kids,https://www.bhimagold.com/products/studded-and-detailed-22kt-gold-ring-for-kids-ngo-rgbr-p-s-81593,18207.69,22029.0,0.8265327522810839,
1985,Antique Finished And Studded 22KT Gold Queen Victoria Drops,https://www.bhimagold.com/products/antique-finished-and-studded-22kt-gold-queen-victoria-drops-ngo-stdr-btc-s-l-ox-25893505,485214.09,587127.0,0.8264210128302736,
1986,Finely Detailed And Crafted 22KT Gold Locket For Men,https://www.bhimagold.com/products/finely-detailed-and-crafted-22kt-gold-locket-for-men-ngo-chlc-p-s-81049,47673.57,57688.0,0.8264035848009985,
1987,Antique Finished And Studded 22KT Gold Haaram,https://www.bhimagold.com/products/antique-finished-and-studded-22kt-gold-haaram-ngo-chfc-pcw-s-l-ox-2549724,1147362.45,1388395.0,0.8263948300015486,
1988,Antique Finished And Studded 22KT Gold Haaram,https://www.bhimagold.com/products/antique-finished-and-studded-22kt-gold-haaram-ngo-chfc-btc-s-l-ox-25893650,1323184.8,1601180.0,0.8263810439800647,
1989,Studded And Detailed 22KT Gold Ring For Women,https://www.bhimagold.com/products/studded-and-detailed-22kt-gold-ring-for-women-ngo-rgrg-p-s-77130,15010.92,18166.0,0.826319497963228,
1990,Studded And Detailed 22KT Gold Ring For Women,https://www.bhimagold.com/products/studded-and-detailed-22kt-gold-ring-for-women-ngo-rgrg-p-s-77037,28075.98,33980.0,0.8262501471453796,
1991,Antique Finished And Studded 22KT Gold Necklace,https://www.bhimagold.com/products/antique-finished-and-studded-22kt-gold-necklace-ngo-chnc-btc-s-l-ox-25894452,908299.65,1099316.0,0.826240726051472,
1992,Finely Detailed And Crafted 22KT Gold Ring For Women,https://www.bhimagold.com/products/finely-detailed-and-crafted-22kt-gold-ring-for-women-ngo-rgrg-p-s-81078,27520.02,33308.0,0.8262285336856011,
1993,Studded & Detailed 22KT Gold Matty For Women,https://www.bhimagold.com/products/studded-&-detailed-22kt-gold-matty-for-women-ngo-chmt-p-s-76768,97848.96,118435.0,0.8261828006923629,
1994,Gorgeously Detailed And Studded 22KT Gold Double Hook Pendant,https://www.bhimagold.com/products/gorgeously-detailed-and-studded-22kt-gold-double-hook-pendant-ngo-chdp-p-s-80875,83394.0,100941.0,0.8261657800101049,
1995,Studded And Detailed 22KT Gold Necklace For Women,https://www.bhimagold.com/products/studded-and-detailed-22kt-gold-necklace-for-women-ngo-chns-cod-s-l-p-2581571,339413.58,410852.0,0.8261212796822214,
1996,Classic Finely Detailed And Crafted 22KT Gold Bangles,https://www.bhimagold.com/products/classic-finely-detailed-and-crafted-22kt-gold-bangles-ngo-bgbb-p-p-59202,187942.38,227503.0,0.8261094578972585,
1997,Studded And Detailed 22KT Gold Ring For Women,https://www.bhimagold.com/products/studded-and-detailed-22kt-gold-ring-for-women-ngo-rgrg-p-s-77134,25157.19,30453.0,0.8260989065116737,
1998,Antique Finished And Studded 22KT Gold Necklace,https://www.bhimagold.com/products/antique-finished-and-studded-22kt-gold-necklace-ngo-chnc-vic-s-l-na-2675187,828241.41,1002603.0,0.8260910948800273,
1999,Antique Finished And Studded 22KT Gold Drops,https://www.bhimagold.com/products/antique-finished-and-studded-22kt-gold-drops-ngo-stdr-btc-s-l-ox-25112080,588205.68,712045.0,0.8260793629616107,
2000,Classic Finely Detailed And Crafted 22KT Gold Baby Bangles,https://www.bhimagold.com/products/classic-finely-detailed-and-crafted-22kt-gold-baby-bangles-ngo-bgbl-p-s-69680,41697.0,50481.0,0.8259939383134248,
2001,Specially Crafted 22KT Gold Studs,https://www.bhimagold.com/products/specially-crafted-22kt-gold-studs-ngo-stst-p-s-57683,51982.26,62933.0,0.8259936758139609,
2002,Stunning 22KT Gold Bangles For Kids,https://www.bhimagold.com/products/stunning-22kt-gold-bangle-ngo-bgbl-p-s-57604,40446.09,48970.0,0.8259360833163161,
2003,Stunning 22KT Gold Bangle,https://www.bhimagold.com/products/stunning-22kt-gold-bangle-ngo-bgbl-p-s-57693,40307.1,48802.0,0.8259313142903979,
2004,Studded And Detailed 22KT Gold Studs For Women,https://www.bhimagold.com/products/studded-and-detailed-22kt-gold-studs-for-women-ngo-stst-p-s-81614,21126.48,25582.0,0.82583378938316,
2005,Traditionally Crafted And Navaratna Studded 22KT Gold Ring For Men,https://www.bhimagold.com/products/traditionally-crafted-and-navaratna-studded-22kt-gold-ring-for-men-ngd-rggr-s-81840,188053.47,227718.0,0.825817326693542,
2006,Studded And Detailed 22KT Gold Drops For Women,https://www.bhimagold.com/products/studded-and-detailed-22kt-gold-drops-for-women-ngo-stdr-p-s-77172,31133.76,37701.0,0.8258072730166308,
2007,Finely Detailed 22KT Gold Ring For Men,https://www.bhimagold.com/products/finely-detailed-22kt-gold-ring-for-men-ngo-rgrg-p-s-77111,39195.18,47468.0,0.8257179573607483,
2008,Studded And Detailed 22KT Gold Ring For Women,https://www.bhimagold.com/products/studded-and-detailed-22kt-gold-ring-for-women-ngo-rgrg-p-s-77064,29326.89,35517.0,0.8257141650477237,
2009,Studded & Detailed 22KT Gold Ring For Women,https://www.bhimagold.com/products/studded-&-detailed-22kt-gold-ring-for-women-ngo-rgrg-p-s-77108,38500.23,46629.0,0.8256713633146755,
2010,Studded And Detailed 22KT Gold Ring For Women,https://www.bhimagold.com/products/studded-and-detailed-22kt-gold-ring-for-women-ngo-rgrg-p-s-77056,28353.96,34342.0,0.8256350824063828,
2011,Studded And Detailed 22KT Gold Studs For Women,https://www.bhimagold.com/products/studded-and-detailed-22kt-gold-studs-for-women-ngo-stst-p-s-81181,62823.48,76099.0,0.8255493501885702,
2012,Studded And Detailed 18KT Rose Gold Bangles For Women,https://www.bhimagold.com/products/studded-and-detailed-18kt-rose-gold-bangles-for-women-ng18-bgbb18k-s-80667,79565.02,96380.0,0.8255345507366674,
2013,Studded And Detailed 22KT Gold Ring For Men,https://www.bhimagold.com/products/studded-and-detailed-22kt-gold-ring-for-men-ngo-rgrg-p-s-77031,44198.82,53541.0,0.8255135316859976,
2014,Studded And Detailed 22KT Gold Studs For Women,https://www.bhimagold.com/products/studded-and-detailed-22kt-gold-studs-for-women-ngo-stst-p-s-82002,55179.03,66851.0,0.8254032101240071,
2015,Classic Finely Detailed And Crafted 22KT Gold Studs For Women,https://www.bhimagold.com/products/classic-finely-detailed-and-crafted-22kt-gold-studs-for-women-ngo-stst-p-s-76751,67827.12,82175.0,0.8253984788560997,
2016,Casual Wear 22KT Gold Bangle,https://www.bhimagold.com/products/casual-wear-22kt-gold-bangle-ngo-bgle-p-p-57391,182864.03,221564.0,0.8253327706667148,
2017,Studded And Detailed 22KT Gold Studs For Women,https://www.bhimagold.com/products/studded-and-detailed-22kt-gold-studs-for-women-ngo-stet-p-s-81345,47951.55,58102.0,0.8252994733399883,
2018,Studded And Detailed 18KT Yellow Gold Bangles For Women,https://www.bhimagold.com/products/studded-and-detailed-18kt-yellow-gold-bangles-for-women-ng18-bgbb18k-rg-s-80674,70901.78,85913.0,0.8252741727096016,
2019,Antique Finished And Studded 22KT Gold Locket,https://www.bhimagold.com/products/antique-finished-and-studded-22kt-gold-locket-ngo-chlc-btc-s-l-ox-25384527,310920.63,376786.0,0.8251915676272473,
2020,Antique Finished And Studded 22KT Gold Haaram,https://www.bhimagold.com/products/antique-finished-and-studded-22kt-gold-haaram-ngo-chfc-btc-s-l-ox-25894308,1355430.48,1642750.0,0.8250984507685284,
2021,Studded And Detailed 22KT Gold Studs For Women,https://www.bhimagold.com/products/studded-and-detailed-22kt-gold-studs-for-women-ngo-stst-p-s-78409,96042.09,116406.0,0.8250613370444823,
2022,Studded And Detailed 22KT Gold Ring For Kids,https://www.bhimagold.com/products/studded-and-detailed-22kt-gold-ring-for-kids-ngo-rgbr-p-s-79612,14454.96,17520.0,0.8250547945205479,
2023,Studded And Detailed 22KT Gold Ring For Kids,https://www.bhimagold.com/products/studded-and-detailed-22kt-gold-ring-for-kids-ngo-rgbr-p-s-79724,14454.96,17520.0,0.8250547945205479,
2024,Antique Finished And Studded 22KT Gold Necklace,https://www.bhimagold.com/products/antique-finished-and-studded-22kt-gold-necklace-ngo-chnc-btc-s-l-ox-25894435,930677.04,1128054.0,0.8250288018126792,
2025,Antique Finished And Studded 22KT Gold Queen Victoria Fancy Chain,https://www.bhimagold.com/products/antique-finished-and-studded-22kt-gold-queen-victoria-fancy-chain-ngo-chfc-btc-s-l-ox-25894272,911357.43,1104859.0,0.8248631092293225,
2026,Antique Finished And Studded 22KT Gold Choker,https://www.bhimagold.com/products/antique-finished-and-studded-22kt-gold-choker-ngo-chkr-btc-s-l-ox-25893503,822403.83,997497.0,0.8244674720826227,
2027,Casual Wear and Detailed 22KT Gold Studs For Women,https://www.bhimagold.com/products/casual-wear-and-detailed-22kt-gold-studs-for-women-ngo-stst-p-s-59386,27659.01,33553.0,0.8243379131523261,
2028,Studded And Detailed 22KT Gold Studs For Women,https://www.bhimagold.com/products/studded-and-detailed-22kt-gold-studs-for-women-ngo-stst-p-s-81164,77556.42,94105.0,0.8241477073481749,
2029,Antique Finished And Studded 22KT Gold Necklace,https://www.bhimagold.com/products/antique-finished-and-studded-22kt-gold-necklace-ngo-chnc-pcw-s-l-p-24341284,600853.77,729063.0,0.8241451973286259,
2030,Antique Finished And Studded 22KT Gold Necklace,https://www.bhimagold.com/products/antique-finished-and-studded-22kt-gold-necklace-ngo-chnc-pcw-s-l-p-25785667,838943.64,1018456.0,0.8237406819734971,
2031,Studded And Detailed 22KT Gold Studs For Women,https://www.bhimagold.com/products/studded-and-detailed-22kt-gold-studs-for-women-ngo-stst-p-s-74420,55179.03,66997.0,0.8236044897532725,
2032,Gorgeously Detailed 22KT Gold Bangle,https://www.bhimagold.com/products/gorgeously-detailed-22kt-gold-bangle-ngo-bgle-p-p-57421,145470.88,176655.0,0.8234744558602927,
2033,Enamel Worked And Detailed 22KT Gold Bangles,https://www.bhimagold.com/products/enamel-worked-and-detailed-22kt-gold-bangles-ngo-bgbb-e-p-57109,161507.04,196129.0,0.8234735301765675,
2034,Classic Finely Detailed And Crafted 22KT Gold Bangles,https://www.bhimagold.com/products/classic-finely-detailed-and-crafted-22kt-gold-bangles-ngo-bgle-p-p-59432,159502.52,193695.0,0.8234725728593922,
2035,Classic Finely Detailed 22KT Gold Bangles,https://www.bhimagold.com/products/classic-finely-detailed-22kt-gold-bangles-ngo-bgle-p-p-59208,181232.1,220083.0,0.8234715993511539,
2036,Classic Finely Detailed And Crafted 22KT Gold Bangles For Women,https://www.bhimagold.com/products/classic-finely-detailed-and-crafted-22kt-gold-bangles-for-women-ngo-bgle-p-p-57550,174679.6,212126.0,0.8234709559412802,
2037,Studded And Detailed 22KT Gold Studs For Women,https://www.bhimagold.com/products/studded-and-detailed-22kt-gold-studs-for-women-ngo-stst-p-s-80976,60599.64,73597.0,0.8233982363411552,
2038,Studded And Detailed 22KT Gold Studs For Women,https://www.bhimagold.com/products/studded-and-detailed-22kt-gold-studs-for-women-ngo-stst-p-s-81042,60599.64,73597.0,0.8233982363411552,
2039,Studded And Detailed 22KT Gold Ring For Women,https://www.bhimagold.com/products/studded-and-detailed-22kt-gold-ring-for-women-ngo-rgrg-p-s-69298,21265.47,25827.0,0.823381345103961,
2040,Classic Finely Detailed 22KT Gold Bangles,https://www.bhimagold.com/products/classic-finely-detailed-22kt-gold-bangles-ngo-bgbb-p-p-57213,165118.83,200582.0,0.8231986419519198,
2041,Antique Finished And Studded 22KT Gold Drops,https://www.bhimagold.com/products/antique-finished-and-studded-22kt-gold-drops-ngo-stdr-btc-s-l-ox-2628566,589734.57,716550.0,0.8230194264182541,
2042,Casual Wear and Detailed 22KT Gold Studs For Women,https://www.bhimagold.com/products/casual-wear-and-detailed-22kt-gold-studs-for-women-ngo-stst-p-s-80978,68383.08,83090.0,0.8230001203514262,
2043,Studded And Detailed 22KT Gold Studs For Women,https://www.bhimagold.com/products/studded-and-detailed-22kt-gold-studs-for-women-ngo-stst-p-s-81535,45171.75,54897.0,0.8228455106836439,
2044,Studded & Detailed 22KT Gold Pendant For Men,https://www.bhimagold.com/products/studded-&-detailed-22kt-gold-pendant-for-men-ngo-chlc-p-s-81600,29882.85,36318.0,0.8228110028085247,
2045,Antique Finished And Studded 22KT Gold Queen Victoria Fancy Chain,https://www.bhimagold.com/products/antique-finished-and-studded-22kt-gold-queen-victoria-fancy-chain-ngo-chfc-btc-s-l-ox-25893610,1011847.2,1229851.0,0.8227396652114768,
2046,Classic Finely Detailed And Crafted 18Kt Gold Bangles For Women,https://www.bhimagold.com/products/classic-finely-detailed-and-crafted-18kt-gold-bangles-for-women-ng18-bgbb18k-rg-s-80677,78767.09,95781.0,0.8223665445130036,
2047,Antique Finished And Studded 22KT Gold Necklace,https://www.bhimagold.com/products/antique-finished-and-studded-22kt-gold-necklace-ngo-chnc-btc-s-l-ox-25893506,2250943.05,2738338.0,0.8220106685149897,
2048,Classic Finely Detailed And Crafted 22KT Gold Studs For Women,https://www.bhimagold.com/products/classic-finely-detailed-and-crafted-22kt-gold-studs-for-women-ngo-stst-p-p-79741,31550.73,38389.0,0.8218690249811144,
2049,Classic Finely Detailed And Crafted 22KT Gold Studs For Women,https://www.bhimagold.com/products/classic-finely-detailed-and-crafted-22kt-gold-studs-for-women-ngo-stst-p-p-79726,24184.26,29426.0,0.8218670563447291,
2050,Classic Finely Detailed And Crafted 22KT Gold Studs For Women,https://www.bhimagold.com/products/classic-finely-detailed-and-crafted-22kt-gold-studs-for-women-ngo-stst-p-p-79392,30021.84,36529.0,0.8218631772016753,
2051,Classic Finely Detailed And Crafted 22KT Gold Studs For Women,https://www.bhimagold.com/products/classic-finely-detailed-and-crafted-22kt-gold-studs-for-women-ngo-stst-p-p-79740,33357.6,40588.0,0.8218586774416083,
2052,Studded And Detailed 22KT Gold Studs For Women,https://www.bhimagold.com/products/studded-and-detailed-22kt-gold-studs-for-women-ngo-stst-p-s-81341,80475.21,97935.0,0.8217206310307857,
2053,Studded And Detailed 22KT Gold Studs For Women,https://www.bhimagold.com/products/studded-and-detailed-22kt-gold-studs-for-women-ngo-stst-p-s-81361,67132.17,81709.0,0.8216006804635964,
2054,Studded And Detailed 22KT Gold Studs For Women,https://www.bhimagold.com/products/studded-and-detailed-22kt-gold-studs-for-women-ngo-stst-p-s-80151,48090.54,58553.0,0.8213164141888546,
2055,Antique Finished And Studded 22KT Gold Drops,https://www.bhimagold.com/products/antique-finished-and-studded-22kt-gold-drops-ngo-stdr-btc-s-l-ox-25894238,348864.9,424824.0,0.8211986610925937,
2056,Casual Wear and Detailed 22KT Gold Studs For Women,https://www.bhimagold.com/products/casual-wear-and-detailed-22kt-gold-studs-for-women-ngo-stst-p-s-81172,52121.25,63471.0,0.8211821146665407,
2057,Studded And Detailed 22KT Gold Studs For Women,https://www.bhimagold.com/products/studded-and-detailed-22kt-gold-studs-for-women-ngo-stst-p-s-81603,52955.19,64503.0,0.8209725129063765,
2058,Antique Finished And Studded 22KT Gold Necklace,https://www.bhimagold.com/products/antique-finished-and-studded-22kt-gold-necklace-ngo-chnc-btc-s-l-ox-25112204,2565199.44,3124881.0,0.8208950804846649,
2059,Antique Finished And Studded 22KT Gold Drops,https://www.bhimagold.com/products/antique-finished-and-studded-22kt-gold-drops-ngo-stdr-btc-s-l-ox-25893821,790575.12,963094.0,0.820870153899827,
2060,Antique Finished & Studded 22KT Gold Trimurthy Oddiyanam For Women,https://www.bhimagold.com/products/antique-finished-&-studded-22kt-gold-trimurthy-oddiyanam-for-women-ngo-chod-ox-s-73750,1519438.68,1851010.0,0.8208700547268788,
2061,Studded And Detailed 22KT Gold Ring For Women,https://www.bhimagold.com/products/studded-and-detailed-22kt-gold-ring-for-women-ngo-rgrg-p-s-81431,25713.15,31331.0,0.8206935622865533,
2062,Antique Finished And Studded 22KT Gold Drops,https://www.bhimagold.com/products/antique-finished-and-studded-22kt-gold-drops-ngo-stdr-btc-s-l-ox-25894432,371520.27,452734.0,0.8206149085334877,
2063,Studded And Detailed 22KT Gold Studs For Women,https://www.bhimagold.com/products/studded-and-detailed-22kt-gold-studs-for-women-ngo-stst-p-s-82017,38917.2,47425.0,0.8206051660516605,
2064,Studded & Detailed 22KT Gold Pendant For Women,https://www.bhimagold.com/products/studded-&-detailed-22kt-gold-pendant-for-women-ngo-chlc-p-s-77477,27798.0,33876.0,0.8205809422600071,
2065,Antique Finished And Studded 22KT Gold Peacock Haaram,https://www.bhimagold.com/products/antique-finished-and-studded-22kt-gold-peacock-haaram-ngo-chfc-btc-s-l-ox-25893631,2097498.09,2556325.0,0.8205130763889568,
2066,Classic Finely Detailed And Crafted 22KT Gold Hanuman Locket For Men,https://www.bhimagold.com/products/classic-finely-detailed-and-crafted-22kt-gold-hanuman-locket-for-men-ngo-chlc-p-p-79635,88536.63,107926.0,0.820345699831366,
2067,Classic Finely Detailed And Crafted 22KT Gold Hanuman Locket For Men,https://www.bhimagold.com/products/classic-finely-detailed-and-crafted-22kt-gold-hanuman-locket-for-men-ngo-chlc-p-p-78674,85478.85,104199.0,0.8203423257420898,
2068,Classic Finely Detailed And Crafted 22KT Gold Hanuman Locket For Men,https://www.bhimagold.com/products/classic-finely-detailed-and-crafted-22kt-gold-hanuman-locket-for-men-ngo-chlc-p-p-81975,57541.86,70144.0,0.820339016879562,
2069,Studded & Detailed 22KT Gold Pendant For Women,https://www.bhimagold.com/products/studded-&-detailed-22kt-gold-pendant-for-women-ngo-chlc-s-79696,21960.42,26770.0,0.8203369443406798,
2070,Studded And Detailed 22KT Gold Studs For Women,https://www.bhimagold.com/products/studded-and-detailed-22kt-gold-studs-for-women-ngo-stst-cl-s-l-na-26123637,66854.19,81503.0,0.820266615952787,
2071,Studded And Detailed 22KT Gold Studs For Women,https://www.bhimagold.com/products/studded-and-detailed-22kt-gold-studs-for-women-ngo-stst-p-s-81989,33079.62,40336.0,0.820101646172154,
2072,Classic Finely Detailed 22KT Gold Studs For Women,https://www.bhimagold.com/products/classic-finely-detailed-22kt-gold-studs-for-women-ngo-stst-p-s-81039,53372.16,65083.0,0.8200629964814161,
2073,Antique Finished And Studded 22KT Gold Necklace,https://www.bhimagold.com/products/antique-finished-and-studded-22kt-gold-necklace-ngo-chnc-btc-s-l-ox-2628138,798914.52,974470.0,0.8198451671164838,
2074,Studded And Detailed 22KT Gold Studs For Women,https://www.bhimagold.com/products/studded-and-detailed-22kt-gold-studs-for-women-ngo-stst-p-s-81148,66715.2,81386.0,0.8197380384832772,
2075,Studded And Detailed 22KT Gold Studs For Women,https://www.bhimagold.com/products/studded-and-detailed-22kt-gold-studs-for-women-ngo-stst-p-s-74691,64491.36,78678.0,0.819687333180813,
2076,Traditionally Crafted And Detailed 22KT Gold Mogappu Locket,https://www.bhimagold.com/products/traditionally-crafted-and-detailed-22kt-gold-mogappu-locket-ngo-chlc-mp-s-l-p-25205495,85061.88,103777.0,0.819660232999605,
2077,Studded And Detailed 22KT Gold Haaram,https://www.bhimagold.com/products/studded-and-detailed-22kt-gold-haaram-ngo-chfc-tws-s-l-p-2555672,941616.8,1148889.0,0.8195890116451633,
2078,Antique Finished And Studded 22KT Gold Haaram,https://www.bhimagold.com/products/antique-finished-and-studded-22kt-gold-haaram-ngo-chfc-okw-s-l-na-2665177,1628823.81,1988294.0,0.8192067219435355,
2079,Antique Finished And Studded 22KT Gold Drops,https://www.bhimagold.com/products/antique-finished-and-studded-22kt-gold-drops-ngo-stdr-ox-s-58335,881613.57,1076204.0,0.8191881557771574,
2080,Antique Finished And Studded 22KT Gold Fancy Chain,https://www.bhimagold.com/products/antique-finished-and-studded-22kt-gold-fancy-chain-ngo-chfc-ops-s-l-ox-24744446,2844013.38,3471959.0,0.8191379506497628,
2081,Classic Finely Detailed And Crafted 22KT Gold Necklace For Women,https://www.bhimagold.com/products/classic-finely-detailed-and-crafted-22kt-gold-necklace-for-women-ngo-chnc-ox-s-77018,714825.57,872797.0,0.8190055304956364,
2082,Traditionally Crafted And Navaratna Studded 22KT Gold Ring For Men,https://www.bhimagold.com/products/traditionally-crafted-and-navaratna-studded-22kt-gold-ring-for-men-ngd-rggr-na-s-81800,140657.88,171816.0,0.8186541416398939,
2083,Antique Finished And Studded 22KT Gold Fancy Chain,https://www.bhimagold.com/products/antique-finished-and-studded-22kt-gold-fancy-chain-ngo-chfc-btc-s-l-ox-25893660,2142252.87,2617106.0,0.8185579300188836,
2084,Antique Finished And Studded 22KT Gold Fancy Chain,https://www.bhimagold.com/products/antique-finished-and-studded-22kt-gold-fancy-chain-ngo-chfc-ops-s-l-ox-24904364,2577430.56,3150243.0,0.818168807930055,
2085,Finely Detailed And Crafted 22KT Gold Locket For Men,https://www.bhimagold.com/products/finely-detailed-and-crafted-22kt-gold-locket-for-men-ngo-chlc-p-s-81080,22377.39,27351.0,0.8181561917297356,
2086,Antique Finished And Studded 22KT Gold Necklace,https://www.bhimagold.com/products/antique-finished-and-studded-22kt-gold-necklace-ngo-chnc-btc-s-l-ox-24589411,1147779.42,1403219.0,0.8179617151706183,
2087,Studded And Detailed 22KT Gold Studs For Women,https://www.bhimagold.com/products/studded-and-detailed-22kt-gold-studs-for-women-ngo-stst-p-s-81162,74637.63,91279.0,0.8176867625631307,
2088,Antique Finished And Studded 22KT Gold Necklace,https://www.bhimagold.com/products/antique-finished-and-studded-22kt-gold-necklace-ngo-chnc-btc-s-l-ox-25893734,1381560.6,1689688.0,0.817642428661386,
2089,Studded & Detailed 22KT Gold Bangles,https://www.bhimagold.com/products/studded-&-detailed-22kt-gold-bangles-ngo-bgbb-p-s-58318,218622.31,267411.0,0.8175516713972125,
2090,Studded And Detailed 22KT Gold Studs For Women,https://www.bhimagold.com/products/studded-and-detailed-22kt-gold-studs-for-women-ngo-stst-p-s-61379,32940.63,40296.0,0.8174664979154258,
2091,Antique Finished And Studded 22KT Gold Necklace For Women,https://www.bhimagold.com/products/antique-finished-and-studded-22kt-gold-necklace-ngo-chfs-cod-s-l-p-24595614,760275.3,930136.0,0.8173807916261708,
2092,Antique Finished And Studded 22KT Gold Fancy Chain,https://www.bhimagold.com/products/antique-finished-and-studded-22kt-gold-fancy-chain-ngo-chfc-ops-s-l-ox-2564707,2486670.09,3042796.0,0.8172319439094832,
2093,Exceptionally Detailed And Studded 22KT Gold Fancy Chain,https://www.bhimagold.com/products/exceptionally-detailed-and-studded-22kt-gold-fancy-chain-ngo-chfc-btc-s-l-ox-25893794,1598940.96,1957531.0,0.8168151411139849,
2094,Classic Finely Detailed And Crafted 22KT Gold Bangles,https://www.bhimagold.com/products/classic-finely-detailed-and-crafted-22kt-gold-bangles-ngo-bgle-p-p-59324,173820.52,212873.0,0.816545639888572,
2095,Antique Finished And Studded 22KT Gold Haaram,https://www.bhimagold.com/products/antique-finished-and-studded-22kt-gold-haaram-ngo-chfc-btc-s-l-ox-25894132,1008650.43,1235272.0,0.8165411585464578,
2096,Antique Finished And Studded 22KT Gold Drops,https://www.bhimagold.com/products/antique-finished-and-studded-22kt-gold-drops-ngo-stdr-btc-s-l-ox-2628126,360262.08,441213.0,0.8165264396108003,
2097,Antique Finished And Studded 22KT Gold Necklace,https://www.bhimagold.com/products/antique-finished-and-studded-22kt-gold-necklace-ngo-chnc-btc-s-l-na-25894488,971123.13,1189450.0,0.8164472066921686,
2098,Studded And Detailed 22KT Gold Studs For Women,https://www.bhimagold.com/products/studded-and-detailed-22kt-gold-studs-for-women-ngo-stst-p-s-82034,42252.96,51756.0,0.8163876651982379,
2099,Studded And Detailed 22KT Gold Studs For Women,https://www.bhimagold.com/products/studded-and-detailed-22kt-gold-studs-for-women-ngo-stst-p-s-81555,58236.81,71338.0,0.8163504723990019,
2100,Studded And Detailed 22KT Gold Studs For Women,https://www.bhimagold.com/products/studded-and-detailed-22kt-gold-studs-for-women-ngo-stst-css-s-l-p-2534820,40168.11,49211.0,0.8162425067566195,
2101,Antique Finished And Studded 22KT Gold Padmanabha Swamy Haaram,https://www.bhimagold.com/products/antique-finished-and-studded-22kt-gold-padmanabha-swamy-haaram-ngo-chfc-okw-s-l-ox-26123459,1553630.22,1903676.0,0.8161211361597246,
2102,Antique Finished And Studded 22KT Gold Drops,https://www.bhimagold.com/products/antique-finished-and-studded-22kt-gold-drops-ngo-stdr-btc-s-l-ox-24588796,577225.47,707419.0,0.8159598059989907,
2103,Classic Finely Detailed And Crafted 22KT Gold Ring For Women,https://www.bhimagold.com/products/classic-finely-detailed-and-crafted-22kt-gold-ring-for-women-ngo-rgrg-p-s-77490,42808.92,52469.0,0.8158897634793878,
2104,Finely Detailed 22KT Gold Ring For Women,https://www.bhimagold.com/products/finely-detailed-22kt-gold-ring-for-women-ngo-rgrg-p-s-77532,41835.99,51277.0,0.8158821693936852,
2105,Antique Finished And Studded 22KT Gold Bangles,https://www.bhimagold.com/products/antique-finished-and-studded-22kt-gold-bangles-ngo-bgbb-ops-s-l-ox-25320145,489383.79,600000.0,0.8156396499999999,
2106,Studded And Detailed 22KT Gold Ring For Men,https://www.bhimagold.com/products/studded-and-detailed-22kt-gold-ring-for-men-ngo-rgrg-p-s-77544,43086.9,52835.0,0.8154991956089713,
2107,Antique Finished And Studded 22KT Gold Drops,https://www.bhimagold.com/products/antique-finished-and-studded-22kt-gold-drops-ngo-stdr-btc-s-l-ox-25894080,557488.89,683957.0,0.8150934780987694,
2108,Antique Finished And Studded 22KT Gold Haaram,https://www.bhimagold.com/products/antique-finished-and-studded-22kt-gold-haaram-ngo-chfc-ox-s-63578,2528923.05,3104233.0,0.8146692113639665,
2109,Antique Finished And Studded 22KT Gold Drops,https://www.bhimagold.com/products/antique-finished-and-studded-22kt-gold-drops-ngo-stdr-ops-s-l-ox-24760789,252822.81,310627.0,0.8139112504708219,
2110,Studded And Detailed 22KT Gold Studs For Women,https://www.bhimagold.com/products/studded-and-detailed-22kt-gold-studs-for-women-ngo-stst-p-s-81595,83949.96,103183.0,0.8136026283399398,
2111,Antique Finished And Studded 22KT Gold Drops,https://www.bhimagold.com/products/antique-finished-and-studded-22kt-gold-drops-ngo-stdr-btc-s-l-ox-25893507,666179.07,819351.0,0.8130570048733692,
2112,Antique Finished And Studded 22KT Gold Fancy Chain,https://www.bhimagold.com/products/antique-finished-and-studded-22kt-gold-fancy-chain-ngo-chfc-kun-s-l-na-25910787,2243159.61,2759723.0,0.8128205656872084,
2113,Antique Finished And Studded 22KT Gold Choker,https://www.bhimagold.com/products/antique-finished-and-studded-22kt-gold-choker-ngo-chkr-btc-s-l-ox-25894426,1043536.92,1283953.0,0.8127532082560655,
2114,Classic Finely Detailed And Crafted 22KT Gold Bangles For Women,https://www.bhimagold.com/products/classic-finely-detailed-and-crafted-22kt-gold-bangles-for-women-ngo-bgbb-r-p-57438,1048077.6,1290026.0,0.8124468809155784,
2115,Studded And Detailed 22KT Gold Studs For Women,https://www.bhimagold.com/products/studded-and-detailed-22kt-gold-studs-for-women-ngo-stst-p-s-76232,84227.94,103776.0,0.8116321692876965,
2116,Studded And Detailed 22KT Gold Studs For Women,https://www.bhimagold.com/products/studded-and-detailed-22kt-gold-studs-for-women-ngo-stst-p-s-76309,56012.97,69042.0,0.8112883462240376,
2117,Antique Finished And Studded 22KT Gold Drops,https://www.bhimagold.com/products/antique-finished-and-studded-22kt-gold-drops-ngo-stdr-btc-s-l-ox-2628053,495499.35,610781.0,0.8112553435683166,
2118,Studded And Detailed 22KT Gold Studs For Women,https://www.bhimagold.com/products/studded-and-detailed-22kt-gold-studs-for-women-ngo-stst-p-s-76288,55873.98,68874.0,0.811249237738479,
2119,Antique Finished And Studded 22KT Gold Necklace,https://www.bhimagold.com/products/antique-finished-and-studded-22kt-gold-necklace-ngo-chnc-ops-s-l-na-25877819,466311.45,574823.0,0.8112261513544169,
2120,Studded And Detailed 22KT Gold Studs For Women,https://www.bhimagold.com/products/studded-and-detailed-22kt-gold-studs-for-women-ngo-stst-p-s-76321,51982.26,64102.0,0.8109303921874513,
2121,Antique Finished And Studded 22KT Gold Lakshmi Narayana Fancy Chain,https://www.bhimagold.com/products/antique-finished-and-studded-22kt-gold-lakshmi-narayana-fancy-chain-ngo-chfc-ops-s-l-ox-24744479,1186557.63,1463407.0,0.8108186102704168,
2122,Antique Finished And Studded 22KT Gold Drops,https://www.bhimagold.com/products/antique-finished-and-studded-22kt-gold-drops-ngo-stdr-btc-s-l-ox-25893969,714408.6,881131.0,0.8107859103810897,
2123,Classic Finely Detailed And Crafted 22KT Gold Bangles,https://www.bhimagold.com/products/classic-finely-detailed-and-crafted-22kt-gold-bangles-ngo-bgle-ka-p-p-59350,183088.06,225825.0,0.8107519539466401,
2124,Classic Finely Detailed 22KT Gold Bangles,https://www.bhimagold.com/products/classic-finely-detailed-22kt-gold-bangles-ngo-bgle-p-p-57211,144468.62,178191.0,0.8107514969891857,
2125,Classic Finely Detailed And Crafted 22KT Gold Bangles,https://www.bhimagold.com/products/classic-finely-detailed-and-crafted-22kt-gold-bangles-ngo-bgle-p-p-59059,195154.34,240708.0,0.8107513668012696,
2126,Classic Finely Detailed And Crafted 22KT Gold Bangles,https://www.bhimagold.com/products/classic-finely-detailed-and-crafted-22kt-gold-bangles-ngo-bgle-p-p-59227,140630.49,173457.0,0.8107513101229699,
2127,Beautifully Crafted 22KT Gold Bangle,https://www.bhimagold.com/products/beautifully-crafted-22kt-gold-bangle-ngo-bgle-p-p-57585,183556.76,226404.0,0.8107487500220845,
2128,Antique Finished And Studded 22KT Gold Drops,https://www.bhimagold.com/products/antique-finished-and-studded-22kt-gold-drops-ngo-stdr-btc-s-l-ox-25893635,428923.14,529072.0,0.8107084479995161,
2129,Studded And Detailed 22KT Gold Studs For Women,https://www.bhimagold.com/products/studded-and-detailed-22kt-gold-studs-for-women-ngo-stst-p-s-75842,50731.35,62619.0,0.8101590571551766,
2130,Antique Finished And Studded 22KT Gold Drops,https://www.bhimagold.com/products/antique-finished-and-studded-22kt-gold-drops-ngo-stdr-btc-s-l-ox-25893858,875637.0,1081017.0,0.8100122384754357,
2131,Antique Finished And Studded 22KT Gold Necklace,https://www.bhimagold.com/products/antique-finished-and-studded-22kt-gold-necklace-ngo-chnc-pcw-s-l-p-2517690,575001.63,709917.0,0.809956135717274,
2132,Antique Finished And Studded 22KT Gold Queen Victoria Drops,https://www.bhimagold.com/products/antique-finished-and-studded-22kt-gold-queen-victoria-drops-ngo-stdr-btc-s-l-ox-25894145,203898.33,251767.0,0.8098691647435923,
2133,Antique Finished And Studded 22KT Gold Haaram,https://www.bhimagold.com/products/antique-finished-and-studded-22kt-gold-haaram-ngo-chfc-btc-s-l-ox-25894300,920530.77,1136680.0,0.8098416176936342,
2134,Classic Finely Detailed 22KT Gold Bangles,https://www.bhimagold.com/products/classic-finely-detailed-22kt-gold-bangles-ngo-bgbb-p-p-57095,217060.88,268064.0,0.8097352870956189,
2135,Charmingly Detailed And Studded 22KT Gold Haaram,https://www.bhimagold.com/products/charmingly-detailed-and-studded-22kt-gold-haaram-ngo-chfc-btc-s-l-ox-25893614,861599.01,1064243.0,0.8095886089924952,
2136,Antique Finished And Studded 22KT Gold Lakshmi Devi Drops,https://www.bhimagold.com/products/antique-finished-and-studded-22kt-gold-lakshmi-devi-drops-ngo-stdr-btc-s-l-ox-25893638,539281.2,666293.0,0.8093754549424952,
2137,Classic Antique Finished And Studded 22KT Gold Drops,https://www.bhimagold.com/products/classic-antique-finished-and-studded-22kt-gold-drops-ngo-stdr-btc-s-l-ox-25248036,636018.24,786090.0,0.8090908674579247,
2138,Antique Finished And Studded 22KT Gold Choker,https://www.bhimagold.com/products/antique-finished-and-studded-22kt-gold-choker-ngo-chkr-btc-s-l-ox-25893642,2776047.27,3431071.0,0.8090905929955982,
2139,Antique Finished And Studded 22KT Gold Necklace,https://www.bhimagold.com/products/antique-finished-and-studded-22kt-gold-necklace-ngo-chnc-btc-s-l-ox-25111956,2423707.62,2995719.0,0.8090570644309429,
2140,Classic Antique Finished And Studded 22KT Gold Necklace,https://www.bhimagold.com/products/classic-antique-finished-and-studded-22kt-gold-necklace-ngo-chnc-pcw-s-l-p-24341113,572499.81,708685.0,0.8078339600809952,
2141,Antique Finished And Studded 22KT Gold Necklace,https://www.bhimagold.com/products/antique-finished-and-studded-22kt-gold-necklace-ngo-chns-cod-s-l-p-2581103,420583.74,521012.0,0.8072438638649397,
2142,Antique Finished And Studded 22KT Gold Necklace,https://www.bhimagold.com/products/antique-finished-and-studded-22kt-gold-necklace-ngo-chnc-btc-s-l-ox-25894457,625177.02,774499.0,0.8072018427396291,
2143,Antique Finished And Studded 22KT Gold Drops,https://www.bhimagold.com/products/antique-finished-and-studded-22kt-gold-drops-ngo-stdr-btc-s-l-ox-25894162,318287.1,394331.0,0.8071571852073511,
2144,Studded & Detailed 22KT Gold Pendant For Men,https://www.bhimagold.com/products/studded-&-detailed-22kt-gold-pendant-for-men-ngo-chlc-ox-s-79632,50175.39,62200.0,0.8066782958199357,
2145,Antique Finished And Studded 22KT Gold Drops,https://www.bhimagold.com/products/antique-finished-and-studded-22kt-gold-drops-ngo-stdr-btc-s-l-ox-25894036,477291.66,591841.0,0.8064525100491516,
2146,Studded And Detailed 22KT Gold Necklace For Women,https://www.bhimagold.com/products/studded-and-detailed-22kt-gold-necklace-for-women-ngo-chns-cod-s-l-p-24484859,456860.13,566613.0,0.8063001201878531,
2147,Studded And Detailed 22KT Gold Haaram For Women,https://www.bhimagold.com/products/studded-and-detailed-22kt-gold-haaram-for-women-ngo-chfs-cod-s-l-p-24484767,404460.9,501774.0,0.8060618924057444,
2148,Studded And Detailed 22KT Gold Studs For Women,https://www.bhimagold.com/products/studded-and-detailed-22kt-gold-studs-for-women-ngo-stst-p-s-76250,52399.23,65017.0,0.8059312179891414,
2149,Antique Finished And Detailed 22KT Gold Drops,https://www.bhimagold.com/products/antique-finished-and-detailed-22kt-gold-drops-ngo-stdr-okw-s-l-ox-25932499,461863.77,573126.0,0.8058677672972435,
2150,Antique Finished And Studded 22KT Gold Drops,https://www.bhimagold.com/products/antique-finished-and-studded-22kt-gold-drops-ngo-stdr-btc-s-l-ox-25894400,560824.65,696043.0,0.8057327636367294,
2151,Studded And Detailed 22KT Gold Studs For Women,https://www.bhimagold.com/products/studded-and-detailed-22kt-gold-studs-for-women-ngo-stst-p-s-76245,51148.32,63482.0,0.8057137456286821,
2152,Classic Finely Detailed And Crafted 22KT Gold Locket,https://www.bhimagold.com/products/classic-finely-detailed-and-crafted-22kt-gold-locket-ngo-chlc-alp-p-u-p-24858565,18902.64,23470.0,0.8053958244567533,
2153,Classic Finely Detailed And Crafted 18Kt Gold Bracelet For Women,https://www.bhimagold.com/products/classic-finely-detailed-and-crafted-18kt-gold-bracelet-for-women-ng18-bgbr18k-rg-p-80610,23709.92,29439.0,0.805391487482591,
2154,Classic Finely Detailed And Crafted 22KT Gold Hanuman Locket For Men,https://www.bhimagold.com/products/classic-finely-detailed-and-crafted-22kt-gold-hanuman-locket-for-men-ngo-chlc-p-p-81566,43225.89,53671.0,0.8053863352648544,
2155,Classic Finely Detailed And Crafted 22KT Gold Studs,https://www.bhimagold.com/products/classic-finely-detailed-and-crafted-22kt-gold-studs-ngo-stst-bug-p-l-p-25200564,42252.96,52463.0,0.8053858910089015,
2156,Black Beaded And Detailed 18KT Gold Mangalsutra  For Women,https://www.bhimagold.com/products/black-beaded-and-detailed-18kt-gold-mangalsutra-for-women-ng18-chms18k-rg-p-80631,39440.54,48971.0,0.8053856363970513,
2157,Classic Finely Detailed And Crafted 22KT Gold Ganesha Locket For Men,https://www.bhimagold.com/products/classic-finely-detailed-and-crafted-22kt-gold-ganesha-locket-for-men-ngo-chlc-p-p-79683,39334.17,48839.0,0.8053844263805565,
2158,Black Beaded And Detailed 22KT Gold Studs For Women,https://www.bhimagold.com/products/black-beaded-and-detailed-22kt-gold-studs-for-women-ngo-stst-p-p-82028,41974.98,52118.0,0.8053835527073181,
2159,Fancy Finely Detailed And Crafted 18KT Rose Gold Necklace For Women,https://www.bhimagold.com/products/fancy-finely-detailed-and-crafted-18kt-rose-gold-necklace-for-women-ng18-chnc18k-rg-p-80624,37274.73,46282.0,0.8053828702303272,
2160,Matte Finished And Detailed 22KT Gold Locket,https://www.bhimagold.com/products/matte-finished-and-detailed-22kt-gold-locket-ngo-chlc-flk-p-u-p-25125371,44615.79,55397.0,0.8053827824611441,
2161,Specially Crafted And Studded 18Kt Gold Ring For Women,https://www.bhimagold.com/products/specially-crafted-and-studded-18kt-gold-ring-for-women-ng18-rgrg18k-rg-p-80642,19748.79,24521.0,0.8053827331674891,
2162,Fancy Finely Detailed And Crafted 18KT Rose Gold Necklace For Women,https://www.bhimagold.com/products/fancy-finely-detailed-and-crafted-18kt-rose-gold-necklace-for-women-ng18-chnc18k-rg-p-80611,24279.87,30147.0,0.8053826251368295,
2163,Finely Detailed And Crafted 22KT Gold Locket For Women,https://www.bhimagold.com/products/finely-detailed-and-crafted-22kt-gold-locket-for-women-ngo-chlc-p-p-77607,43642.86,54189.0,0.8053822731550684,
2164,Classic Finely Detailed And Crafted 22KT Gold Studs For Women,https://www.bhimagold.com/products/classic-finely-detailed-and-crafted-22kt-gold-studs-for-women-ngo-stst-p-p-75840,38083.26,47286.0,0.8053812967897476,
2165,Classic Finely Detailed And Crafted 22KT Gold Ganesha Locket For Kids,https://www.bhimagold.com/products/classic-finely-detailed-and-crafted-22kt-gold-ganesha-locket-for-kids-ngo-chlc-p-p-81563,26269.11,32617.0,0.8053809363215502,
2166,Classic Finely Detailed And Crafted 22KT Gold Studs For Women,https://www.bhimagold.com/products/classic-finely-detailed-and-crafted-22kt-gold-studs-for-women-ngo-stst-p-p-76016,37110.33,46078.0,0.805380658882764,
2167,Classic Finely Detailed And Crafted 22KT Gold Studs,https://www.bhimagold.com/products/classic-finely-detailed-and-crafted-22kt-gold-studs-ngo-stst-bug-p-l-p-25297429,42391.95,52636.0,0.8053793981305569,
2168,Classic Finely Detailed And Crafted 22KT Gold Studs For Women,https://www.bhimagold.com/products/classic-finely-detailed-and-crafted-22kt-gold-studs-for-women-ngo-stst-p-p-76166,37805.28,46941.0,0.8053786668370934,
2169,Classic Finely Detailed And Crafted 22KT Gold Studs For Women,https://www.bhimagold.com/products/classic-finely-detailed-and-crafted-22kt-gold-studs-for-women-ngo-stst-p-75836,37805.28,46941.0,0.8053786668370934,
2170,Classic Finely Detailed And Crafted 22KT Gold Ganesha Locket For Men,https://www.bhimagold.com/products/classic-finely-detailed-and-crafted-22kt-gold-ganesha-locket-for-men-ngo-chlc-p-p-81521,30577.8,37967.0,0.8053783548871388,
2171,Classic Finely Detailed And Crafted 22KT Gold Studs For Women,https://www.bhimagold.com/products/classic-finely-detailed-and-crafted-22kt-gold-studs-for-women-ngo-stst-p-p-75832,37527.3,46596.0,0.8053759979397374,
2172,Classic Finely Detailed And Crafted 22KT Gold Studs For Women,https://www.bhimagold.com/products/classic-finely-detailed-and-crafted-22kt-gold-studs-for-women-ngo-stst-p-p-76090,37527.3,46596.0,0.8053759979397374,
2173,Classic Finely Detailed And Crafted 22KT Gold Sai Baba Locket For Men,https://www.bhimagold.com/products/classic-finely-detailed-and-crafted-22kt-gold-sai-baba-locket-for-men-ngo-chlc-p-p-77471,39195.18,48667.0,0.8053748946925021,
2174,Classic Finely Detailed And Crafted 22KT Gold Hanuman Locket For Men,https://www.bhimagold.com/products/classic-finely-detailed-and-crafted-22kt-gold-hanuman-locket-for-men-ngo-chlc-p-p-79637,37249.32,46251.0,0.8053732892261789,
2175,Classic Finely Detailed And Crafted 22KT Gold Studs,https://www.bhimagold.com/products/classic-finely-detailed-and-crafted-22kt-gold-studs-ngo-stst-bug-p-l-p-25200566,42530.94,52809.0,0.8053729477929898,
2176,Classic Finely Detailed And Crafted 22KT Gold Studs,https://www.bhimagold.com/products/classic-finely-detailed-and-crafted-22kt-gold-studs-ngo-stst-bug-p-l-p-25216636,45171.75,56088.0,0.8053728070175439,
2177,Studded & Detailed 22KT Gold Pendant For Women,https://www.bhimagold.com/products/studded-&-detailed-22kt-gold-pendant-for-women-ngo-chlc-p-p-79108,14593.95,18121.0,0.8053611831576625,
2178,Emerald Studded And Detailed 22KT Gold Studs For Women,https://www.bhimagold.com/products/emerald-studded-and-detailed-22kt-gold-studs-for-women-ngo-stse-emd-s-l-p-25858375,50036.4,62149.0,0.8051038632962719,
2179,Classic Finely Detailed And Crafted 22KT Gold Bracelet For Women,https://www.bhimagold.com/products/classic-finely-detailed-and-crafted-22kt-gold-bracelet-for-women-ngo-bgbr-p-s-80731,35859.42,44551.0,0.8049071850239051,
2180,Studded And Detailed 22KT Gold Studs For Women,https://www.bhimagold.com/products/studded-and-detailed-22kt-gold-studs-for-women-ngo-stst-p-s-75805,54901.05,68215.0,0.80482371912336,
2181,Studded 22KT Gold Ring For Women,https://www.bhimagold.com/products/studded-22kt-gold-ring-for-women-ngo-rgrg-p-s-58269,31550.73,39226.0,0.8043320756641004,
2182,Charmingly Detailed And Antique Finished 22KT Gold Fancy Chain,https://www.bhimagold.com/products/charmingly-detailed-and-antique-finished-22kt-gold-fancy-chain-ngo-chfc-btc-s-l-ox-25248044,1216579.47,1512575.0,0.8043101796605127,
2183,Antique Finished And Studded 22KT Gold Drops,https://www.bhimagold.com/products/antique-finished-and-studded-22kt-gold-drops-ngo-stdr-btc-s-l-ox-2628529,427394.25,531466.0,0.8041798534619335,
2184,Specially Crafted And Studded 22KT Gold Ring For Women,https://www.bhimagold.com/products/specially-crafted-and-studded-22kt-gold-ring-for-women-ngo-rgrg-p-s-80861,41280.03,51333.0,0.8041616504003273,
2185,Studded And Detailed 22KT Gold Ring For Women,https://www.bhimagold.com/products/studded-and-detailed-22kt-gold-ring-for-women-ngo-rgrg-p-s-78151,26686.08,33186.0,0.8041366841439161,
2186,Classic Finely Detailed 22KT Gold Bangles,https://www.bhimagold.com/products/classic-finely-detailed-22kt-gold-bangles-ngo-bgbb-p-p-59206,175681.86,218500.0,0.8040359725400457,
2187,Studded & Detailed 22KT Gold Pendant,https://www.bhimagold.com/products/studded-&-detailed-22kt-gold-pendant-ngo-chlc-p-s-77273,24879.21,30943.0,0.8040335455514979,
2188,Studded And Detailed 18KT Rose Gold Necklace For Women,https://www.bhimagold.com/products/studded-and-detailed-18kt-rose-gold-necklace-for-women-ng18-chnc18k-rg-s-80579,24165.88,30057.0,0.8040017300462455,
2189,Studded And Detailed 22KT Gold Ring For Women,https://www.bhimagold.com/products/studded-and-detailed-22kt-gold-ring-for-women-ngo-rgrg-p-s-81299,33357.6,41496.0,0.8038750722961249,
2190,Finely Detailed And Crafted 22KT Gold Locket For Men,https://www.bhimagold.com/products/finely-detailed-and-crafted-22kt-gold-locket-for-men-ngo-chlc-p-s-77568,39612.15,49287.0,0.8037038164221804,
2191,Studded And Detailed 22KT Gold Studs For Women,https://www.bhimagold.com/products/studded-and-detailed-22kt-gold-studs-for-women-ngo-stst-p-s-78363,46283.67,57590.0,0.8036754644903629,
2192,Studded And Detailed 22KT Gold Necklace For Women,https://www.bhimagold.com/products/studded-and-detailed-22kt-gold-necklace-for-women-ngo-chns-cod-s-l-p-26123357,317731.14,395376.0,0.8036176702683016,
2193,Studded And Detailed 22KT Gold Ring For Women,https://www.bhimagold.com/products/studded-and-detailed-22kt-gold-ring-for-women-ngo-rgrg-p-s-76843,28214.97,35110.0,0.8036163486186272,
2194,Antique Finished And Studded 22KT Gold Drops,https://www.bhimagold.com/products/antique-finished-and-studded-22kt-gold-drops-ngo-stdr-kun-s-l-ox-25910798,438652.44,545879.0,0.8035708279673701,
2195,Studded And Detailed 22KT Gold Ring For Women,https://www.bhimagold.com/products/studded-and-detailed-22kt-gold-ring-for-women-ngo-rgrg-p-s-76874,36832.35,45836.0,0.803568156034558,
2196,Casual Wear and Detailed 22KT Gold Studs For Women,https://www.bhimagold.com/products/casual-wear-and-detailed-22kt-gold-studs-for-women-ngo-stst-p-s-81019,18346.68,22832.0,0.8035511562718991,
2197,Finely Detailed And Crafted 22KT Gold Ring For Women,https://www.bhimagold.com/products/finely-detailed-and-crafted-22kt-gold-ring-for-women-ngo-rgrg-p-s-81305,41974.98,52247.0,0.8033950274656919,
2198,Studded And Detailed 22KT Gold Ring For Kids,https://www.bhimagold.com/products/studded-and-detailed-22kt-gold-ring-for-kids-ngo-rgbr-s-79276,19597.59,24395.0,0.803344537815126,
2199,Studded And Detailed 22KT Gold Bangles For Women,https://www.bhimagold.com/products/studded-and-detailed-22kt-gold-bangles-for-women-ngo-bgsb-emd-s-l-na-25859433,306750.93,381920.0,0.8031811112274821,
2200,Studded And Detailed 18KT Rose Gold Necklace For Women,https://www.bhimagold.com/products/studded-and-detailed-18kt-rose-gold-necklace-for-women-ng18-chnc18k-rg-s-80619,45368.02,56486.0,0.8031728215841093,
2201,Studded And Detailed 22KT Gold Studs For Women,https://www.bhimagold.com/products/studded-and-detailed-22kt-gold-studs-for-women-ngo-stst-p-s-81552,31689.72,39457.0,0.8031457029170996,
2202,Specially Crafted and Detailed 22KT Gold Studs For Women,https://www.bhimagold.com/products/specially-crafted-and-detailed-22kt-gold-studs-for-women-ngo-stst-p-s-80999,23628.3,29422.0,0.8030827272109305,
2203,Specially Crafted And Detailed 22KT Gold Haaram For Women,https://www.bhimagold.com/products/specially-crafted-and-detailed-22kt-gold-haaram-for-women-ngo-chfc-csp-s-l-p-25118394,934965.92,1164440.0,0.8029318127168424,
2204,Studded And Detailed 22KT Gold Studs For Women,https://www.bhimagold.com/products/studded-and-detailed-22kt-gold-studs-for-women-ngo-stst-p-s-80128,33218.61,41375.0,0.8028667069486405,
2205,Studded And Detailed 22KT Gold Ring For Women,https://www.bhimagold.com/products/studded-and-detailed-22kt-gold-ring-for-women-ngo-rgrg-p-s-81441,32106.69,39994.0,0.8027876681502225,
2206,Studded & Detailed 22KT Gold Pendant For Men,https://www.bhimagold.com/products/studded-&-detailed-22kt-gold-pendant-for-men-ngo-chlc-p-s-81561,31967.7,39821.0,0.8027849627081188,
2207,Antique Finished And Studded 22KT Gold Drops,https://www.bhimagold.com/products/antique-finished-and-studded-22kt-gold-drops-ngo-stdr-btc-s-l-ox-25111965,1017267.81,1267492.0,0.8025832194601623,
2208,Studded And Detailed 22KT Gold Studs For Women,https://www.bhimagold.com/products/studded-and-detailed-22kt-gold-studs-for-women-ngo-stst-p-s-74711,49063.47,61136.0,0.8025299332635436,
2209,Casual Wear and Detailed 22KT Gold Studs For Women,https://www.bhimagold.com/products/casual-wear-and-detailed-22kt-gold-studs-for-women-ngo-stst-p-s-81037,39056.19,48668.0,0.8025024656858717,
2210,Studded And Detailed 22KT Gold Studs For Women,https://www.bhimagold.com/products/studded-and-detailed-22kt-gold-studs-for-women-ngo-stst-p-s-75365,49480.44,61664.0,0.8024202127659574,
2211,Studded And Detailed 22KT Gold Studs For Women,https://www.bhimagold.com/products/studded-and-detailed-22kt-gold-studs-for-women-ngo-stst-p-s-81569,38778.21,48336.0,0.8022635302879841,
2212,Studded And Detailed 22KT Gold Studs For Women,https://www.bhimagold.com/products/studded-and-detailed-22kt-gold-studs-for-women-ngo-stst-p-s-81988,45866.7,57176.0,0.8022019728557436,
2213,Studded And Detailed 22KT Gold Ring For Men,https://www.bhimagold.com/products/studded-and-detailed-22kt-gold-ring-for-men-ngo-rgrg-p-s-60414,48785.49,60832.0,0.8019708377169911,
2214,Studded And Detailed 22KT Gold Studs For Women,https://www.bhimagold.com/products/studded-and-detailed-22kt-gold-studs-for-women-ngo-stst-p-s-79747,32940.63,41081.0,0.8018458654852607,
2215,Studded And Detailed 22KT Gold Drops For Women,https://www.bhimagold.com/products/studded-and-detailed-22kt-gold-drops-for-women-ngo-stdr-p-s-81353,46839.63,58416.0,0.8018287797863598,
2216,Studded And Detailed 22KT Gold Studs For Women,https://www.bhimagold.com/products/studded-and-detailed-22kt-gold-studs-for-women-ngo-stst-p-s-82009,43086.9,53743.0,0.8017211543828964,
2217,Studded & Detailed 22KT Gold Pendant For Women,https://www.bhimagold.com/products/studded-&-detailed-22kt-gold-pendant-for-women-ngo-chlc-p-s-79677,47117.61,58774.0,0.801674379827815,
2218,Classic Finely Detailed And Crafted 22KT Gold Studs For Women,https://www.bhimagold.com/products/classic-finely-detailed-and-crafted-22kt-gold-studs-for-women-ngo-stst-p-s-82024,26547.09,33117.0,0.8016151825346499,
2219,Studded And Detailed 22KT Gold Ring For Women,https://www.bhimagold.com/products/studded-and-detailed-22kt-gold-ring-for-women-ngo-rgrg-s-79205,38361.24,47863.0,0.8014800576645843,
2220,Studded & Detailed 22KT Gold Pendant For Women,https://www.bhimagold.com/products/studded-&-detailed-22kt-gold-pendant-for-women-ngo-chlc-p-s-77293,44337.81,55329.0,0.8013484790977606,
2221,Classic Finely Detailed And Crafted 22KT Gold Drops For Women,https://www.bhimagold.com/products/classic-finely-detailed-and-crafted-22kt-gold-drops-for-women-ngo-stdr-p-s-81002,49897.41,62290.0,0.8010500882966769,
2222,Studded And Detailed 22KT Gold Studs For Women,https://www.bhimagold.com/products/studded-and-detailed-22kt-gold-studs-for-women-ngo-stst-p-s-81505,49619.43,61945.0,0.801023972879167,
2223,Studded And Detailed 22KT Gold Drops For Women,https://www.bhimagold.com/products/studded-and-detailed-22kt-gold-drops-for-women-ngo-stdr-p-s-77164,48785.49,60909.0,0.8009570014283603,
2224,Studded And Detailed 22KT Gold Studs For Women,https://www.bhimagold.com/products/studded-and-detailed-22kt-gold-studs-for-women-ngo-stst-p-s-78373,40307.1,50324.0,0.8009518321278117,
2225,Antique Finished And Studded 22KT Gold Drops,https://www.bhimagold.com/products/antique-finished-and-studded-22kt-gold-drops-ngo-stdr-btc-s-l-ox-25893508,352061.67,439599.0,0.8008700429254844,
2226,Antique Finished And Studded 22KT Gold Drops,https://www.bhimagold.com/products/antique-finished-and-studded-22kt-gold-drops-ngo-stdr-btc-s-l-ox-25893971,429340.11,536125.0,0.8008209093028678,
2227,Studded And Detailed 22KT Gold Studs For Women,https://www.bhimagold.com/products/studded-and-detailed-22kt-gold-studs-for-women-ngo-stst-p-s-81980,30994.77,38704.0,0.8008156779661018,
2228,Studded And Detailed 22KT Gold Drops For Women,https://www.bhimagold.com/products/studded-and-detailed-22kt-gold-drops-for-women-ngo-stdr-p-s-79749,45727.71,57106.0,0.8007514096592302,
2229,Studded And Detailed 22KT Gold Studs For Women,https://www.bhimagold.com/products/studded-and-detailed-22kt-gold-studs-for-women-ngo-stst-p-s-81008,24462.24,30554.0,0.8006231589971854,
2230,Antique Finished And Studded 22KT Gold Haaram,https://www.bhimagold.com/products/antique-finished-and-studded-22kt-gold-haaram-ngo-chfc-btc-s-l-ox-24534535,931371.99,1163448.0,0.8005273892773893,
2231,Antique Finished And Studded 22KT Gold Fancy Chain,https://www.bhimagold.com/products/antique-finished-and-studded-22kt-gold-fancy-chain-ngo-chfc-ops-s-l-ox-24757625,1206572.19,1507827.0,0.8002059851693861,
2232,Divinely Detailed And Antique Finished 22KT Gold Lakshmi Locket For Women,https://www.bhimagold.com/products/divinely-detailed-and-antique-finished-22kt-gold-lakshmi-locket-for-women-ngo-chlc-ox-p-79391,33774.57,42217.0,0.800022976526044,
2233,Classic Finely Detailed And Crafted 22KT Gold Ganesha Locket For Kids,https://www.bhimagold.com/products/classic-finely-detailed-and-crafted-22kt-gold-ganesha-locket-for-kids-ngo-chlc-p-69194,21404.46,26755.0,0.8000171930480283,
2234,Premium Gorgeously Detailed And Studded 22KT Gold Studs For Women,https://www.bhimagold.com/products/premium-gorgeously-detailed-and-studded-22kt-gold-studs-for-women-ngo-stet-p-s-81542,30299.82,37879.0,0.7999107684996964,
2235,Antique Finished And Studded 22KT Gold Necklace,https://www.bhimagold.com/products/antique-finished-and-studded-22kt-gold-necklace-ngo-chnc-btc-s-l-ox-24589452,413356.26,516807.0,0.7998271308244664,
2236,Studded And Detailed 22KT Gold Ring For Women,https://www.bhimagold.com/products/studded-and-detailed-22kt-gold-ring-for-women-ngo-rgrg-cspm-s-l-p-25843433,41419.02,51788.0,0.7997802579748203,
2237,Studded And Detailed 22KT Gold Studs For Women,https://www.bhimagold.com/products/studded-and-detailed-22kt-gold-studs-for-women-ngo-stst-p-s-81998,43364.88,54224.0,0.7997359102980229,
2238,Studded And Detailed 22KT Gold Studs For Women,https://www.bhimagold.com/products/studded-and-detailed-22kt-gold-studs-for-women-ngo-stst-p-s-78351,49758.42,62220.0,0.7997174541947927,
2239,Studded And Detailed 22KT Gold Studs For Women,https://www.bhimagold.com/products/studded-and-detailed-22kt-gold-studs-for-women-ngo-stst-p-s-81519,40446.09,50580.0,0.7996459074733095,
2240,Studded And Detailed 22KT Gold Studs For Women,https://www.bhimagold.com/products/studded-and-detailed-22kt-gold-studs-for-women-ngo-stst-p-s-82029,34469.52,43115.0,0.7994786037341992,
2241,Studded And Detailed 22KT Gold Studs For Women,https://www.bhimagold.com/products/studded-and-detailed-22kt-gold-studs-for-women-ngo-stst-p-s-80097,42530.94,53201.0,0.799438732354655,
2242,Studded And Detailed 22KT Gold Ring For Women,https://www.bhimagold.com/products/studded-and-detailed-22kt-gold-ring-for-women-ngo-rgrg-p-s-79636,29743.86,37208.0,0.7993942162975705,
2243,Studded And Detailed 22KT Gold Ring For Women,https://www.bhimagold.com/products/studded-and-detailed-22kt-gold-ring-for-women-ngo-rgrg-p-s-79603,30021.84,37560.0,0.7993035143769968,
2244,Studded And Detailed 22KT Gold Ring For Women,https://www.bhimagold.com/products/studded-and-detailed-22kt-gold-ring-for-women-ngo-rgrg-p-s-79145,32662.65,40865.0,0.7992817814755904,
2245,Finely Detailed And Crafted 22KT Gold Ring For Women,https://www.bhimagold.com/products/finely-detailed-and-crafted-22kt-gold-ring-for-women-ngo-rgrg-p-s-80811,47395.59,59312.0,0.7990893916913946,
2246,Studded And Detailed 22KT Gold Studs For Women,https://www.bhimagold.com/products/studded-and-detailed-22kt-gold-studs-for-women-ngo-stst-p-s-82001,29604.87,37050.0,0.7990518218623481,
2247,Studded And Detailed 22KT Gold Drops For Women,https://www.bhimagold.com/products/studded-and-detailed-22kt-gold-drops-for-women-ngo-stdr-p-s-77146,44059.83,55145.0,0.7989814126394053,
2248,Antique Finished And Studded 22KT Gold Lakshmi Devi Studs For Women,https://www.bhimagold.com/products/antique-finished-and-studded-22kt-gold-lakshmi-devi-studs-for-women-ngo-stst-ox-s-82030,46422.66,58103.0,0.7989718258953927,
2249,Studded And Detailed 22KT Gold Drops For Women,https://www.bhimagold.com/products/studded-and-detailed-22kt-gold-drops-for-women-ngo-stdr-p-s-77158,42947.91,53764.0,0.7988228182426903,
2250,Studded And Detailed 22KT Gold Studs For Women,https://www.bhimagold.com/products/studded-and-detailed-22kt-gold-studs-for-women-ngo-stst-p-s-81588,44754.78,56033.0,0.798721824639052,
2251,Traditionally Crafted And Navaratna Studded 22KT Gold Ring For Men,https://www.bhimagold.com/products/traditionally-crafted-and-navaratna-studded-22kt-gold-ring-for-men-ngd-rggr-na-s-81714,136488.18,170900.0,0.7986435342305441,
2252,Studded & Detailed 22KT Gold Pendant For Women,https://www.bhimagold.com/products/studded-&-detailed-22kt-gold-pendant-for-women-ngo-chlc-p-s-79712,22655.37,28368.0,0.7986241539763113,
2253,Antique Finished And Studded 22KT Gold Bangles,https://www.bhimagold.com/products/antique-finished-and-studded-22kt-gold-bangles-ngo-bgbb-btc-s-l-ox-2628546,910940.46,1140778.0,0.7985256202346118,
2254,Studded & Detailed 22KT Gold Pendant For Women,https://www.bhimagold.com/products/studded-&-detailed-22kt-gold-pendant-for-women-ngo-chlc-p-s-79335,14315.97,17930.0,0.798436698271054,
2255,Traditionally Crafted And Detailed 22KT Gold Necklace,https://www.bhimagold.com/products/traditionally-crafted-and-detailed-22kt-gold-necklace-ngo-chns-coc-s-l-na-2654743,460195.89,576481.0,0.7982845748602296,
2256,Studded And Detailed 22KT Gold Studs For Women,https://www.bhimagold.com/products/studded-and-detailed-22kt-gold-studs-for-women-ngo-stst-p-s-81994,25574.16,32037.0,0.7982695008895964,
2257,Classic Finely Detailed And Crafted 22KT Gold Studs For Women,https://www.bhimagold.com/products/classic-finely-detailed-and-crafted-22kt-gold-studs-for-women-ngo-stst-p-s-78302,18346.68,22986.0,0.798167580266249,
2258,Studded And Detailed 22KT Gold Studs For Women,https://www.bhimagold.com/products/studded-and-detailed-22kt-gold-studs-for-women-ngo-stst-p-s-81539,34191.54,42840.0,0.7981218487394958,
2259,Studded & Detailed 22KT Gold Pendant For Men,https://www.bhimagold.com/products/studded-&-detailed-22kt-gold-pendant-for-men-ngo-chlc-ox-s-79611,51148.32,64106.0,0.7978710261130003,
2260,Studded And Detailed 22KT Gold Studs For Women,https://www.bhimagold.com/products/studded-and-detailed-22kt-gold-studs-for-women-ngo-stst-p-s-79097,42252.96,52958.0,0.7978579251482306,
2261,Finely Detailed 22KT Gold Baby Bangles,https://www.bhimagold.com/products/finely-detailed-22kt-gold-baby-bangles-ngo-bgbl-p-s-59261,46247.14,57969.0,0.7977908882333661,
2262,Studded And Detailed 22KT Gold Ring For Women,https://www.bhimagold.com/products/studded-and-detailed-22kt-gold-ring-for-women-ngo-rgrg-p-s-76957,38361.24,48095.0,0.7976138891776692,
2263,Antique Finished And Studded 22KT Gold Bangles,https://www.bhimagold.com/products/antique-finished-and-studded-22kt-gold-bangles-ngo-bgbb-ops-s-l-ox-24925105,526772.1,660510.0,0.7975232774674115,
2264,Casual Wear and Detailed 18Kt Gold Ring For Women,https://www.bhimagold.com/products/casual-wear-and-detailed-18kt-gold-ring-for-women-ng18-rgrg18k-rg-s-80647,15844.61,19872.0,0.7973334339774557,
2265,Antique Finished And Studded 22KT Gold Drops,https://www.bhimagold.com/products/antique-finished-and-studded-22kt-gold-drops-ngo-stdr-btc-s-l-ox-25894204,607803.27,762320.0,0.7973072594186169,
2266,Premium Gorgeously Detailed And Studded 22KT Gold Studs For Women,https://www.bhimagold.com/products/premium-gorgeously-detailed-and-studded-22kt-gold-studs-for-women-ngo-stst-p-s-80995,44893.77,56309.0,0.7972752135537835,
2267,Specially Crafted and Detailed 22KT Gold Studs For Women,https://www.bhimagold.com/products/specially-crafted-and-detailed-22kt-gold-studs-for-women-ngo-stst-p-s-80965,34052.55,42714.0,0.7972222222222223,
2268,Antique Finished And Studded 22KT Gold Drops,https://www.bhimagold.com/products/antique-finished-and-studded-22kt-gold-drops-ngo-stdr-btc-s-l-ox-25894085,790714.11,991970.0,0.7971149429922276,
2269,Studded And Detailed 22KT Gold Studs For Women,https://www.bhimagold.com/products/studded-and-detailed-22kt-gold-studs-for-women-ngo-stst-p-s-81531,44476.8,55798.0,0.7971038388472705,
2270,Studded And Detailed 22KT Gold Ring,https://www.bhimagold.com/products/studded-and-detailed-22kt-gold-ring-ngo-rgrg-cspm-s-l-na-265465,62783.6,78790.0,0.7968473156491941,
2271,Studded & Detailed 22KT Gold Pendant For Women,https://www.bhimagold.com/products/studded-&-detailed-22kt-gold-pendant-for-women-ngo-chlc-p-s-79362,16261.83,20410.0,0.7967579617834395,
2272,Studded And Detailed 22KT Gold Locket For Women,https://www.bhimagold.com/products/studded-and-detailed-22kt-gold-locket-for-women-ngo-chlc-p-s-79330,15149.91,19023.0,0.7963996215108027,
2273,Antique Finished And Studded 22KT Gold Necklace,https://www.bhimagold.com/products/antique-finished-and-studded-22kt-gold-necklace-ngo-chnc-btc-s-l-ox-24779586,783486.63,983873.0,0.7963290282384007,
2274,Studded And Detailed 22KT Gold Studs For Women,https://www.bhimagold.com/products/studded-and-detailed-22kt-gold-studs-for-women-ngo-stst-p-s-81992,23628.3,29673.0,0.7962895561621676,
2275,Antique Finished And Studded 22KT Gold Drops,https://www.bhimagold.com/products/antique-finished-and-studded-22kt-gold-drops-ngo-stdr-btc-s-l-ox-25894253,427811.22,537651.0,0.7957043137648772,
2276,Studded & Detailed 22KT Gold Pendant For Women,https://www.bhimagold.com/products/studded-&-detailed-22kt-gold-pendant-for-women-ngo-chlc-p-s-79670,15149.91,19043.0,0.7955631990757759,
2277,Studded & Detailed 22KT Gold Pendant For Men,https://www.bhimagold.com/products/studded-&-detailed-22kt-gold-pendant-for-men-ngo-chdp-p-s-79909,49341.45,62037.0,0.7953551912568305,
2278,Antique Finished And Studded 22KT Gold Drops,https://www.bhimagold.com/products/antique-finished-and-studded-22kt-gold-drops-ngo-stdr-btc-s-l-ox-24589540,365404.71,459459.0,0.7952933994110465,
2279,Studded And Detailed 22KT Gold Studs For Women,https://www.bhimagold.com/products/studded-and-detailed-22kt-gold-studs-for-women-ngo-stet-p-s-81536,23628.3,29724.0,0.7949232943076302,
2280,Classic Finely Detailed And Crafted 22KT Gold Studs For Women,https://www.bhimagold.com/products/classic-finely-detailed-and-crafted-22kt-gold-studs-ngo-stst-p-s-59453,47812.56,60149.0,0.7949019933830986,
2281,Studded And Detailed 22KT Gold Studs For Women,https://www.bhimagold.com/products/studded-and-detailed-22kt-gold-studs-for-women-ngo-stst-sw-s-l-p-2520075,45588.72,57358.0,0.7948101398235643,
2282,Classic Finely Detailed And Crafted 22KT Gold Studs,https://www.bhimagold.com/products/classic-finely-detailed-and-crafted-22kt-gold-studs-ngo-stst-bug-s-l-p-25224568,47395.59,59632.0,0.7948012811913067,
2283,Divinely Detailed And Antique Finished 22KT Gold Ganesha Locket For Men,https://www.bhimagold.com/products/divinely-detailed-and-antique-finished-22kt-gold-ganesha-locket-for-men-ngo-chlc-ox-p-79630,25852.14,32528.0,0.7947657402852927,
2284,Classic Finely Detailed And Crafted 22KT Gold Bracelet For Women,https://www.bhimagold.com/products/classic-finely-detailed-and-crafted-22kt-gold-bracelet-for-women-ngo-bgbr-p-p-80712,42113.97,52990.0,0.7947531609737687,
2285,Divinely Detailed And Antique Finished 22KT Gold Ganesha Locket For Men,https://www.bhimagold.com/products/divinely-detailed-and-antique-finished-22kt-gold-ganesha-locket-for-men-ngo-chlc-ox-p-79655,49480.44,62259.0,0.7947516021779985,
2286,Classic Black Beaded And Detailed 18KT Rose Gold Mangalsutra For Women,https://www.bhimagold.com/products/classic-black-beaded-and-detailed-18kt-rose-gold-mangalsutra-for-women-ng18-chms18k-rg-p-80608,48673.73,61244.0,0.7947509960159364,
2287,Finely Detailed And Crafted 18KT Rose Gold Evil Eye Bracelet For Women,https://www.bhimagold.com/products/finely-detailed-and-crafted-18kt-rose-gold-evil-eye-bracelet-for-women-ng18-bgbr18k-rg-p-80606,32715.13,41164.0,0.7947509960159362,
2288,Glamorously Detailed And Crafted 18KT Rose Gold Ring For Women,https://www.bhimagold.com/products/glamorously-detailed-and-crafted-18kt-rose-gold-ring-for-women-ng18-rgrg18k-p-80586,20788.2,26157.0,0.794747104025691,
2289,Classic Finely Detailed And Crafted 18KT Rose Gold Locket For Women,https://www.bhimagold.com/products/classic-finely-detailed-and-crafted-18kt-rose-gold-locket-for-women-ng18-chlc18k-p-80577,20404.21,25674.0,0.7947421515930513,
2290,Classic Finely Detailed And Crafted 22KT Gold Studs,https://www.bhimagold.com/products/classic-finely-detailed-and-crafted-22kt-gold-studs-ngo-stst-bug-s-l-p-25224591,46978.62,59114.0,0.794712250905031,
2291,Classic Finely Detailed And Crafted 22KT Gold Studs,https://www.bhimagold.com/products/classic-finely-detailed-and-crafted-22kt-gold-studs-ngo-stst-bug-s-l-p-25224605,46005.69,57906.0,0.7944891721065175,
2292,Studded And Detailed 22KT Gold Studs For Women,https://www.bhimagold.com/products/studded-and-detailed-22kt-gold-studs-for-women-ngo-stst-p-s-82011,33218.61,41812.0,0.7944755094231322,
2293,Specially Crafted and Detailed 22KT Gold Studs For Women,https://www.bhimagold.com/products/specially-crafted-and-detailed-22kt-gold-studs-for-women-ngo-stst-p-s-81146,41835.99,52660.0,0.7944548044056209,
2294,Studded & Detailed 22KT Gold Locket,https://www.bhimagold.com/products/studded-&-detailed-22kt-gold-locket-ngo-chlc-p-s-63541,16539.81,20820.0,0.7944193083573488,
2295,One Of Its Kind Antique Finished And Detailed 22KT Gold Necklace,https://www.bhimagold.com/products/one-of-its-kind-antique-finished-and-detailed-22kt-gold-necklace-ngo-chnc-btc-s-l-ox-24589519,374022.09,470888.0,0.7942909778970796,
2296,Classic Finely Detailed And Crafted 22KT Gold Studs For Women,https://www.bhimagold.com/products/classic-finely-detailed-and-crafted-22kt-gold-studs-for-women-ngo-stst-p-s-71850,42252.96,53205.0,0.7941539329010431,
2297,Studded & Detailed 22KT Gold Pendant For Women,https://www.bhimagold.com/products/studded-&-detailed-22kt-gold-pendant-for-women-ngo-chlc-p-s-78490,19736.58,24854.0,0.7941007483704837,
2298,Studded And Detailed 22KT Gold Locket For Women,https://www.bhimagold.com/products/studded-and-detailed-22kt-gold-locket-for-women-ngo-chlc-p-s-79308,17234.76,21721.0,0.7934607062289949,
2299,Studded And Detailed 22KT Gold Studs For Women,https://www.bhimagold.com/products/studded-and-detailed-22kt-gold-studs-for-women-ngo-stst-s-79286,40585.08,51165.0,0.7932195836997948,
2300,Studded And Detailed 18KT Rose Gold Necklace For Women,https://www.bhimagold.com/products/studded-and-detailed-18kt-rose-gold-necklace-for-women-ng18-chnc18k-rg-s-80627,26787.65,33773.0,0.793167619104018,
2301,Studded And Detailed 22KT Gold Studs For Women,https://www.bhimagold.com/products/studded-and-detailed-22kt-gold-studs-for-women-ngo-stet-p-s-81504,38917.2,49068.0,0.7931279041330398,
2302,Fancy Finely Detailed And Crafted 18KT Rose Gold Bracelet For Women,https://www.bhimagold.com/products/fancy-finely-detailed-and-crafted-18kt-rose-gold-bracelet-for-women-ng18-bgbr18k-rg-s-80591,35906.85,45283.0,0.7929432678930283,
2303,Antique Finished And Studded 22KT Gold Drops,https://www.bhimagold.com/products/antique-finished-and-studded-22kt-gold-drops-ngo-stdr-ops-s-l-ox-24812537,322317.81,406529.0,0.7928531789860009,
2304,Antique Finished And Studded 22KT Gold Drops,https://www.bhimagold.com/products/antique-finished-and-studded-22kt-gold-drops-ngo-stdr-btc-s-l-ox-24589418,338440.65,427033.0,0.7925398037154038,
2305,Antique Finished And Studded 22KT Gold Locket,https://www.bhimagold.com/products/antique-finished-and-studded-22kt-gold-locket-ngo-chlc-btc-s-l-ox-24589607,314951.34,397509.0,0.7923124759439409,
2306,Antique Finished And Studded 22KT Gold Queen Victoria Fancy Chain,https://www.bhimagold.com/products/antique-finished-and-studded-22kt-gold-queen-victoria-fancy-chain-ngo-chfc-btc-s-l-ox-25893547,695922.93,878345.0,0.792311597379162,
2307,Studded & Detailed 18KT Rose Gold Bracelet For Women,https://www.bhimagold.com/products/studded-&-detailed-18kt-rose-gold-bracelet-for-women-ng18-bgbr18k-rg-s-80686,18580.37,23451.0,0.792306085028357,
2308,Antique Finished And Studded 22KT Gold Necklace,https://www.bhimagold.com/products/antique-finished-and-studded-22kt-gold-necklace-ngo-chnc-btc-s-l-ox-24589380,638659.05,806312.0,0.7920743459107641,
2309,Antique Finished And Studded 22KT Gold Sri Krishna Drops,https://www.bhimagold.com/products/antique-finished-and-studded-22kt-gold-sri-krishna-drops-ngo-stdr-btc-s-l-ox-25893989,443517.09,560097.0,0.7918576425154928,
2310,Specially Crafted and Detailed 18Kt Gold Studs For Women,https://www.bhimagold.com/products/specially-crafted-and-detailed-18kt-gold-studs-for-women-ng18-stst18k-rg-s-80567,41378.37,52279.0,0.7914912297480825,
2311,Classic Finely Detailed And Crafted 22KT Gold Studs,https://www.bhimagold.com/products/classic-finely-detailed-and-crafted-22kt-gold-studs-ngo-stst-bug-s-l-p-25386582,37110.33,46915.0,0.7910120430565918,
2312,Classic Finely Detailed And Crafted 22KT Gold Studs For Women,https://www.bhimagold.com/products/classic-finely-detailed-and-crafted-22kt-gold-studs-for-women-ngo-stst-p-s-76143,36971.34,46742.0,0.7909661546360874,
2313,Classic Finely Detailed And Crafted 22KT Gold Studs For Women,https://www.bhimagold.com/products/classic-finely-detailed-and-crafted-22kt-gold-studs-for-women-ngo-stst-p-s-76295,36971.34,46742.0,0.7909661546360874,
2314,Traditionally Crafted And Detailed 22KT Gold Bugadi Studs For Women,https://www.bhimagold.com/products/traditionally-crafted-and-detailed-22kt-gold-bugadi-studs-for-women-ngo-stst-p-s-65491,36832.35,46570.0,0.7909029418080309,
2315,Classic Finely Detailed And Crafted 22KT Gold Studs For Women,https://www.bhimagold.com/products/classic-finely-detailed-and-crafted-22kt-gold-studs-for-women-ngo-stst-p-s-75884,36832.35,46570.0,0.7909029418080309,
2316,Classic Finely Detailed And Crafted 22KT Gold Studs For Women,https://www.bhimagold.com/products/classic-finely-detailed-and-crafted-22kt-gold-studs-for-women-ngo-stst-p-s-78861,36415.38,46052.0,0.79074481021454,
2317,Classic Finely Detailed And Crafted 22KT Gold Studs For Women,https://www.bhimagold.com/products/classic-finely-detailed-and-crafted-22kt-gold-studs-for-women-ngo-stst-p-s-76157,36276.39,45879.0,0.7906970509383378,
2318,Studded And Detailed 22KT Gold Necklace For Women,https://www.bhimagold.com/products/studded-and-detailed-22kt-gold-necklace-for-women-ngo-chns-cod-s-l-p-24880463,312449.52,395186.0,0.7906391420748711,
2319,Antique Finished & Pearl Studded 22KT Gold Ganesha Pendant For Men,https://www.bhimagold.com/products/antique-finished-&-pearl-studded-22kt-gold-ganesha-pendant-for-men-ngo-chlc-ox-s-75573,48924.48,61895.0,0.7904431698844818,
2320,Studded And Detailed 22KT Gold Necklace For Women,https://www.bhimagold.com/products/studded-and-detailed-22kt-gold-necklace-for-women-ngo-chns-cod-s-l-p-26111210,374300.07,473616.0,0.7903028402756663,
2321,Casual Wear and Detailed 18Kt Gold Studs For Women,https://www.bhimagold.com/products/casual-wear-and-detailed-18kt-gold-studs-for-women-ng18-stet18k-rg-s-80650,22798.0,28866.0,0.7897872930090765,
2322,Antique Finished And Studded 22KT Gold Necklace,https://www.bhimagold.com/products/antique-finished-and-studded-22kt-gold-necklace-ngo-chnc-pcw-s-l-p-2517675,529690.89,671401.0,0.7889337221719956,
2323,Studded And Detailed 22KT Gold Studs For Women,https://www.bhimagold.com/products/studded-and-detailed-22kt-gold-studs-for-women-ngo-stet-p-s-81581,41697.0,52855.0,0.7888941443572036,
2324,Studded And Detailed 22KT Gold Studs For Women,https://www.bhimagold.com/products/studded-and-detailed-22kt-gold-studs-for-women-ngo-stst-p-s-81169,48646.5,61669.0,0.7888323144529666,
2325,Antique Finished And Studded 22KT Gold Drops,https://www.bhimagold.com/products/antique-finished-and-studded-22kt-gold-drops-ngo-stdr-btc-s-l-ox-25894234,437123.55,554173.0,0.7887853612500068,
2326,Finely Detailed And Studded 22KT Gold Drops For Kids,https://www.bhimagold.com/products/finely-detailed-and-studded-22kt-gold-drops-for-kids-ngo-stst-p-s-80982,12648.09,16039.0,0.7885834528337178,
2327,Studded & Detailed 22KT Gold Necklace,https://www.bhimagold.com/products/studded-&-detailed-22kt-gold-necklace-ngo-chnc-p-s-58257,161650.22,205033.0,0.7884107436363903,
2328,Studded And Detailed 22KT Gold Studs For Women,https://www.bhimagold.com/products/studded-and-detailed-22kt-gold-studs-for-women-ngo-stst-p-s-79727,47673.57,60492.0,0.7880971037492561,
2329,Antique Finished And Studded 22KT Gold Drops,https://www.bhimagold.com/products/antique-finished-and-studded-22kt-gold-drops-ngo-stdr-ops-s-l-ox-24789223,286875.36,364211.0,0.7876625362770482,
2330,Studded And Detailed 22KT Gold Necklace For Women,https://www.bhimagold.com/products/studded-and-detailed-22kt-gold-necklace-for-women-ngo-chns-cod-s-l-p-24424374,340664.49,432652.0,0.7873868374582805,
2331,Casual Wear and Detailed 22KT Gold Studs For Women,https://www.bhimagold.com/products/casual-wear-and-detailed-22kt-gold-studs-for-women-ngo-stst-p-s-81119,49341.45,62701.0,0.7869324253201703,
2332,Classic Finely Detailed 22KT Gold Studs For Women,https://www.bhimagold.com/products/classic-finely-detailed-22kt-gold-studs-for-women-ngo-stst-p-s-81034,49063.47,62401.0,0.7862609573564526,
2333,One Of Its Kind Antique Finished And Studded 22KT Gold Haaram,https://www.bhimagold.com/products/one-of-its-kind-antique-finished-and-studded-22kt-gold-haaram-ngo-chfc-btc-s-l-na-2628528,1670242.83,2124506.0,0.7861793894674809,
2334,Studded And Detailed 22KT Gold Studs For Women,https://www.bhimagold.com/products/studded-and-detailed-22kt-gold-studs-for-women-ngo-stst-p-s-80986,44476.8,56637.0,0.7852958313469993,
2335,Antique Finished And Studded 22KT Gold Necklace,https://www.bhimagold.com/products/antique-finished-and-studded-22kt-gold-necklace-ngo-chnc-btc-s-l-ox-24589550,1546402.74,1970084.0,0.7849425405211148,
2336,Emerald Studded And Detailed 22KT Gold Haaram,https://www.bhimagold.com/products/emerald-studded-and-detailed-22kt-gold-haaram-ngo-chfs-emd-s-l-na-25856126,744430.44,948663.0,0.7847153731093127,
2337,Antique Finished And Studded 22KT Gold Necklace,https://www.bhimagold.com/products/antique-finished-and-studded-22kt-gold-necklace-ngo-chns-cod-s-l-p-24880490,724693.86,923694.0,0.7845605362814958,
2338,Matte Finished & Studded 22KT Gold Ring,https://www.bhimagold.com/products/matte-finished-&-studded-22kt-gold-ring-ngo-rgrg-p-s-59411,49110.74,62600.0,0.7845166134185303,
2339,Classic Finely Detailed And Crafted 22KT Gold Studs,https://www.bhimagold.com/products/classic-finely-detailed-and-crafted-22kt-gold-studs-ngo-stst-bug-s-l-p-25200520,40863.06,52089.0,0.7844853999884812,
2340,Fancy Finely Detailed And Crafted 18KT Rose Gold Necklace For Women,https://www.bhimagold.com/products/fancy-finely-detailed-and-crafted-18kt-rose-gold-necklace-for-women-ng18-chnc18k-rg-s-80594,23937.9,30532.0,0.7840265950478187,
2341,Studded And Detailed 22KT Gold Studs For Women,https://www.bhimagold.com/products/studded-and-detailed-22kt-gold-studs-for-women-ngo-stst-p-s-81550,24601.23,31391.0,0.7837032907521264,
2342,Studded 22KT Gold Sai Baba Ring,https://www.bhimagold.com/products/studded-22kt-gold-sai-baba-ring-ngo-rgrg-p-s-57906,80649.3,102955.0,0.7833451507940362,
2343,Classic Finely Detailed And Crafted 22KT Gold Studs,https://www.bhimagold.com/products/classic-finely-detailed-and-crafted-22kt-gold-studs-ngo-stst-p-s-63806,35303.46,45096.0,0.7828512506652474,
2344,Antique Finished And Studded 22KT Gold Sri Krishna Haaram,https://www.bhimagold.com/products/antique-finished-and-studded-22kt-gold-sri-krishna-haaram-ngo-chfc-btc-s-l-ox-25893604,1654397.97,2114517.0,0.7823999381419019,
2345,Studded And Detailed 22KT Gold Locket For Women,https://www.bhimagold.com/products/studded-and-detailed-22kt-gold-locket-for-women-ngo-chlc-sw-s-l-ox-24826205,109941.09,140526.0,0.7823540839417616,
2346,Studded And Detailed 22KT Gold Studs For Women,https://www.bhimagold.com/products/studded-and-detailed-22kt-gold-studs-for-women-ngo-stst-p-s-76253,44337.81,56693.0,0.7820685093397773,
2347,Specially Crafted And Matte Finished 22KT Gold Locket For Women,https://www.bhimagold.com/products/specially-crafted-and-matte-finished-22kt-gold-locket-for-women-ngo-chlc-p-p-80822,23211.33,29687.0,0.781868494627278,
2348,Specially Crafted And Detailed 22KT Gold Locket  For Men,https://www.bhimagold.com/products/specially-crafted-and-detailed-22kt-gold-locket-for-men-ngo-chlc-p-p-80807,31272.75,39998.0,0.7818578428921447,
2349,Classic Finely Detailed And Crafted 22KT Gold Lakshmi Locket For Women,https://www.bhimagold.com/products/classic-finely-detailed-and-crafted-22kt-gold-lakshmi-locket-for-women-ngo-chlc-p-p-79629,22933.35,29332.0,0.7818542888313105,
2350,Casual Wear and Detailed 22KT Gold Studs For Women,https://www.bhimagold.com/products/casual-wear-and-detailed-22kt-gold-studs-for-women-ngo-stst-p-s-81135,46005.69,58871.0,0.7814660868678976,
2351,Antique Finished And Studded 22KT Gold Drops,https://www.bhimagold.com/products/antique-finished-and-studded-22kt-gold-drops-ngo-stdr-btc-s-l-ox-24589600,517320.78,662115.0,0.7813156022745293,
2352,Studded And Detailed 22KT Gold Studs For Women,https://www.bhimagold.com/products/studded-and-detailed-22kt-gold-studs-for-women-ngo-stst-p-s-81598,16817.79,21540.0,0.7807701949860725,
2353,Studded And Detailed 22KT Gold Studs For Women,https://www.bhimagold.com/products/studded-and-detailed-22kt-gold-studs-for-women-ngo-stst-sw-s-k-p-24794134,3891.72,4987.0,0.7803729697212752,
2354,Traditionally Crafted And Antique Finished 22KT Gold Lakshmi Devi Haaram,https://www.bhimagold.com/products/traditionally-crafted-and-antique-finished-22kt-gold-lakshmi-devi-haaram-ngo-chfc-pcw-s-l-ox-24848310,1134969.5,1454579.0,0.7802735361915716,
2355,Studded And Detailed 22KT Gold Studs For Women,https://www.bhimagold.com/products/studded-and-detailed-22kt-gold-studs-for-women-ngo-stst-p-s-78823,41419.02,53111.0,0.7798576566059761,
2356,Antique Finished And Studded 22KT Gold Drops,https://www.bhimagold.com/products/antique-finished-and-studded-22kt-gold-drops-ngo-stdr-btc-s-l-ox-24576339,495221.37,635594.0,0.7791473330459381,
2357,Antique Finished And Studded 22KT Gold Drops For Women,https://www.bhimagold.com/products/antique-finished-and-studded-22kt-gold-drops-for-women-ngo-stdr-ox-s-72872,332186.1,426877.0,0.7781775546586018,
2358,Studded And Detailed 22KT Gold Necklace For Women,https://www.bhimagold.com/products/studded-and-detailed-22kt-gold-necklace-for-women-ngo-chns-cod-s-l-na-26111796,291879.0,375213.0,0.7779021515779038,
2359,Studded And Detailed 22KT Gold Studs For Women,https://www.bhimagold.com/products/studded-and-detailed-22kt-gold-studs-for-women-ngo-stst-p-s-75869,39751.14,51135.0,0.7773763567028454,
2360,Studded And Detailed 22KT Gold Necklace For Women,https://www.bhimagold.com/products/studded-and-detailed-22kt-gold-necklace-for-women-ngo-chns-cod-s-l-p-2581108,421695.66,542470.0,0.7773621767102328,
2361,Antique Finished And Studded 22KT Gold Drops,https://www.bhimagold.com/products/antique-finished-and-studded-22kt-gold-drops-ngo-stdr-btc-s-l-ox-24589471,376662.9,484553.0,0.7773409719886164,
2362,Studded And Detailed 22KT Gold Studs For Women,https://www.bhimagold.com/products/studded-and-detailed-22kt-gold-studs-for-women-ngo-stst-p-s-75868,39612.15,50959.0,0.7773337388881257,
2363,Studded And Detailed 22KT Gold Necklace For Women,https://www.bhimagold.com/products/studded-and-detailed-22kt-gold-necklace-for-women-ngo-chns-rud-s-l-p-24484991,454497.3,584907.0,0.7770419912909231,
2364,Antique Finished And Studded 22KT Gold Drops,https://www.bhimagold.com/products/antique-finished-and-studded-22kt-gold-drops-ngo-stdr-btc-s-l-ox-24589577,290767.08,374305.0,0.7768185837752636,
2365,Specially Crafted And Studded 18Kt Gold Ring For Women,https://www.bhimagold.com/products/specially-crafted-and-studded-18kt-gold-ring-for-women-ng18-rgrg18k-rg-s-80641,20746.18,26710.0,0.7767195806813928,
2366,Studded And Detailed 18KT Rose Gold Ring For Women,https://www.bhimagold.com/products/studded-and-detailed-18kt-rose-gold-ring-for-women-ng18-rgrg18k-rg-s-80695,18238.4,23488.0,0.7764986376021799,
2367,Finely Detailed 22KT Gold Lakshmi Venkateshwara Necklace For Women,https://www.bhimagold.com/products/finely-detailed-22kt-gold-necklace-ngo-chfc-btc-s-l-ox-25759806,1373221.2,1769904.0,0.7758732677026551,
2368,Antique Finished And Studded 22KT Gold Peacock Necklace,https://www.bhimagold.com/products/antique-finished-and-studded-22kt-gold-peacock-necklace-ngo-chnc-btc-s-l-ox-24589531,424197.48,546780.0,0.7758101613080215,
2369,Studded & Detailed 22KT Gold Pendant For Men,https://www.bhimagold.com/products/studded-&-detailed-22kt-gold-pendant-for-men-ngo-chlc-ox-s-79595,47951.55,61873.0,0.7749995959465357,
2370,Antique Finished And Studded 22KT Gold Necklace,https://www.bhimagold.com/products/antique-finished-and-studded-22kt-gold-necklace-ngo-chnc-btc-s-l-ox-24589495,1058964.81,1367116.0,0.7745976274142063,
2371,Studded & Detailed 22KT Gold Pendant For Women,https://www.bhimagold.com/products/studded-&-detailed-22kt-gold-pendant-for-women-ngo-chlc-p-s-74964,78251.37,101036.0,0.7744899837681618,
2372,Studded And Detailed 22KT Gold Bangles For Women,https://www.bhimagold.com/products/studded-and-detailed-22kt-gold-bangles-for-women-ngo-bgsb-cod-s-l-p-24409346,301747.29,389644.0,0.7744179045487676,
2373,Studded And Detailed 22KT Gold Studs For Women,https://www.bhimagold.com/products/studded-and-detailed-22kt-gold-studs-for-women-ngo-stse-emd-s-l-p-24447972,48646.5,62842.0,0.7741080805830496,
2374,Studded And Detailed 22KT Gold Studs For Women,https://www.bhimagold.com/products/studded-and-detailed-22kt-gold-studs-for-women-ngo-stst-p-s-76235,46978.62,60696.0,0.7739986160537763,
2375,Studded And Detailed 22KT Gold Studs For Women,https://www.bhimagold.com/products/studded-and-detailed-22kt-gold-studs-for-women-ngo-stst-p-s-76231,48090.54,62152.0,0.7737569185223324,
2376,Enamel Worked & Matte Finished 22KT Gold Sai Baba Locket,https://www.bhimagold.com/products/enamel-worked-&-matte-finished-22kt-gold-sai-baba-locket-ngo-chlc-p-p-58336,19902.02,25726.0,0.7736150198243023,
2377,Classic Finely Detailed And Crafted 18KT Rose Gold Ring For Women,https://www.bhimagold.com/products/classic-finely-detailed-and-crafted-18kt-rose-gold-ring-for-women-ng18-rgrg18k-rg-p-80563,42269.34,54639.0,0.7736111568659748,
2378,Classic Finely Detailed And Crafted 18KT Rose Gold Bangles For Women,https://www.bhimagold.com/products/classic-finely-detailed-and-crafted-18kt-rose-gold-bangles-for-women-ng18-bgbb18k-rg-p-80578,36956.8,47772.0,0.7736079711965168,
2379,Fancy Finely Detailed And Crafted 18KT Rose Gold Necklace For Women,https://www.bhimagold.com/products/fancy-finely-detailed-and-crafted-18kt-rose-gold-necklace-for-women-ng18-chnc18k-rg-p-80615,76503.57,98892.0,0.773607268535372,
2380,Specially Crafted And Detailed 18Kt Gold Necklace For Women,https://www.bhimagold.com/products/specially-crafted-and-detailed-18kt-gold-necklace-for-women-ng18-chnc18k-rg-p-80649,78234.42,101130.0,0.7736024918421833,
2381,Studded And Detailed 22KT Gold Studs For Women,https://www.bhimagold.com/products/studded-and-detailed-22kt-gold-studs-for-women-ngo-stst-p-s-81021,20153.55,26054.0,0.7735299762032701,
2382,Studded And Detailed 18KT Rose Gold Necklace For Women,https://www.bhimagold.com/products/studded-and-detailed-18kt-rose-gold-necklace-for-women-ng18-chnc18k-rg-s-80603,57695.0,74657.0,0.772800942979225,
2383,Divinely Detailed And Kundan Worked 22KT Gold Lakshmi Kubera Balaji Fancy Chain,https://www.bhimagold.com/products/divinely-detailed-and-kundan-worked-22kt-gold-lakshmi-kubera-balaji-fancy-chain-ngo-chfc-ops-s-l-ox-25248837,2176305.42,2816847.0,0.772603346933646,
2384,Antique Finished And Studded 22KT Gold Haaram,https://www.bhimagold.com/products/antique-finished-and-studded-22kt-gold-haaram-ngo-chfc-btc-s-l-ox-24589037,1094546.25,1417065.0,0.7724037006065353,
2385,Antique Finished And Studded 22KT Gold Haaram,https://www.bhimagold.com/products/antique-finished-and-studded-22kt-gold-haaram-ngo-chfc-btc-s-l-ox-25893612,1108584.24,1435286.0,0.7723786339447329,
2386,Charmingly Detailed And Studded 22KT Gold Drops,https://www.bhimagold.com/products/charmingly-detailed-and-studded-22kt-gold-drops-ngo-stdr-btc-s-l-ox-25112004,333714.99,432094.0,0.7723203515901632,
2387,Studded And Detailed 18KT Rose Gold Ring For Women,https://www.bhimagold.com/products/studded-and-detailed-18kt-rose-gold-ring-for-women-ng18-rgrg18k-rg-s-80638,18466.38,23951.0,0.7710066385537139,
2388,Classic Finely Detailed And Crafted 22KT Gold Baby Bangles,https://www.bhimagold.com/products/classic-finely-detailed-and-crafted-22kt-gold-baby-bangles-ngo-bgbl-p-s-59456,170086.48,220632.0,0.770905761630226,
2389,Emerald Studded And Detailed 22KT Gold Necklace,https://www.bhimagold.com/products/emerald-studded-and-detailed-22kt-gold-necklace-ngo-chns-emd-s-l-p-24793691,463114.68,600898.0,0.7707043125455568,
2390,Studded And Detailed 18KT Rose Gold Bangles For Women,https://www.bhimagold.com/products/studded-and-detailed-18kt-rose-gold-bangles-for-women-ng18-bgbb18k-rg-s-80568,45618.55,59206.0,0.7705055230888762,
2391,Ruby Studded And Detailed 22KT Gold Bangles For Women,https://www.bhimagold.com/products/ruby-studded-and-detailed-22kt-gold-bangles-ngo-bgsb-p-s-63919,270196.56,350838.0,0.7701462213329229,
2392,Studded And Detailed 22KT Gold Necklace For Women,https://www.bhimagold.com/products/studded-and-detailed-22kt-gold-necklace-for-women-ngo-chns-cod-s-l-p-26123401,289099.2,375425.0,0.7700584670706533,
2393,Ruby And Emerald Studded 22KT Gold Necklace,https://www.bhimagold.com/products/ruby-and-emerald-studded-22kt-gold-necklace-ngo-chns-cod-s-l-p-23805069,462280.74,600702.0,0.769567506017959,
2394,Studded And Detailed 22KT Gold Locket For Women,https://www.bhimagold.com/products/studded-and-detailed-22kt-gold-locket-for-women-ngo-chlc-cod-s-l-na-2654917,71162.88,92572.0,0.7687300695674718,
2395,Studded And Detailed 22KT Gold Studs For Women,https://www.bhimagold.com/products/studded-and-detailed-22kt-gold-studs-for-women-ngo-stse-emd-s-l-p-24447667,47812.56,62202.0,0.7686659592939133,
2396,Studded & Detailed 18KT Rose Gold Bracelet For Women,https://www.bhimagold.com/products/studded-&-detailed-18kt-rose-gold-bracelet-for-women-ng18-bgbr18k-rg-s-80620,17554.46,22842.0,0.7685167673583749,
2397,Antique Finished And Studded 22KT Gold Drops,https://www.bhimagold.com/products/antique-finished-and-studded-22kt-gold-drops-ngo-stdr-osp-s-l-ox-25216285,504778.12,657763.0,0.7674164098619107,
2398,Fancy Finely Detailed And Crafted 18KT Rose Gold Necklace For Women,https://www.bhimagold.com/products/fancy-finely-detailed-and-crafted-18kt-rose-gold-necklace-for-women-ng18-chnc18k-p-p-80574,25419.77,33145.0,0.7669262332176799,
2399,Studded And Detailed 22KT Gold Studs For Women,https://www.bhimagold.com/products/studded-and-detailed-22kt-gold-studs-for-women-ngo-stse-emd-s-l-p-24448863,34052.55,44416.0,0.7666730457492796,
2400,Classic Antique Finished And Kundan Worked 22KT Gold Haaram,https://www.bhimagold.com/products/classic-antique-finished-and-kundan-worked-22kt-gold-haaram-ngo-chfc-ops-s-l-ox-2593391,2350320.9,3065975.0,0.7665818866755273,
2401,Beautifully Crafted 22KT Gold Necklace,https://www.bhimagold.com/products/beautifully-crafted-22kt-gold-necklace-ngo-chfs-cod-s-l-p-24427539,404043.93,527076.0,0.7665762243016188,
2402,Studded & Detailed 22KT Gold Pendant For Men,https://www.bhimagold.com/products/studded-&-detailed-22kt-gold-pendant-for-men-ngo-chlc-ox-s-79716,49341.45,64394.0,0.7662429729477901,
2403,Traditionally Crafted And Emerald Studded 22KT Gold Studs,https://www.bhimagold.com/products/traditionally-crafted-and-emerald-studded-22kt-gold-studs-ngo-stse-emd-s-l-p-24448810,31411.74,41030.0,0.7655798196441629,
2404,Ruby Studded And Detailed 22KT Gold Necklace,https://www.bhimagold.com/products/ruby-studded-and-detailed-22kt-gold-necklace-ngo-chns-rud-s-l-p-24793535,348030.96,455024.0,0.7648628643763846,
2405,Studded And Detailed 18KT Rose Gold Ring For Women,https://www.bhimagold.com/products/studded-and-detailed-18kt-rose-gold-ring-for-women-ng18-rgrg18k-rg-s-80585,21180.65,27704.0,0.7645340023101358,
2406,Antique Finished And Studded 22KT Gold Matty,https://www.bhimagold.com/products/antique-finished-and-studded-22kt-gold-matty-ngo-chmt-ops-s-l-ox-2524512,615447.72,805292.0,0.7642541090685118,
2407,Antique Finished And Detailed 22KT Gold Necklace,https://www.bhimagold.com/products/antique-finished-and-detailed-22kt-gold-necklace-ngo-chnc-btc-s-l-na-2654591,676047.36,885008.0,0.7638884168278705,
2408,Studded And Detailed 18KT Rose Gold Ring For Women,https://www.bhimagold.com/products/studded-and-detailed-18kt-rose-gold-ring-for-women-ng18-rgrg18k-rg-s-80652,20379.22,26686.0,0.763667091358765,
2409,Finely Detailed And Crafted 22KT Gold Locket,https://www.bhimagold.com/products/finely-detailed-and-crafted-22kt-gold-locket-ngo-chlc-cod-s-l-p-24769266,93262.29,122276.0,0.7627195034184958,
2410,Studded And Detailed 22KT Gold Bangles,https://www.bhimagold.com/products/studded-and-detailed-22kt-gold-bangles-ngo-bgsb-coc-s-l-p-25484255,272837.37,357886.0,0.7623583208060667,
2411,Studded And Detailed 22KT Gold Necklace For Women,https://www.bhimagold.com/products/studded-and-detailed-22kt-gold-necklace-for-women-ngo-chns-emd-s-l-p-24496210,587649.72,771117.0,0.7620759495640739,
2412,Classic Finely Detailed And Crafted 18KT Rose Gold Studs For Women,https://www.bhimagold.com/products/classic-finely-detailed-and-crafted-18kt-rose-gold-studs-for-women-ng18-stst18k-p-80670,27001.26,35459.0,0.7614783270819819,
2413,Finely Detailed And Crafted 18KT Gold Ring For Women,https://www.bhimagold.com/products/finely-detailed-and-crafted-18kt-gold-ring-for-women-ng18-rgrg18k-p-80678,15227.17,19997.0,0.7614727209081362,
2414,Finely Detailed And Crafted 18Kt Gold Locket For Women,https://www.bhimagold.com/products/finely-detailed-and-crafted-18kt-gold-locket-for-women-ng18-chlc18k-p-80660,19385.52,25458.0,0.7614706575536178,
2415,Classic Finely Detailed And Crafted 18KT Rose Gold Kada For Men,https://www.bhimagold.com/products/classic-finely-detailed-and-crafted-18kt-rose-gold-kada-for-men-ng18-kada18k-rg-p-80607,331861.64,435817.0,0.7614701583462784,
2416,Classic Finely Detailed And Crafted 18KT Rose Gold Kada For Men,https://www.bhimagold.com/products/classic-finely-detailed-and-crafted-18kt-rose-gold-kada-for-men-ng18-kada18k-rg-p-80643,294359.89,386568.0,0.76146988369446,
2417,Finely Detailed And Crafted 18Kt Gold Locket For Women,https://www.bhimagold.com/products/finely-detailed-and-crafted-18kt-gold-locket-for-women-ng18-chlc18k-p-80661,27116.65,35611.0,0.7614683665159642,
2418,Finely Detailed And Crafted 18Kt Gold Ring For Women,https://www.bhimagold.com/products/finely-detailed-and-crafted-18kt-gold-ring-for-women-ng18-rgrg18k-rg-p-80656,85619.38,112440.0,0.7614672714336536,
2419,Classic Finely Detailed And Crafted 18KT Rose Gold Ring For Women,https://www.bhimagold.com/products/classic-finely-detailed-and-crafted-18kt-rose-gold-ring-for-women-ng18-rgrg18k-p-80581,16962.33,22276.0,0.761462111689711,
2420,Classic Enamel Worked And Detailed 22KT Gold Locket For Women,https://www.bhimagold.com/products/classic-enamel-worked-and-detailed-22kt-gold-locket-for-women-ngo-chlc-cod-s-l-na-26104912,39890.13,52416.0,0.7610296474358974,
2421,Studded And Detailed 18KT Rose Gold Ring For Men,https://www.bhimagold.com/products/studded-and-detailed-18kt-rose-gold-ring-for-men-ng18-rgrg18k-rg-s-80658,58618.88,77033.0,0.7609580309737385,
2422,Classic Finely Detailed And Crafted 18Kt Gold Necklace For Women,https://www.bhimagold.com/products/classic-finely-detailed-and-crafted-18kt-gold-necklace-for-women-ng18-chnc18k-rg-s-80694,27602.11,36300.0,0.7603887052341598,
2423,Studded & Detailed 18KT Rose Gold Pendant For Women,https://www.bhimagold.com/products/studded-&-detailed-18kt-rose-gold-pendant-for-women-ng18-chlc18k-s-80655,46279.94,60906.0,0.7598584704298428,
2424,Charmingly Detailed And Studded 22KT Gold Studs,https://www.bhimagold.com/products/charmingly-detailed-and-studded-22kt-gold-studs-ngo-stse-emd-s-l-p-24448695,30021.84,39531.0,0.7594505577900887,
2425,Studded And Detailed 18KT Rose Gold Ring For Men,https://www.bhimagold.com/products/studded-and-detailed-18kt-rose-gold-ring-for-men-ng18-rgrg18k-rg-s-80671,53656.35,70670.0,0.7592521579170793,
2426,Emerald Studded And Detailed 22KT Gold Studs For Women,https://www.bhimagold.com/products/emerald-studded-and-detailed-22kt-gold-studs-for-women-ngo-stse-emd-s-l-p-24447986,47395.59,62438.0,0.7590824497901918,
2427,Classic Enamel Worked And Detailed 18Kt Gold Locket For Women,https://www.bhimagold.com/products/classic-enamel-worked-and-detailed-18kt-gold-locket-for-women-ng18-chlc18k-rg-s-80665,29886.01,39377.0,0.7589712268583183,
2428,Antique Finished And Studded 22KT Gold Drops,https://www.bhimagold.com/products/antique-finished-and-studded-22kt-gold-drops-ngo-stdr-btc-s-l-ox-25893513,282427.68,372131.0,0.758946929978959,
2429,Antique Finished And Studded 22KT Gold Padmanabha Swamy Haaram,https://www.bhimagold.com/products/antique-finished-and-studded-22kt-gold-padmanabha-swamy-haaram-ngo-chfc-okw-s-l-ox-26109713,1356403.41,1788019.0,0.7586068212921674,
2430,Studded And Detailed 18KT Rose Gold Bangles For Women,https://www.bhimagold.com/products/studded-and-detailed-18kt-rose-gold-bangles-for-women-ng18-bgbb18k-rg-s-80562,82619.24,108937.0,0.7584130277132655,
2431,Studded And Detailed 22KT Gold Necklace For Women,https://www.bhimagold.com/products/studded-and-detailed-22kt-gold-necklace-for-women-ngo-chns-cod-s-l-p-24496535,587788.71,775908.0,0.7575494904035014,
2432,Classic Finely Detailed And Crafted 18KT Rose Gold Necklace For Women,https://www.bhimagold.com/products/classic-finely-detailed-and-crafted-18kt-rose-gold-necklace-for-women-ng18-chnc18k-rg-s-80561,37847.92,49961.0,0.757549288444987,
2433,Studded & Detailed 18KT Rose Gold Pendant For Women,https://www.bhimagold.com/products/studded-&-detailed-18kt-rose-gold-pendant-for-women-ng18-chlc18k-s-80609,86657.89,114602.0,0.756163854033961,
2434,Studded And Detailed 18KT Rose Gold Necklace For Women,https://www.bhimagold.com/products/studded-and-detailed-18kt-rose-gold-necklace-for-women-ng18-chnc18k-rg-s-80570,46773.45,61922.0,0.7553607764607085,
2435,Studded And Detailed 22KT Gold Necklace For Women,https://www.bhimagold.com/products/studded-and-detailed-22kt-gold-necklace-for-women-ngo-chns-cbcr-s-l-na-26111427,548454.54,726128.0,0.755313856510147,
2436,Studded And Detailed 22KT Gold Studs For Women,https://www.bhimagold.com/products/studded-and-detailed-22kt-gold-studs-for-women-ngo-stse-cod-s-l-na-26123205,179436.09,237684.0,0.7549355026000909,
2437,Studded And Detailed 22KT Gold Necklace For Women,https://www.bhimagold.com/products/studded-and-detailed-22kt-gold-necklace-for-women-ngo-chns-rud-s-l-na-26109705,564438.39,748381.0,0.7542126136286197,
2438,Studded And Detailed 18KT Rose Gold Ring For Men,https://www.bhimagold.com/products/studded-and-detailed-18kt-rose-gold-ring-for-men-ng18-rgrg18k-rg-s-80597,57810.39,76692.0,0.7537994836488813,
2439,Studded And Detailed 22KT Gold Studs For Women,https://www.bhimagold.com/products/studded-and-detailed-22kt-gold-studs-for-women-ngo-stse-emd-s-l-p-24447717,48229.53,64005.0,0.7535275369111788,
2440,Studded And Detailed 22KT Gold Necklace For Women,https://www.bhimagold.com/products/studded-and-detailed-22kt-gold-necklace-for-women-ngo-chns-cod-s-l-p-26111251,445462.95,591993.0,0.7524800968930376,
2441,Blue Sapphire Studded & Detailed 22KT Gold Pendant For Women,https://www.bhimagold.com/products/blue-sapphire-studded-&-detailed-22kt-gold-pendant-for-women-ngo-chlc-p-s-74240,162479.31,216026.0,0.7521284937924139,
2442,Studded And Detailed 22KT Gold Bangles For Women,https://www.bhimagold.com/products/studded-and-detailed-22kt-gold-bangles-for-women-ngo-bgsb-p-s-63920,309113.76,411274.0,0.7516005388135404,
2443,Studded And Detailed 22KT Gold Studs For Women,https://www.bhimagold.com/products/studded-and-detailed-22kt-gold-studs-for-women-ngo-stse-cod-s-l-p-24418368,60321.66,80280.0,0.7513908819133035,
2444,Emerald Studded And Detailed 22KT Gold Studs For Women,https://www.bhimagold.com/products/emerald-studded-and-detailed-22kt-gold-studs-for-women-ngo-stse-emd-s-l-p-24447656,48229.53,64191.0,0.7513441136607936,
2445,Studded And Detailed 22KT Gold Necklace For Women,https://www.bhimagold.com/products/studded-and-detailed-22kt-gold-necklace-for-women-ngo-chns-cod-s-l-p-25866113,436011.63,580441.0,0.7511730391202551,
2446,Studded And Detailed 22KT Gold Necklace For Women,https://www.bhimagold.com/products/studded-and-detailed-22kt-gold-necklace-for-women-ngo-chns-rud-s-l-na-26121816,639492.99,852943.0,0.7497487991577397,
2447,Studded And Detailed 22KT Gold Necklace For Women,https://www.bhimagold.com/products/studded-and-detailed-22kt-gold-necklace-for-women-ngo-chns-rud-s-l-p-24583683,333020.04,444267.0,0.749594365550446,
2448,Studded And Detailed 22KT Gold Necklace For Women,https://www.bhimagold.com/products/studded-and-detailed-22kt-gold-necklace-for-women-ngo-chns-rud-s-l-p-24422826,328155.39,438057.0,0.749115731514392,
2449,Blue Sapphire Studded 22KT Gold Locket,https://www.bhimagold.com/products/blue-sapphire-studded-22kt-gold-locket-ngo-chlc-bsd-s-l-na-25894505,148580.31,198362.0,0.7490361561186114,
2450,Classic Finely Detailed And Crafted 22KT Gold Bangles For Women,https://www.bhimagold.com/products/classic-finely-detailed-and-crafted-22kt-gold-bangles-for-women-ngo-bgsb-cod-s-l-p-24489710,265053.93,354883.0,0.7468769425416264,
2451,Antique Finished And Studded 22KT Gold Necklace,https://www.bhimagold.com/products/antique-finished-and-studded-22kt-gold-necklace-ngo-chnc-btc-s-l-ox-24589469,791409.06,1059723.0,0.7468074770482476,
2452,Ruby Studded And Detailed 22KT Gold Necklace,https://www.bhimagold.com/products/ruby-studded-and-detailed-22kt-gold-necklace-ngo-chns-rud-s-l-p-24422841,318009.12,426280.0,0.7460099465140283,
2453,Studded And Detailed 22KT Gold Bangles For Women,https://www.bhimagold.com/products/studded-and-detailed-22kt-gold-bangles-for-women-ngo-bgsb-cod-s-l-p-24649975,317175.18,425898.0,0.744720989532705,
2454,Antique Finished And Studded 22KT Gold Haaram,https://www.bhimagold.com/products/antique-finished-and-studded-22kt-gold-haaram-ngo-chfc-osp-s-l-ox-2537440,806420.7,1082922.0,0.7446710843440247,
2455,Studded And Detailed 22KT Gold Studs For Women,https://www.bhimagold.com/products/studded-and-detailed-22kt-gold-studs-for-women-ngo-stse-emd-s-l-na-26101250,37805.28,50817.0,0.7439494657299722,
2456,Studded And Detailed 22KT Gold Studs For Women,https://www.bhimagold.com/products/studded-and-detailed-22kt-gold-studs-for-women-ngo-stse-rud-s-l-p-24448605,49619.43,66802.0,0.7427835992934343,
2457,Specially Crafted 22KT Gold Studs,https://www.bhimagold.com/products/specially-crafted-22kt-gold-studs-ngo-stst-p-s-57345,47678.94,64276.0,0.7417844918787728,
2458,Studded And Detailed 22KT Gold Necklace For Women,https://www.bhimagold.com/products/studded-and-detailed-22kt-gold-necklace-for-women-ngo-chns-cod-s-l-p-24649938,781957.74,1054959.0,0.7412209763602188,
2459,Antique Finished And Studded 22KT Gold Locket,https://www.bhimagold.com/products/antique-finished-and-studded-22kt-gold-locket-ngo-chlc-okw-s-l-ox-25908548,260745.24,351931.0,0.7408987557220023,
2460,Finely Detailed And Crafted 22KT Gold Ruby Necklace,https://www.bhimagold.com/products/finely-detailed-and-crafted-22kt-gold-ruby-necklace-ngo-chns-rud-s-l-na-25738531,347197.02,469103.0,0.7401296090624021,
2461,Specially Crafted And Detailed 22KT Gold Necklace,https://www.bhimagold.com/products/specially-crafted-and-detailed-22kt-gold-necklace-ngo-chfc-ox-s-57288,1249102.32,1688750.0,0.7396608852701703,
2462,Studded And Detailed 22KT Gold Necklace For Women,https://www.bhimagold.com/products/studded-and-detailed-22kt-gold-necklace-for-women-ngo-chns-cod-s-l-p-24422990,409603.53,555018.0,0.7380004432288683,
2463,Studded And Detailed 22KT Gold Locket For Women,https://www.bhimagold.com/products/studded-and-detailed-22kt-gold-locket-for-women-ngo-chlc-cod-s-l-na-26121823,79224.3,107364.0,0.7379037666256846,
2464,Fancy Finely Detailed And Crafted 18KT Rose Gold Necklace For Women,https://www.bhimagold.com/products/fancy-finely-detailed-and-crafted-18kt-rose-gold-necklace-for-women-ng18-chnc18k-rg-s-80582,23139.97,31382.0,0.7373644127206679,
2465,Classic Finely Detailed And Crafted 18KT Yellow Gold Studs For Women,https://www.bhimagold.com/products/classic-finely-detailed-and-crafted-18kt-yellow-gold-studs-for-women-ng18-stet18k-p-p-80569,20176.23,27396.0,0.7364662724485326,
2466,Studded And Detailed 22KT Gold Locket For Women,https://www.bhimagold.com/products/studded-and-detailed-22kt-gold-locket-for-women-ngo-chlc-emd-s-l-p-25855217,167760.93,228082.0,0.7355290202646416,
2467,Traditionally Crafted And Detailed 18Kt Gold Kada For Men,https://www.bhimagold.com/products/traditionally-crafted-and-detailed-18kt-gold-kada-for-men-ng18-kada18k-rg-p-80685,290321.24,394721.0,0.7355099931343911,
2468,Traditionally Crafted And Detailed 18Kt Gold Kada For Men,https://www.bhimagold.com/products/traditionally-crafted-and-detailed-18kt-gold-kada-for-men-ng18-kada18k-rg-s-80605,303014.14,412184.0,0.735142897346816,
2469,Ruby And Emerald Studded 22KT Gold Studs,https://www.bhimagold.com/products/ruby-and-emerald-studded-22kt-gold-studs-ngo-stse-cod-s-l-p-24418248,203064.39,277039.0,0.7329812409083198,
2470,Charmingly Detailed And Diamond Studded 18KT Rose Gold Ring For Men,https://www.bhimagold.com/products/charmingly-detailed-and-diamond-studded-18kt-rose-gold-ring-for-men-ngd-rggr18k-s-80472,103844.89,141738.0,0.7326538401840015,
2471,Studded And Detailed 22KT Gold Choker For Women,https://www.bhimagold.com/products/studded-and-detailed-22kt-gold-choker-for-women-ngo-chns-rch-s-l-na-26111583,599463.87,819624.0,0.7313888685543615,
2472,Studded And Detailed 22KT Gold Bangles For Women,https://www.bhimagold.com/products/studded-and-detailed-22kt-gold-bangles-for-women-ngo-bgsb-p-s-63923,227387.64,311057.0,0.7310159874235269,
2473,Emerald Studded And Detailed 22KT Gold Studs For Women,https://www.bhimagold.com/products/emerald-studded-and-detailed-22kt-gold-studs-for-women-ngo-stse-emd-s-l-p-24448869,37249.32,51070.0,0.7293777168592128,
2474,Emerald Studded And Detailed 22KT Gold Studs For Women,https://www.bhimagold.com/products/emerald-studded-and-detailed-22kt-gold-studs-for-women-ngo-stse-emd-s-l-p-24448351,36971.34,50734.0,0.7287290574368273,
2475,Studded And Detailed 22KT Gold Studs For Women,https://www.bhimagold.com/products/studded-and-detailed-22kt-gold-studs-for-women-ngo-stse-rud-s-l-p-24448430,46005.69,63164.0,0.7283530175416377,
2476,Studded And Detailed 18KT Rose Gold Chain For Men,https://www.bhimagold.com/products/studded-and-detailed-18kt-rose-gold-chain-for-men-ng18-chpl18k-s-79195,497530.92,683113.0,0.728328870918867,
2477,Studded And Detailed 22KT Gold Studs For Women,https://www.bhimagold.com/products/studded-and-detailed-22kt-gold-studs-for-women-ngo-stse-rud-s-l-p-24448610,49202.46,67594.0,0.7279116489629257,
2478,Studded And Detailed 22KT Gold Necklace For Women,https://www.bhimagold.com/products/studded-and-detailed-22kt-gold-necklace-for-women-ngo-chns-rud-s-l-p-24421926,477152.67,658765.0,0.7243139359255576,
2479,Traditionally Crafted 22KT Gold Studs,https://www.bhimagold.com/products/traditionally-crafted-22kt-gold-studs-ngo-stse-cod-s-l-p-24649949,465338.52,642517.0,0.7242431250846282,
2480,Traditionally Crafted And Pearl Studded 22KT Gold Ring,https://www.bhimagold.com/products/traditionally-crafted-and-pearl-studded-22kt-gold-ring-ngo-bsrg-brs-s-l-p-24339105,56568.93,78156.0,0.7237951021034853,
2481,Studded And Detailed 22KT Gold Bangles For Women,https://www.bhimagold.com/products/studded-and-detailed-22kt-gold-bangles-for-women-ngo-bgsb-cod-s-l-na-26123063,238367.85,329890.0,0.7225676740731759,
2482,Traditionally Crafted And Emerald Studded 22KT Gold Studs,https://www.bhimagold.com/products/traditionally-crafted-and-emerald-studded-22kt-gold-studs-ngo-stse-emd-s-l-p-24448167,35164.47,48729.0,0.721633318968171,
2483,Emerald Studded And Detailed 22KT Gold Studs For Women,https://www.bhimagold.com/products/emerald-studded-and-detailed-22kt-gold-studs-for-women-ngo-stse-emd-s-l-p-24448207,35025.48,48746.0,0.7185303409510525,
2484,Antique Finished And Detailed 22KT Gold Necklace,https://www.bhimagold.com/products/antique-finished-and-detailed-22kt-gold-necklace-ngo-chfc-ops-s-l-ox-2412030,574584.66,801696.0,0.716711396838702,
2485,Ruby Studded And Detailed 22KT Gold Necklace,https://www.bhimagold.com/products/ruby-studded-and-detailed-22kt-gold-necklace-ngo-chns-rud-s-l-p-24422861,398067.36,555584.0,0.7164845639903237,
2486,Ruby And Emerald Studded 22KT Gold Choker,https://www.bhimagold.com/products/ruby-and-emerald-studded-22kt-gold-choker-ngo-chns-coc-s-l-p-25859448,681606.96,951457.0,0.7163823062944515,
2487,Studded And Detailed 22KT Gold Necklace For Women,https://www.bhimagold.com/products/studded-and-detailed-22kt-gold-necklace-for-women-ngo-chns-cod-s-l-p-26124260,311615.58,435778.0,0.7150787327492439,
2488,Studded And Detailed 22KT Gold Necklace For Women,https://www.bhimagold.com/products/studded-and-detailed-22kt-gold-necklace-for-women-ngo-chns-cod-s-l-p-24649947,820874.94,1149176.0,0.7143161186798193,
2489,Charmingly Detailed And Ruby Studded 22KT Gold Necklace,https://www.bhimagold.com/products/charmingly-detailed-and-ruby-studded-22kt-gold-necklace-ngo-chns-rud-s-l-p-24422805,363458.85,509262.0,0.7136971735570296,
2490,Classic Finely Detailed And Crafted 18Kt Gold Bracelet For Women,https://www.bhimagold.com/products/classic-finely-detailed-and-crafted-18kt-gold-bracelet-for-women-ng18-bgbr18k-rg-s-80646,15227.17,21357.0,0.7129826286463454,
2491,Studded & Detailed 22KT Gold Pendant For Women,https://www.bhimagold.com/products/studded-&-detailed-22kt-gold-pendant-for-women-ngo-chlc-s-66742,73247.73,102979.0,0.7112880295982675,
2492,Studded & Detailed 22KT Gold Pendant For Women,https://www.bhimagold.com/products/studded-&-detailed-22kt-gold-pendant-for-women-ngo-chlc-p-s-74953,194724.99,275266.0,0.7074066175989769,
2493,One Of Its Kind Emerald Studded And Detailed 22KT Gold Studs,https://www.bhimagold.com/products/one-of-its-kind-emerald-studded-and-detailed-22kt-gold-studs-ngo-stse-cod-s-l-na-24612875,106744.32,151146.0,0.7062331785161368,
2494,Antique Finished And Studded 22KT Gold Haaram,https://www.bhimagold.com/products/antique-finished-and-studded-22kt-gold-haaram-ngo-chfc-oxp-s-l-na-25734323,190972.26,270924.0,0.7048923683394606,
2495,Studded And Detailed 22KT Gold Necklace For Women,https://www.bhimagold.com/products/studded-and-detailed-22kt-gold-necklace-for-women-ngo-chns-cod-s-l-na-26122111,460334.88,654691.0,0.70313305055362,
2496,Glamorously Detailed Ruby Studded 22KT Gold Bangles,https://www.bhimagold.com/products/glamorously-detailed-ruby-studded-22kt-gold-bangles-ngo-bgsb-rud-s-l-p-24405719,310086.69,441661.0,0.7020920796719656,
2497,Studded & Detailed 22KT Gold Pendant For Women,https://www.bhimagold.com/products/studded-&-detailed-22kt-gold-pendant-for-women-ngo-chlc-p-s-74323,79363.29,113088.0,0.7017834783531408,
2498,Studded And Detailed 22KT Gold Locket For Women,https://www.bhimagold.com/products/studded-and-detailed-22kt-gold-locket-for-women-ngo-chlc-cod-s-l-na-26109797,104103.51,148733.0,0.6999355220428553,
2499,Studded And Detailed 22KT Gold Locket For Women,https://www.bhimagold.com/products/studded-and-detailed-22kt-gold-locket-for-women-ngo-chlc-cod-s-l-p-24411504,105076.44,150383.0,0.6987255208367967,
2500,Ruby Studded And Detailed 22KT Gold Haaram,https://www.bhimagold.com/products/ruby-studded-and-detailed-22kt-gold-haaram-ngo-chfs-rud-s-l-na-25856158,664650.18,952603.0,0.6977200155783679,
2501,Ruby And Emerald Studded 22KT Gold Necklace,https://www.bhimagold.com/products/ruby-and-emerald-studded-22kt-gold-necklace-ngo-chns-cod-s-l-p-26123443,289933.14,415668.0,0.6975113311585208,
2502,Studded And Detailed 22KT Gold Studs For Women,https://www.bhimagold.com/products/studded-and-detailed-22kt-gold-studs-for-women-ngo-stse-emd-s-l-p-24448833,34886.49,50061.0,0.6968796068796068,
2503,Studded And Detailed 22KT Gold Studs For Women,https://www.bhimagold.com/products/studded-and-detailed-22kt-gold-studs-for-women-ngo-stse-und-s-l-na-25856594,260328.27,374095.0,0.6958881300204494,
2504,Specially Crafted 22KT Gold Necklace,https://www.bhimagold.com/products/specially-crafted-22kt-gold-necklace-ngo-chns-cod-s-l-p-24418505,409047.57,592585.0,0.6902766185441751,
2505,Glamorously Detailed And Diamond Studded 18KT Rose Gold Kada For Women,https://www.bhimagold.com/products/glamorously-detailed-and-diamond-studded-18kt-rose-gold-kada-for-women-ngd-bgdk18k-s-77937,115471.87,167360.0,0.6899609823135755,
2506,Studded And Detailed 22KT Gold Necklace For Women,https://www.bhimagold.com/products/studded-and-detailed-22kt-gold-necklace-for-women-ngo-chns-bsd-s-l-p-2589479,269084.64,391489.0,0.6873364002564568,
2507,Studded And Detailed 22KT Gold Locket For Women,https://www.bhimagold.com/products/studded-and-detailed-22kt-gold-locket-for-women-ngo-chlc-cod-s-l-na-26109754,101323.71,147648.0,0.6862518286736021,
2508,Studded And Detailed 18KT Rose Gold Necklace For Women,https://www.bhimagold.com/products/studded-and-detailed-18kt-rose-gold-necklace-for-women-ng18-chnc18k-rg-s-80564,453151.42,661509.0,0.6850268401488112,
2509,Glamorously Detailed And Diamond Studded 18KT Rose Gold Kada For Women,https://www.bhimagold.com/products/glamorously-detailed-and-diamond-studded-18kt-rose-gold-kada-for-women-ngd-bgdk18k-s-81911,115585.86,169146.0,0.6833496505977085,
2510,Ruby Studded And Detailed 22KT Gold Haaram,https://www.bhimagold.com/products/ruby-studded-and-detailed-22kt-gold-haaram-ngo-chfs-rud-s-l-p-24422104,595433.16,873679.0,0.6815239464379939,
2511,Antique Finished And Studded 22KT Gold Drops,https://www.bhimagold.com/products/antique-finished-and-studded-22kt-gold-drops-ngo-stdr-ops-s-l-ox-25161656,149970.21,220385.0,0.6804919118814801,
2512,Studded And Detailed 22KT Gold Studs For Women,https://www.bhimagold.com/products/studded-and-detailed-22kt-gold-studs-for-women-ngo-stse-rud-s-l-p-24418530,142464.75,210213.0,0.6777161735953533,
2513,Studded And Detailed 22KT Gold Necklace For Women,https://www.bhimagold.com/products/studded-and-detailed-22kt-gold-necklace-for-women-ngo-chns-cod-s-l-na-26122086,269501.61,399374.0,0.674810102810899,
2514,Studded And Detailed 22KT Gold Necklace For Women,https://www.bhimagold.com/products/studded-and-detailed-22kt-gold-necklace-for-women-ngo-chns-bsd-s-l-p-24418478,400569.18,594734.0,0.6735266186227793,
2515,Specially Crafted And Detailed 22KT Gold Necklace,https://www.bhimagold.com/products/specially-crafted-and-detailed-22kt-gold-necklace-ngo-chns-cod-s-l-p-24496555,431563.95,641629.0,0.6726066776906904,
2516,Studded And Detailed 22KT Gold Necklace For Women,https://www.bhimagold.com/products/studded-and-detailed-22kt-gold-necklace-for-women-ngo-chns-cod-s-l-p-26111359,369713.4,550221.0,0.6719361856417695,
2517,Studded And Detailed 22KT Gold Locket For Women,https://www.bhimagold.com/products/studded-and-detailed-22kt-gold-locket-for-women-ngo-chlc-rud-s-l-na-26105674,71023.89,105758.0,0.6715699048771724,
2518,Glamorously Detailed And Diamond Studded 18KT White Gold Ring For Women,https://www.bhimagold.com/products/glamorously-detailed-and-diamond-studded-18kt-white-gold-ring-for-women-ngd-rgdr18k-s-78086,123907.13,184855.0,0.6702936355521896,
2519,Studded And Detailed 22KT Gold Locket For Women,https://www.bhimagold.com/products/studded-and-detailed-22kt-gold-locket-for-women-ngo-chlc-rud-s-l-na-26111818,107578.26,160612.0,0.6698021318456902,
2520,Studded And Detailed 22KT Gold Choker For Women,https://www.bhimagold.com/products/studded-and-detailed-22kt-gold-choker-for-women-ngo-chns-cbcr-s-l-na-26111105,330796.2,499983.0,0.6616148949064269,
2521,Glamorously Detailed And Ruby Studded 22KT Gold Necklace,https://www.bhimagold.com/products/glamorously-detailed-and-ruby-studded-22kt-gold-necklace-ngo-chns-cod-s-l-p-25819615,440320.32,666675.0,0.6604722240971987,
2522,Studded And Detailed 22KT Gold Necklace For Women,https://www.bhimagold.com/products/studded-and-detailed-22kt-gold-necklace-for-women-ngo-chns-cod-s-l-p-26122056,300635.37,460885.0,0.6523001833429163,
2523,Traditionally Crafted And Diamond Studded 22KT Gold Close Setting Bangles For Women,https://www.bhimagold.com/products/traditionally-crafted-and-diamond-studded-22kt-gold-close-setting-bangles-for-women-ngd-bgdb-s-81808,257548.47,395095.0,0.6518646654602058,
2524,Ruby And Emerald Studded 22KT Gold Studs,https://www.bhimagold.com/products/ruby-and-emerald-studded-22kt-gold-studs-ngo-stse-cod-s-l-p-24418322,132179.49,203471.0,0.6496232386924917,
2525,Studded And Detailed 22KT Gold Locket For Women,https://www.bhimagold.com/products/studded-and-detailed-22kt-gold-locket-for-women-ngo-chlc-rud-s-l-na-2699575,107022.3,165178.0,0.6479210306457277,
2526,Studded And Detailed 22KT Gold Necklace For Women,https://www.bhimagold.com/products/studded-and-detailed-22kt-gold-necklace-for-women-ngo-chns-bsd-s-l-p-24496455,226553.7,351093.0,0.6452811648195778,
2527,Studded And Detailed 22KT Gold Necklace For Women,https://www.bhimagold.com/products/studded-and-detailed-22kt-gold-necklace-for-women-ngo-chns-bsd-s-l-p-24496478,231696.33,361509.0,0.6409144170684546,
2528,Glamorously Detailed And Diamond Studded 18KT Rose Gold Necklace For Women,https://www.bhimagold.com/products/glamorously-detailed-and-diamond-studded-18kt-rose-gold-necklace-for-women-ngd-chdn18k-s-80196,165057.52,257684.0,0.6405423697241582,
2529,Traditionally Crafted And Diamond Studded 22KT Gold Close Setting Bangles For Women,https://www.bhimagold.com/products/traditionally-crafted-and-diamond-studded-22kt-gold-close-setting-bangles-for-women-ngd-bgdb-s-78099,265748.88,416899.0,0.6374418744108286,
2530,Traditionally Crafted And Diamond Studded 18KT Yellow Gold Ring For Women,https://www.bhimagold.com/products/traditionally-crafted-and-diamond-studded-18kt-yellow-gold-ring-for-women-ngd-rgdr18k-s-78062,46051.96,72302.0,0.6369389505131254,
2531,Traditionally Crafted And Diamond Studded 22KT Gold Close Setting Studs For Women,https://www.bhimagold.com/products/traditionally-crafted-and-diamond-studded-22kt-gold-close-setting-studs-for-women-ngd-stdm-s-80218,202369.44,318786.0,0.6348128211402007,
2532,Divinely Detailed And Diamond Studded 18KT Rose Gold Sri Krishna Locket For Women,https://www.bhimagold.com/products/divinely-detailed-and-diamond-studded-18kt-rose-gold-sri-krishna-locket-for-women-ngd-chld18k-s-80195,141347.6,222957.0,0.6339679848580668,
2533,Traditionally Crafted And Diamond Studded 22KT Gold Close Setting Studs For Women,https://www.bhimagold.com/products/traditionally-crafted-and-diamond-studded-22kt-gold-close-setting-studs-for-women-ngd-stdm-na-s-80541,149553.24,236536.0,0.6322641796597558,
2534,Studded And Detailed 22KT Gold Bangles For Women,https://www.bhimagold.com/products/studded-and-detailed-22kt-gold-bangles-for-women-ngo-bgsb-cod-s-l-na-25894466,259355.34,412255.0,0.6291138736946793,
2535,Glamorously Detailed And Diamond Studded 18KT Rose Gold Necklace For Women,https://www.bhimagold.com/products/glamorously-detailed-and-diamond-studded-18kt-rose-gold-necklace-for-women-ngd-chdn18k-s-80501,196404.77,313146.0,0.6271987188084791,
2536,Glamorously Detailed And Diamond Studded 18KT Rose Gold Necklace For Women,https://www.bhimagold.com/products/glamorously-detailed-and-diamond-studded-18kt-rose-gold-necklace-for-women-ngd-chdn18k-na-s-77869,209627.61,334243.0,0.6271712795780315,
2537,Traditionally Crafted And Diamond Studded 22KT Gold Close Setting Bangles For Women,https://www.bhimagold.com/products/traditionally-crafted-and-diamond-studded-22kt-gold-close-setting-bangles-for-women-ngd-bgdb-s-77855,281454.75,449649.0,0.6259432357238646,
2538,Studded And Detailed 22KT Gold Locket For Women,https://www.bhimagold.com/products/studded-and-detailed-22kt-gold-locket-for-women-ngo-chlc-cod-s-l-p-24399759,103825.53,166034.0,0.625326920992086,
2539,Studded And Detailed 22KT Gold Necklace For Women,https://www.bhimagold.com/products/studded-and-detailed-22kt-gold-necklace-for-women-ngo-chns-bsd-s-l-p-24531135,272281.41,435871.0,0.6246834728623836,
2540,Divinely Detailed And Diamond Studded 18KT Rose Gold Sri Krishna Locket For Women,https://www.bhimagold.com/products/divinely-detailed-and-diamond-studded-18kt-rose-gold-sri-krishna-locket-for-women-ngd-chld18k-s-77722,140321.69,224681.0,0.6245374108180042,
2541,Diamond Studded & Detailed 18KT Rose Gold Bracelet For Women,https://www.bhimagold.com/products/diamond-studded-&-detailed-18kt-rose-gold-bracelet-for-women-ngd-bgdk18k-s-81770,56197.07,90195.0,0.6230619213925384,
2542,Traditionally Crafted And Diamond Studded 22KT Gold Close Setting Bangles For Women,https://www.bhimagold.com/products/traditionally-crafted-and-diamond-studded-22kt-gold-close-setting-bangles-for-women-ngd-bgdb-s-78070,251849.88,405540.0,0.621023524189969,
2543,Divinely Detailed And Diamond Studded 18KT Rose Gold Sri Krishna Locket For Women,https://www.bhimagold.com/products/divinely-detailed-and-diamond-studded-18kt-rose-gold-sri-krishna-locket-for-women-ngd-chld18k-s-77728,137129.97,220837.0,0.6209555916807419,
2544,Divinely Detailed And Diamond Studded 18KT Rose Gold Sri Krishna Locket For Women,https://www.bhimagold.com/products/divinely-detailed-and-diamond-studded-18kt-rose-gold-sri-krishna-locket-for-women-ngd-chld18k-s-77748,314726.39,507902.0,0.6196596784419042,
2545,Traditionally Crafted And Detailed 22KT Gold Cats Eye Stone Ring,https://www.bhimagold.com/products/traditionally-crafted-and-detailed-22kt-gold-cats-eye-stone-ring-ngo-bsrg-brs-s-g-p-24372757,136488.18,221169.0,0.6171216580985581,
2546,Traditionally Crafted And Diamond Studded 22KT Gold Ring For Men,https://www.bhimagold.com/products/traditionally-crafted-and-diamond-studded-22kt-gold-ring-for-men-ngd-rggr-s-81842,116056.65,188419.0,0.6159498245930611,
2547,Ruby Studded And Detailed 22KT Gold Necklace,https://www.bhimagold.com/products/ruby-studded-and-detailed-22kt-gold-necklace-ngo-chns-rud-s-l-p-24793556,309669.72,504228.0,0.6141462195673385,
2548,Divinely Detailed And Diamond Studded 18KT Rose Gold Sri Krishna Locket For Women,https://www.bhimagold.com/products/divinely-detailed-and-diamond-studded-18kt-rose-gold-sri-krishna-locket-for-women-ngd-chld18k-s-77859,307089.06,502674.0,0.6109109681423746,
2549,Traditionally Crafted And Diamond Studded 22KT Gold Close Setting Bangles For Women,https://www.bhimagold.com/products/traditionally-crafted-and-diamond-studded-22kt-gold-close-setting-bangles-for-women-ngd-bgdb-s-77797,326626.5,534894.0,0.6106378086125476,
2550,Glamorously Detailed And Diamond Studded 18KT Rose Gold Bangles For Women,https://www.bhimagold.com/products/glamorously-detailed-and-diamond-studded-18kt-rose-gold-bangles-for-women-ngd-bgdb18k-na-s-77990,233337.53,382713.0,0.6096932427171274,
2551,Traditionally Crafted And Ruby Studded 22KT Gold Necklace,https://www.bhimagold.com/products/traditionally-crafted-and-ruby-studded-22kt-gold-necklace-ngo-chfs-rud-s-l-na-25856239,653391.99,1072137.0,0.6094295691688656,
2552,Glamorously Detailed And Diamond Studded 18KT Rose Gold Necklace For Women,https://www.bhimagold.com/products/glamorously-detailed-and-diamond-studded-18kt-rose-gold-necklace-for-women-ngd-chdn18k-s-79536,167793.28,275539.0,0.6089638127452012,
2553,Glamorously Detailed And Diamond Studded 18KT Rose Gold Ring For Men,https://www.bhimagold.com/products/glamorously-detailed-and-diamond-studded-18kt-rose-gold-ring-for-men-ngd-rggr18k-s-80500,44456.1,73064.0,0.6084542319062739,
2554,Traditionally Crafted And Diamond Studded 22KT Gold Necklace For Women,https://www.bhimagold.com/products/traditionally-crafted-and-diamond-studded-22kt-gold-necklace-for-women-ngd-chdn-s-80281,487576.92,801665.0,0.6082053226721885,
2555,Glamorously Detailed And Diamond Studded 18KT Rose Gold Kada For Women,https://www.bhimagold.com/products/glamorously-detailed-and-diamond-studded-18kt-rose-gold-kada-for-women-ngd-bgdk18k-s-81925,117181.72,192783.0,0.6078426002292734,
2556,Glamorously Detailed And Diamond Studded 18KT Rose Gold Necklace For Women,https://www.bhimagold.com/products/glamorously-detailed-and-diamond-studded-18kt-rose-gold-necklace-for-women-ngd-chdn18k-na-s-78049,209513.62,345253.0,0.6068408384575948,
2557,Traditionally Crafted And Diamond Studded 22KT Gold Tanmaniya For Women,https://www.bhimagold.com/products/traditionally-crafted-and-diamond-studded-22kt-gold-tanmaniya-for-women-ngd-chtm-na-s-81417,179019.12,295438.0,0.6059448006011413,
2558,Glamorously Detailed And Diamond Studded 18KT Rose Gold Kada For Women,https://www.bhimagold.com/products/glamorously-detailed-and-diamond-studded-18kt-rose-gold-kada-for-women-ngd-bgdk18k-s-80499,116383.79,192402.0,0.6048990654982797,
2559,Glamorously Detailed And Diamond Studded 18KT Rose Gold Locket For Women,https://www.bhimagold.com/products/glamorously-detailed-and-diamond-studded-18kt-rose-gold-locket-for-women-ngd-chld18k-s-78038,70445.82,116505.0,0.6046591991760011,
2560,Traditionally Crafted And Diamond Studded 22KT Gold Close Setting Locket For Women,https://www.bhimagold.com/products/traditionally-crafted-and-diamond-studded-22kt-gold-close-setting-locket-for-women-ngd-chld-s-78035,643662.69,1067816.0,0.6027842718221116,
2561,Traditionally Crafted And Diamond Studded 22KT Gold Ring For Men,https://www.bhimagold.com/products/traditionally-crafted-and-diamond-studded-22kt-gold-ring-for-men-ngd-rggr-s-79495,84505.92,140270.0,0.6024518428744564,
2562,Traditionally Crafted And Diamond Studded 22KT Gold Kada For Women,https://www.bhimagold.com/products/traditionally-crafted-and-diamond-studded-22kt-gold-kada-for-women-ngd-bgdk-s-77975,195141.96,323979.0,0.6023290398451752,
2563,Glamorously Detailed And Diamond Studded 18KT Rose Gold Necklace For Women,https://www.bhimagold.com/products/glamorously-detailed-and-diamond-studded-18kt-rose-gold-necklace-for-women-ngd-chdn18k-s-80383,341742.02,567596.0,0.6020867307028239,
2564,Traditionally Crafted And Diamond Studded 22KT Gold Ring For Men,https://www.bhimagold.com/products/traditionally-crafted-and-diamond-studded-22kt-gold-ring-for-men-ngd-rggr-s-80255,83810.97,139554.0,0.600563007867922,
2565,Traditionally Crafted And Diamond Studded 22KT Gold Ring For Men,https://www.bhimagold.com/products/traditionally-crafted-and-diamond-studded-22kt-gold-ring-for-men-ngd-rggr-s-80233,163313.25,272132.0,0.600125123102024,
2566,Studded And Detailed 22KT Gold Necklace For Women,https://www.bhimagold.com/products/studded-and-detailed-22kt-gold-necklace-for-women-ngo-chns-cod-s-l-p-26121808,261023.22,439159.0,0.5943706493547894,
2567,Traditionally Crafted And Diamond Studded 22KT Gold Close Setting Bangles For Women,https://www.bhimagold.com/products/traditionally-crafted-and-diamond-studded-22kt-gold-close-setting-bangles-for-women-ngd-bgdb-s-77883,301608.3,509299.0,0.5922028121005539,
2568,Traditionally Crafted And Diamond Studded 22KT Gold Close Setting Necklace For Women,https://www.bhimagold.com/products/traditionally-crafted-and-diamond-studded-22kt-gold-close-setting-necklace-for-women-ngd-chdn-s-80211,632821.47,1068930.0,0.5920139485279672,
2569,Traditionally Crafted And White Coral Studded 22KT Gold Ring,https://www.bhimagold.com/products/traditionally-crafted-and-white-coral-studded-22kt-gold-ring-ngo-bsrg-brs-s-g-p-24339187,90065.52,152199.0,0.5917615753060138,
2570,Studded And Detailed 22KT Gold Necklace For Women,https://www.bhimagold.com/products/studded-and-detailed-22kt-gold-necklace-for-women-ngo-chns-cod-s-l-p-24418459,197921.76,334479.0,0.5917314988384921,
2571,Studded And Detailed 22KT Gold Necklace For Women,https://www.bhimagold.com/products/studded-and-detailed-22kt-gold-necklace-for-women-ngo-chns-rud-s-l-p-24411346,140796.87,238002.0,0.5915785161469231,
2572,Antique Finished And Studded 22KT Gold Drops,https://www.bhimagold.com/products/antique-finished-and-studded-22kt-gold-drops-ngo-stdr-okw-s-l-na-2649821,506757.54,858641.0,0.5901855839634957,
2573,Glamorously Detailed And Diamond Studded 18KT Rose Gold Kada For Women,https://www.bhimagold.com/products/glamorously-detailed-and-diamond-studded-18kt-rose-gold-kada-for-women-ngd-bgdk18k-s-81853,118093.64,200281.0,0.5896397561426197,
2574,Studded And Detailed 22KT Gold Necklace For Women,https://www.bhimagold.com/products/studded-and-detailed-22kt-gold-necklace-for-women-ngo-chns-rud-s-l-p-24871891,222384.0,377182.0,0.5895933528111098,
2575,Studded And Detailed 22KT Gold Necklace For Women,https://www.bhimagold.com/products/studded-and-detailed-22kt-gold-necklace-for-women-ngo-chns-cod-s-l-p-24411321,135654.24,230181.0,0.5893372606774668,
2576,Glamorously Detailed And Diamond Studded 18KT Rose Gold Studs For Women,https://www.bhimagold.com/products/glamorously-detailed-and-diamond-studded-18kt-rose-gold-studs-for-women-ngd-stmn18k-s-80268,59844.75,101807.0,0.5878254933354288,
2577,Divinely Detailed And Diamond Studded 18KT Rose Gold Sri Krishna Locket For Women,https://www.bhimagold.com/products/divinely-detailed-and-diamond-studded-18kt-rose-gold-sri-krishna-locket-for-women-ngd-chld18k-s-78094,102363.02,174367.0,0.5870550046740496,
2578,Diamond Studded & Detailed 22KT Gold Pendant For Women,https://www.bhimagold.com/products/diamond-studded-&-detailed-22kt-gold-pendant-for-women-ngd-chld-s-81907,203898.33,347645.0,0.5865130521077535,
2579,Glamorously Detailed And Diamond Studded 18KT Rose Gold Kada For Women,https://www.bhimagold.com/products/glamorously-detailed-and-diamond-studded-18kt-rose-gold-kada-for-women-ngd-bgdk18k-s-79549,113648.03,193813.0,0.58637980940391,
2580,Charmingly Detailed And Diamond Studded 18KT Rose Gold Kada For Women,https://www.bhimagold.com/products/charmingly-detailed-and-diamond-studded-18kt-rose-gold-kada-for-women-ngd-bgdk18k-s-79448,99285.29,169587.0,0.5854534250856492,
2581,Glamorously Detailed And Diamond Studded 18KT Rose Gold Necklace For Women,https://www.bhimagold.com/products/glamorously-detailed-and-diamond-studded-18kt-rose-gold-necklace-for-women-ngd-chdn18k-s-77894,151150.74,258240.0,0.5853111059479553,
2582,Studded And Detailed 22KT Gold Ring For Women,https://www.bhimagold.com/products/studded-and-detailed-22kt-gold-ring-ngo-bsrg-s-61229,120087.36,205614.0,0.5840427208264029,
2583,Classic Matte Finished And Ruby Studded 22KT Gold Necklace,https://www.bhimagold.com/products/classic-matte-finished-and-ruby-studded-22kt-gold-necklace-ngo-chfs-cod-s-l-p-24665959,576530.52,988513.0,0.5832300839746164,
2584,Traditionally Crafted Blue Sapphire Studded 22KT Gold Pendant For Women,https://www.bhimagold.com/products/traditionally-crafted-blue-sapphire-studded-22kt-gold-pendant-for-women-ngo-chlc-s-67017,44198.82,75807.0,0.5830440460643476,
2585,Glamorously Detailed And Diamond Studded 18KT Rose Gold Tanmaniya For Women,https://www.bhimagold.com/products/glamorously-detailed-and-diamond-studded-18kt-rose-gold-tanmaniya-for-women-ngd-chtm18k-s-79563,62808.49,107918.0,0.5820019829870827,
2586,Traditionally Crafted And Diamond Studded 22KT Gold Ring For Men,https://www.bhimagold.com/products/traditionally-crafted-and-diamond-studded-22kt-gold-ring-for-men-ngd-rggr-na-s-81802,157475.67,271084.0,0.5809109722447655,
2587,Glamorously Detailed And Diamond Studded 18KT Rose Gold Necklace For Women,https://www.bhimagold.com/products/glamorously-detailed-and-diamond-studded-18kt-rose-gold-necklace-for-women-ngd-chdn18k-s-79587,189451.38,326699.0,0.579895806231424,
2588,Glamorously Detailed And Diamond Studded 18KT Rose Gold Necklace For Women,https://www.bhimagold.com/products/glamorously-detailed-and-diamond-studded-18kt-rose-gold-necklace-for-women-ngd-chdn18k-s-80299,194466.94,335912.0,0.5789222772630928,
2589,Glamorously Detailed And Diamond Studded 18KT Rose Gold Studs For Women,https://www.bhimagold.com/products/glamorously-detailed-and-diamond-studded-18kt-rose-gold-studs-for-women-ngd-stmn18k-s-78043,45254.03,78222.0,0.5785332770831735,
2590,Glamorously Detailed And Diamond Studded 18KT Rose Gold Necklace For Women,https://www.bhimagold.com/products/glamorously-detailed-and-diamond-studded-18kt-rose-gold-necklace-for-women-ngd-chdn-na-s-76373,584313.96,1010070.0,0.578488579999406,
2591,Glamorously Detailed And Diamond Studded 18KT Rose Gold Necklace For Women,https://www.bhimagold.com/products/glamorously-detailed-and-diamond-studded-18kt-rose-gold-necklace-for-women-ngd-chdn18k-s-79771,129264.66,223795.0,0.5776029848745504,
2592,Traditionally Crafted And Diamond Studded 22KT Gold Ring For Women,https://www.bhimagold.com/products/traditionally-crafted-and-diamond-studded-22kt-gold-ring-for-women-ngd-rgdr-s-77936,58653.78,101635.0,0.5771021793673439,
2593,Glamorously Detailed And Diamond Studded 18KT Rose Gold Necklace For Women,https://www.bhimagold.com/products/glamorously-detailed-and-diamond-studded-18kt-rose-gold-necklace-for-women-ngd-chdn18k-s-78068,177254.45,309080.0,0.5734905202536561,
2594,Divinely Detailed And Diamond Studded 18KT Rose Gold Sri Krishna Locket For Women,https://www.bhimagold.com/products/divinely-detailed-and-diamond-studded-18kt-rose-gold-sri-krishna-locket-for-women-ngd-chld18k-s-78022,134622.19,234876.0,0.5731628178272791,
2595,Charmingly Detailed And Diamond Studded 18KT Rose Gold Kada For Women,https://www.bhimagold.com/products/charmingly-detailed-and-diamond-studded-18kt-rose-gold-kada-for-women-ngd-bgdk18k-na-s-80479,123109.2,215088.0,0.5723666592278509,
2596,Traditionally Crafted And Diamond Studded 22KT Gold Ring For Women,https://www.bhimagold.com/products/traditionally-crafted-and-diamond-studded-22kt-gold-ring-for-women-ngd-rgdr-s-80476,50592.36,88418.0,0.572195254359972,
2597,Glamorously Detailed And Diamond Studded 18KT Rose Gold Kada For Women,https://www.bhimagold.com/products/glamorously-detailed-and-diamond-studded-18kt-rose-gold-kada-for-women-ngd-bgdk18k-s-80498,103046.96,180113.0,0.5721239444126743,
2598,Glamorously Detailed And Diamond Studded 18KT Rose Gold Necklace For Women,https://www.bhimagold.com/products/glamorously-detailed-and-diamond-studded-18kt-rose-gold-necklace-for-women-ngd-chdn18k-s-77907,116497.78,203643.0,0.5720686691906915,
2599,Divinely Detailed And Diamond Studded 18KT Rose Gold Sri Krishna Locket For Women,https://www.bhimagold.com/products/divinely-detailed-and-diamond-studded-18kt-rose-gold-sri-krishna-locket-for-women-ngd-chld18k-s-77773,118777.58,207845.0,0.571471914166807,
2600,Traditionally Crafted And Diamond Studded 22KT Gold Ring For Men,https://www.bhimagold.com/products/traditionally-crafted-and-diamond-studded-22kt-gold-ring-for-men-ngd-rggr-s-81716,174293.46,305010.0,0.5714352316317498,
2601,Charmingly Detailed And Diamond Studded 18KT Rose Gold Necklace For Women,https://www.bhimagold.com/products/charmingly-detailed-and-diamond-studded-18kt-rose-gold-necklace-for-women-ngd-chdn18k-s-81868,170643.03,298869.0,0.5709626291117513,
2602,Traditionally Crafted And Diamond Studded 22KT Gold Kada For Women,https://www.bhimagold.com/products/traditionally-crafted-and-diamond-studded-22kt-gold-kada-for-women-ngd-bgdk-s-81926,185134.68,324970.0,0.5696977567160045,
2603,Traditionally Crafted And Diamond Studded 22KT Gold Ring For Men,https://www.bhimagold.com/products/traditionally-crafted-and-diamond-studded-22kt-gold-ring-for-men-ngd-rggr-s-77995,72830.76,127867.0,0.5695821439464444,
2604,Glamorously Detailed And Diamond Studded 18KT Rose Gold Kada For Women,https://www.bhimagold.com/products/glamorously-detailed-and-diamond-studded-18kt-rose-gold-kada-for-women-ngd-bgdk18k-s-81897,326125.39,572837.0,0.5693162103704894,
2605,Traditionally Crafted And Diamond Studded 22KT Gold Close Setting Bangles For Women,https://www.bhimagold.com/products/traditionally-crafted-and-diamond-studded-22kt-gold-close-setting-bangles-for-women-ngd-bgdb-s-79488,332742.06,584554.0,0.5692238185009426,
2606,Traditionally Crafted And Diamond Studded 22KT Gold Close Setting Necklace For Women,https://www.bhimagold.com/products/traditionally-crafted-and-diamond-studded-22kt-gold-close-setting-necklace-for-women-ngd-chdn-s-81796,542061.0,952707.0,0.5689692633726844,
2607,Glamorously Detailed And Diamond Studded 18KT Rose Gold Necklace For Women,https://www.bhimagold.com/products/glamorously-detailed-and-diamond-studded-18kt-rose-gold-necklace-for-women-ngd-chdn18k-s-80435,219316.76,386693.0,0.567159891697031,
2608,Traditionally Crafted And Diamond Studded 22KT Gold Kada For Women,https://www.bhimagold.com/products/traditionally-crafted-and-diamond-studded-22kt-gold-kada-for-women-ngd-bgdk-s-81763,183466.8,324521.0,0.5653464644814973,
2609,Glamorously Detailed And Diamond Studded 18KT Rose Gold Necklace For Women,https://www.bhimagold.com/products/glamorously-detailed-and-diamond-studded-18kt-rose-gold-necklace-for-women-ngd-chdn18k-s-79567,201420.33,356343.0,0.565242841868649,
2610,Glamorously Detailed And Diamond Studded 18KT Rose Gold Bangles For Women,https://www.bhimagold.com/products/glamorously-detailed-and-diamond-studded-18kt-rose-gold-bangles-for-women-ngd-bgdb18k-s-80457,133938.25,237416.0,0.5641500572834182,
2611,Glamorously Detailed And Diamond Studded 18KT Rose Gold Tanmaniya For Women,https://www.bhimagold.com/products/glamorously-detailed-and-diamond-studded-18kt-rose-gold-tanmaniya-for-women-ngd-chtm18k-na-s-81784,69989.86,124069.0,0.5641204491049335,
2612,Glamorously Detailed And Diamond Studded 18KT Rose Gold Studs For Women,https://www.bhimagold.com/products/glamorously-detailed-and-diamond-studded-18kt-rose-gold-studs-for-women-ngd-stmn18k-s-78014,58476.87,103920.0,0.5627104503464203,
2613,Glamorously Detailed And Diamond Studded 18KT Rose Gold Necklace For Women,https://www.bhimagold.com/products/glamorously-detailed-and-diamond-studded-18kt-rose-gold-necklace-for-women-ngd-chdn18k-s-80300,534727.09,950282.0,0.5627035869352466,
2614,Ruby Studded And Detailed 22KT Gold Locket,https://www.bhimagold.com/products/ruby-studded-and-detailed-22kt-gold-locket-ngo-chlc-cod-s-l-na-26109926,62962.47,111916.0,0.562586850852425,
2615,Glamorously Detailed And Diamond Studded 18KT White Gold Ring For Women,https://www.bhimagold.com/products/glamorously-detailed-and-diamond-studded-18kt-white-gold-ring-for-women-ngd-rgdr18k-s-78084,20860.17,37083.0,0.5625264946201763,
2616,Glamorously Detailed And Diamond Studded 18KT Rose Gold Kada For Women,https://www.bhimagold.com/products/glamorously-detailed-and-diamond-studded-18kt-rose-gold-kada-for-women-ngd-bgdk18k-s-81861,121399.35,216108.0,0.5617531512021767,
2617,Glamorously Detailed And Diamond Studded 18KT Rose Gold Studs For Women,https://www.bhimagold.com/products/glamorously-detailed-and-diamond-studded-18kt-rose-gold-studs-for-women-ngd-stdm18k-s-79513,79793.0,142200.0,0.5611322081575246,
2618,Glamorously Detailed And Diamond Studded 18KT Rose Gold Tanmaniya For Women,https://www.bhimagold.com/products/glamorously-detailed-and-diamond-studded-18kt-rose-gold-tanmaniya-for-women-ngd-chtm18k-s-78011,44456.1,79255.0,0.5609248627846823,
2619,Glamorously Detailed And Diamond Studded 18KT Rose Gold Ring For Men,https://www.bhimagold.com/products/glamorously-detailed-and-diamond-studded-18kt-rose-gold-ring-for-men-ngd-rggr18k-s-80192,65544.25,116854.0,0.5609072004381536,
2620,Traditionally Crafted And Diamond Studded 22KT Gold Ring For Men,https://www.bhimagold.com/products/traditionally-crafted-and-diamond-studded-22kt-gold-ring-for-men-ngd-rggr-na-s-81801,66159.24,117977.0,0.5607808301618112,
2621,Charmingly Detailed And Diamond Studded 18KT Rose Gold Necklace For Women,https://www.bhimagold.com/products/charmingly-detailed-and-diamond-studded-18kt-rose-gold-necklace-for-women-ngd-chdn18k-s-77920,944635.13,1685462.0,0.5604606511449086,
2622,Glamorously Detailed And Diamond Studded 18KT Rose Gold Studs For Women,https://www.bhimagold.com/products/glamorously-detailed-and-diamond-studded-18kt-rose-gold-studs-for-women-ngd-stmn18k-s-79504,60756.67,108864.0,0.5580969833921222,
2623,Divinely Detailed And Diamond Studded 18KT Rose Gold Sri Krishna Locket For Women,https://www.bhimagold.com/products/divinely-detailed-and-diamond-studded-18kt-rose-gold-sri-krishna-locket-for-women-ngd-chld18k-s-78003,131316.48,235735.0,0.5570512651918468,
2624,Charmingly Detailed And Diamond Studded 18KT Rose Gold Studs For Women,https://www.bhimagold.com/products/charmingly-detailed-and-diamond-studded-18kt-rose-gold-studs-for-women-ngd-stmn18k-s-80380,47761.81,85744.0,0.5570280136219443,
2625,Traditionally Crafted And Diamond Studded 22KT Gold Ring For Women,https://www.bhimagold.com/products/traditionally-crafted-and-diamond-studded-22kt-gold-ring-for-women-ngd-rgdr-s-80208,56429.94,101384.0,0.556596109839817,
2626,Traditionally Crafted And Diamond Studded 22KT Gold Close Setting Bangles For Women,https://www.bhimagold.com/products/traditionally-crafted-and-diamond-studded-22kt-gold-close-setting-bangles-for-women-ngd-bgdb-s-78082,278813.94,500973.0,0.5565448437340934,
2627,Traditionally Crafted And Diamond Studded 22KT Gold Ring For Men,https://www.bhimagold.com/products/traditionally-crafted-and-diamond-studded-22kt-gold-ring-for-men-ngd-rggr-na-s-79498,142603.74,256539.0,0.5558754809210296,
2628,Studded And Detailed 22KT Gold Locket For Women,https://www.bhimagold.com/products/studded-and-detailed-22kt-gold-locket-for-women-ngo-chlc-cod-s-l-na-26105712,60877.62,109666.0,0.5551184505680886,
2629,Glamorously Detailed And Diamond Studded 18KT Rose Gold Tanmaniya For Women,https://www.bhimagold.com/products/glamorously-detailed-and-diamond-studded-18kt-rose-gold-tanmaniya-for-women-ngd-chtm18k-s-77782,119005.56,214476.0,0.5548665584960555,
2630,Traditionally Crafted And Diamond Studded 22KT Gold Ring For Women,https://www.bhimagold.com/products/traditionally-crafted-and-diamond-studded-22kt-gold-ring-for-women-ngd-rgdr-s-77940,42391.95,76481.0,0.5542808017677593,
2631,Traditionally Crafted And Diamond Studded 22KT Gold Close Setting Locket For Women,https://www.bhimagold.com/products/traditionally-crafted-and-diamond-studded-22kt-gold-close-setting-locket-for-women-ngd-chld-s-81700,50036.4,90513.0,0.5528089887640449,
2632,Traditionally Crafted And Diamond Studded 22KT Gold Studs For Women,https://www.bhimagold.com/products/traditionally-crafted-and-diamond-studded-22kt-gold-studs-for-women-ngd-stdm-s-79781,65881.26,119276.0,0.552342969247795,
2633,Traditionally Crafted And Diamond Studded 22KT Gold Ring For Women,https://www.bhimagold.com/products/traditionally-crafted-and-diamond-studded-22kt-gold-ring-for-women-ngd-rgdr-s-77968,63796.41,115646.0,0.5516525431056846,
2634,Studded And Detailed 22KT Gold Locket For Women,https://www.bhimagold.com/products/studded-and-detailed-22kt-gold-locket-for-women-ngo-chlc-cod-s-l-na-26109762,61155.6,110918.0,0.5513586613534323,
2635,Traditionally Crafted And Diamond Studded 22KT Gold Close Setting Bangles For Women,https://www.bhimagold.com/products/traditionally-crafted-and-diamond-studded-22kt-gold-close-setting-bangles-for-women-ngd-bgdb-s-80301,234893.1,426464.0,0.5507923294815037,
2636,Studded And Detailed 22KT Gold Locket For Women,https://www.bhimagold.com/products/studded-and-detailed-22kt-gold-locket-for-women-ngo-chlc-cod-s-l-na-26105685,61016.61,110941.0,0.5499915270278797,
2637,Traditionally Crafted And Diamond Studded 22KT Gold Close Setting Locket For Women,https://www.bhimagold.com/products/traditionally-crafted-and-diamond-studded-22kt-gold-close-setting-locket-for-women-ngd-chld-s-80401,199033.68,363677.0,0.5472814612967001,
2638,Traditionally Crafted And Diamond Studded 22KT Gold Close Setting Locket For Women,https://www.bhimagold.com/products/traditionally-crafted-and-diamond-studded-22kt-gold-close-setting-locket-for-women-ngd-chld-s-81689,65325.3,119724.0,0.5456324546456851,
2639,Traditionally Crafted And Diamond Studded 22KT Gold Studs For Women,https://www.bhimagold.com/products/traditionally-crafted-and-diamond-studded-22kt-gold-studs-for-women-ngd-stdm-na-s-79533,63240.45,115934.0,0.5454866562009419,
2640,Glamorously Detailed And Diamond Studded 18KT Rose Gold Studs For Women,https://www.bhimagold.com/products/glamorously-detailed-and-diamond-studded-18kt-rose-gold-studs-for-women-ngd-stmn18k-s-77846,91078.01,167038.0,0.5452532357906584,
2641,Traditionally Crafted And Diamond Studded 22KT Gold Matty For Women,https://www.bhimagold.com/products/traditionally-crafted-and-diamond-studded-22kt-gold-matty-for-women-ngd-chld-s-77778,261579.18,479803.0,0.5451803761126962,
2642,Traditionally Crafted And Diamond Studded 22KT Gold Bangles For Women,https://www.bhimagold.com/products/traditionally-crafted-and-diamond-studded-22kt-gold-bangles-for-women-ngd-bgdb-s-79418,292295.97,537550.0,0.5437558738721979,
2643,Traditionally Crafted And Diamond Studded 22KT Gold Matty For Women,https://www.bhimagold.com/products/traditionally-crafted-and-diamond-studded-22kt-gold-matty-for-women-ngd-chld-s-77792,284095.56,522728.0,0.5434864021058753,
2644,Studded And Detailed 22KT Gold Locket For Women,https://www.bhimagold.com/products/studded-and-detailed-22kt-gold-locket-for-women-ngo-chlc-cod-s-l-na-26109764,70189.95,129442.0,0.5422501969994283,
2645,Glamorously Detailed And Diamond Studded 18KT Rose Gold Ring For Women,https://www.bhimagold.com/products/glamorously-detailed-and-diamond-studded-18kt-rose-gold-ring-for-women-ngd-rgdr18k-s-80375,28725.48,52995.0,0.5420413246532692,
2646,Traditionally Crafted And Diamond Studded 22KT Gold Necklace For Women,https://www.bhimagold.com/products/traditionally-crafted-and-diamond-studded-22kt-gold-necklace-for-women-ngd-chdn-s-79575,404599.89,746608.0,0.541917431905364,
2647,Traditionally Crafted And Diamond Studded 22KT Gold Close Setting Locket For Women,https://www.bhimagold.com/products/traditionally-crafted-and-diamond-studded-22kt-gold-close-setting-locket-for-women-ngd-chld-s-76386,68105.1,125688.0,0.5418584113041818,
2648,Traditionally Crafted And Diamond Studded 22KT Gold Close Setting Locket For Women,https://www.bhimagold.com/products/traditionally-crafted-and-diamond-studded-22kt-gold-close-setting-locket-for-women-ngd-chld-s-80454,121894.23,225085.0,0.5415475487038229,
2649,Glamorously Detailed And Diamond Studded 18KT Rose Gold Tanmaniya For Women,https://www.bhimagold.com/products/glamorously-detailed-and-diamond-studded-18kt-rose-gold-tanmaniya-for-women-ngd-chtm18k-s-81860,55741.11,103074.0,0.5407872984457768,
2650,Glamorously Detailed And Diamond Studded 18KT Rose Gold Necklace For Women,https://www.bhimagold.com/products/glamorously-detailed-and-diamond-studded-18kt-rose-gold-necklace-for-women-ngd-chdn18k-s-79553,87886.29,162553.0,0.5406623685813242,
2651,Glamorously Detailed And Diamond Studded 18KT Rose Gold Necklace For Women,https://www.bhimagold.com/products/glamorously-detailed-and-diamond-studded-18kt-rose-gold-necklace-for-women-ngd-chdn18k-s-79556,182611.98,338020.0,0.5402401633039465,
2652,Glamorously Detailed And Diamond Studded 18KT Rose Gold Necklace For Women,https://www.bhimagold.com/products/glamorously-detailed-and-diamond-studded-18kt-rose-gold-necklace-for-women-ngd-chdn18k-s-80385,236529.25,437913.0,0.5401284045004373,
2653,Charmingly Detailed And Diamond Studded 18KT Rose Gold Kada For Women,https://www.bhimagold.com/products/charmingly-detailed-and-diamond-studded-18kt-rose-gold-kada-for-women-ngd-bgdk18k-s-81844,95295.64,176508.0,0.5398941691028168,
2654,Glamorously Detailed And Diamond Studded 18KT Rose Gold Ring For Women,https://www.bhimagold.com/products/glamorously-detailed-and-diamond-studded-18kt-rose-gold-ring-for-women-ngd-rgdr18k-s-80345,22911.99,42439.0,0.5398805344141002,
2655,Glamorously Detailed And Diamond Studded 18KT Rose Gold Kada For Women,https://www.bhimagold.com/products/glamorously-detailed-and-diamond-studded-18kt-rose-gold-kada-for-women-ngd-bgdk18k-s-77888,93585.79,174400.0,0.5366157683486238,
2656,Glamorously Detailed And Diamond Studded 18KT Rose Gold Necklace For Women,https://www.bhimagold.com/products/glamorously-detailed-and-diamond-studded-18kt-rose-gold-necklace-for-women-ngd-chdn18k-s-79773,163233.68,305142.0,0.5349433378558179,
2657,Glamorously Detailed And Diamond Studded 18KT Rose Gold Necklace For Women,https://www.bhimagold.com/products/glamorously-detailed-and-diamond-studded-18kt-rose-gold-necklace-for-women-ngd-chdn18k-s-78056,193099.06,361028.0,0.5348589583079428,
2658,Glamorously Detailed And Diamond Studded 18KT Rose Gold Necklace For Women,https://www.bhimagold.com/products/glamorously-detailed-and-diamond-studded-18kt-rose-gold-necklace-for-women-ngd-chdn18k-s-78029,155140.39,290293.0,0.5344269066081512,
2659,Glamorously Detailed And Diamond Studded 18KT Rose Gold Ring For Women,https://www.bhimagold.com/products/glamorously-detailed-and-diamond-studded-18kt-rose-gold-ring-for-women-ngd-rgdr18k-s-80389,23367.95,43732.0,0.5343444159882923,
2660,Divinely Detailed And Diamond Studded 18KT Rose Gold Sri Krishna Locket For Women,https://www.bhimagold.com/products/divinely-detailed-and-diamond-studded-18kt-rose-gold-sri-krishna-locket-for-women-ngd-chld18k-s-78016,117637.68,220205.0,0.534218932358484,
2661,Glamorously Detailed And Diamond Studded 18KT Rose Gold Necklace For Women,https://www.bhimagold.com/products/glamorously-detailed-and-diamond-studded-18kt-rose-gold-necklace-for-women-ngd-chdn18k-s-79785,164487.57,308128.0,0.5338287010593,
2662,Traditionally Crafted And Diamond Studded 22KT Gold Close Setting Ring For Women,https://www.bhimagold.com/products/traditionally-crafted-and-diamond-studded-22kt-gold-close-setting-ring-for-women-ngd-rgdr-s-77812,53094.18,99523.0,0.5334865307516855,
2663,Glamorously Detailed And Diamond Studded 18KT Rose Gold Necklace For Women,https://www.bhimagold.com/products/glamorously-detailed-and-diamond-studded-18kt-rose-gold-necklace-for-women-ngd-chdn18k-s-81919,158104.13,296804.0,0.5326886767024703,
2664,Charmingly Detailed And Diamond Studded 18KT Rose Gold Studs For Women,https://www.bhimagold.com/products/charmingly-detailed-and-diamond-studded-18kt-rose-gold-studs-for-women-ngd-stmn18k-s-77774,100197.21,188212.0,0.5323635581153168,
2665,Traditionally Crafted And Diamond Studded 22KT Gold Ring For Women,https://www.bhimagold.com/products/traditionally-crafted-and-diamond-studded-22kt-gold-ring-for-women-ngd-rgdr-s-80248,70606.92,132766.0,0.5318147718542398,
2666,Glamorously Detailed And Diamond Studded 18KT Rose Gold Tanmaniya For Women,https://www.bhimagold.com/products/glamorously-detailed-and-diamond-studded-18kt-rose-gold-tanmaniya-for-women-ngd-chtm18k-s-79767,49357.67,93042.0,0.53048805915608,
2667,Glamorously Detailed And Diamond Studded 18KT Rose Gold Studs For Women,https://www.bhimagold.com/products/glamorously-detailed-and-diamond-studded-18kt-rose-gold-studs-for-women-ngd-stmn18k-s-80520,53005.35,99947.0,0.5303345773259828,
2668,Glamorously Detailed And Diamond Studded 18KT Rose Gold Studs For Women,https://www.bhimagold.com/products/glamorously-detailed-and-diamond-studded-18kt-rose-gold-studs-for-women-ngd-stmn18k-s-80411,32487.15,61365.0,0.5294084575898313,
2669,Glamorously Detailed And Diamond Studded 18KT Rose Gold Necklace For Women,https://www.bhimagold.com/products/glamorously-detailed-and-diamond-studded-18kt-rose-gold-necklace-for-women-ngd-chdn18k-s-79509,147389.07,278418.0,0.5293805357412237,
2670,Glamorously Detailed And Diamond Studded 18KT Rose Gold Ring For Women,https://www.bhimagold.com/products/glamorously-detailed-and-diamond-studded-18kt-rose-gold-ring-for-women-ngd-rgdr18k-s-81392,32943.11,62298.0,0.5287988378439116,
2671,Glamorously Detailed And Diamond Studded 18KT Rose Gold Ring For Women,https://www.bhimagold.com/products/glamorously-detailed-and-diamond-studded-18kt-rose-gold-ring-for-women-ngd-rgdr18k-s-80400,32943.11,62298.0,0.5287988378439116,
2672,Glamorously Detailed And Diamond Studded 18KT Rose Gold Necklace For Women,https://www.bhimagold.com/products/glamorously-detailed-and-diamond-studded-18kt-rose-gold-necklace-for-women-ngd-chdn18k-s-79560,130746.53,247398.0,0.5284866086225434,
2673,Glamorously Detailed And Diamond Studded 18KT Rose Gold Necklace For Women,https://www.bhimagold.com/products/glamorously-detailed-and-diamond-studded-18kt-rose-gold-necklace-for-women-ngd-chdn18k-s-79557,160953.88,304836.0,0.5280015483735517,
2674,Glamorously Detailed And Diamond Studded 18KT Rose Gold Tanmaniya For Women,https://www.bhimagold.com/products/glamorously-detailed-and-diamond-studded-18kt-rose-gold-tanmaniya-for-women-ngd-chtm18k-s-81843,47647.82,90261.0,0.5278893431271535,
2675,Glamorously Detailed And Diamond Studded 18KT Rose Gold Necklace For Women,https://www.bhimagold.com/products/glamorously-detailed-and-diamond-studded-18kt-rose-gold-necklace-for-women-ngd-chdn18k-s-79537,217492.92,412104.0,0.5277622153631123,
2676,Traditionally Crafted And Diamond Studded 22KT Gold Close Setting Necklace For Women,https://www.bhimagold.com/products/traditionally-crafted-and-diamond-studded-22kt-gold-close-setting-necklace-for-women-ngd-chdn-s-80303,361929.96,686025.0,0.5275754673663496,
2677,Traditionally Crafted And Diamond Studded 22KT Gold Close Setting Studs For Women,https://www.bhimagold.com/products/traditionally-crafted-and-diamond-studded-22kt-gold-close-setting-studs-for-women-ngd-stdm-s-77850,160394.46,304816.0,0.526200921211485,
2678,Glamorously Detailed And Diamond Studded 18KT Rose Gold Studs For Women,https://www.bhimagold.com/products/glamorously-detailed-and-diamond-studded-18kt-rose-gold-studs-for-women-ngd-stmn18k-na-s-80213,29067.45,55247.0,0.5261362607924412,
2679,Divinely Detailed And Diamond Studded 18KT Rose Gold Sri Krishna Locket For Women,https://www.bhimagold.com/products/divinely-detailed-and-diamond-studded-18kt-rose-gold-sri-krishna-locket-for-women-ngd-chld18k-s-81712,123793.14,235723.0,0.5251636030425542,
2680,Glamorously Detailed And Diamond Studded 18KT Rose Gold Tanmaniya For Women,https://www.bhimagold.com/products/glamorously-detailed-and-diamond-studded-18kt-rose-gold-tanmaniya-for-women-ngd-chtm18k-s-79428,48103.78,91658.0,0.5248181282593991,
2681,Glamorously Detailed And Diamond Studded 18KT Rose Gold Ring For Women,https://www.bhimagold.com/products/glamorously-detailed-and-diamond-studded-18kt-rose-gold-ring-for-women-ngd-rgdr18k-s-77882,25419.77,48441.0,0.5247573336636321,
2682,Glamorously Detailed And Diamond Studded 18KT Rose Gold Necklace For Women,https://www.bhimagold.com/products/glamorously-detailed-and-diamond-studded-18kt-rose-gold-necklace-for-women-ngd-chdn18k-s-81419,167109.34,318636.0,0.5244521648526845,
2683,Glamorously Detailed And Diamond Studded 18KT Rose Gold Necklace For Women,https://www.bhimagold.com/products/glamorously-detailed-and-diamond-studded-18kt-rose-gold-necklace-for-women-ngd-chdn18k-s-77747,207347.81,397066.0,0.5221998609802905,
2684,Glamorously Detailed And Diamond Studded 18KT Rose Gold Necklace For Women,https://www.bhimagold.com/products/glamorously-detailed-and-diamond-studded-18kt-rose-gold-necklace-for-women-ngd-chdn18k-s-77904,165513.48,316979.0,0.5221591335703627,
2685,Glamorously Detailed And Diamond Studded 18KT Rose Gold Locket For Women,https://www.bhimagold.com/products/glamorously-detailed-and-diamond-studded-18kt-rose-gold-locket-for-women-ngd-chld18k-s-81726,39782.51,76202.0,0.5220664811947193,
2686,Traditionally Crafted And Diamond Studded 22KT Gold Vanki Ring For Women,https://www.bhimagold.com/products/traditionally-crafted-and-diamond-studded-22kt-gold-vanki-ring-for-women-ngd-rgdr-s-79534,74637.63,143036.0,0.521810103750105,
2687,Traditionally Crafted And Diamond Studded 22KT Gold Close Setting Locket For Women,https://www.bhimagold.com/products/traditionally-crafted-and-diamond-studded-22kt-gold-close-setting-locket-for-women-ngd-chld-s-81859,279230.91,536844.0,0.5201341730558597,
2688,Glamorously Detailed And Diamond Studded 18KT Rose Gold Studs For Women,https://www.bhimagold.com/products/glamorously-detailed-and-diamond-studded-18kt-rose-gold-studs-for-women-ngd-stmn18k-s-76401,56881.01,109594.0,0.5190157307881819,
2689,Glamorously Detailed And Diamond Studded 18KT Rose Gold Necklace For Women,https://www.bhimagold.com/products/glamorously-detailed-and-diamond-studded-18kt-rose-gold-necklace-for-women-ngd-chdn18k-s-79577,152974.58,295061.0,0.5184506932464812,
2690,Traditionally Crafted And Diamond Studded 22KT Gold Studs For Women,https://www.bhimagold.com/products/traditionally-crafted-and-diamond-studded-22kt-gold-studs-for-women-ngd-stdm-s-79555,97015.02,187314.0,0.5179272238060156,
2691,Glamorously Detailed And Diamond Studded 18KT Rose Gold Studs For Women,https://www.bhimagold.com/products/glamorously-detailed-and-diamond-studded-18kt-rose-gold-studs-for-women-ngd-stmn18k-s-77962,73865.52,142700.0,0.5176280308339173,
2692,Glamorously Detailed And Diamond Studded 18KT Rose Gold Studs For Women,https://www.bhimagold.com/products/glamorously-detailed-and-diamond-studded-18kt-rose-gold-studs-for-women-ngd-stdm18k-na-s-77786,46393.93,89897.0,0.5160787345517648,
2693,Glamorously Detailed And Diamond Studded 18KT Rose Gold Necklace For Women,https://www.bhimagold.com/products/glamorously-detailed-and-diamond-studded-18kt-rose-gold-necklace-for-women-ngd-chdn18k-s-77901,227752.02,441675.0,0.5156552215995924,
2694,Glamorously Detailed And Diamond Studded 18KT Rose Gold Haaram With Changeable Stones For Women,https://www.bhimagold.com/products/glamorously-detailed-and-diamond-studded-18kt-rose-gold-haaram-with-changeable-stones-for-women-ngd-chdh18k-s-81856,439773.42,852856.0,0.5156479171161368,
2695,Glamorously Detailed And Diamond Studded 18KT Rose Gold Necklace For Women,https://www.bhimagold.com/products/glamorously-detailed-and-diamond-studded-18kt-rose-gold-necklace-for-women-ngd-chdn18k-na-s-80201,191275.22,371386.0,0.5150307766043954,
2696,Glamorously Detailed And Diamond Studded 18KT Rose Gold Necklace For Women,https://www.bhimagold.com/products/glamorously-detailed-and-diamond-studded-18kt-rose-gold-necklace-for-women-ngd-chdn18k-s-77922,173834.75,338003.0,0.5142994292950063,
2697,Glamorously Detailed And Diamond Studded 18KT Rose Gold Necklace For Women,https://www.bhimagold.com/products/glamorously-detailed-and-diamond-studded-18kt-rose-gold-necklace-for-women-ngd-chdn18k-s-81765,194808.91,379173.0,0.5137731589538285,
2698,Glamorously Detailed And Diamond Studded 18KT Rose Gold Ring For Women,https://www.bhimagold.com/products/glamorously-detailed-and-diamond-studded-18kt-rose-gold-ring-for-women-ngd-rgdr18k-s-76411,25305.78,49333.0,0.5129584659355806,
2699,Traditionally Crafted And Diamond Studded 22KT Gold Studs For Women,https://www.bhimagold.com/products/traditionally-crafted-and-diamond-studded-22kt-gold-studs-for-women-ngd-stdm-s-81692,132179.49,257720.0,0.5128802188421543,
2700,Charmingly Detailed And Diamond Studded 18KT Rose Gold Studs For Women,https://www.bhimagold.com/products/charmingly-detailed-and-diamond-studded-18kt-rose-gold-studs-for-women-ngd-stmn18k-s-80763,43772.16,85410.0,0.5124945556726379,
2701,Glamorously Detailed And Diamond Studded 18KT Rose Gold Ring For Women,https://www.bhimagold.com/products/glamorously-detailed-and-diamond-studded-18kt-rose-gold-ring-for-women-ngd-rgdr18k-s-80428,41264.38,80602.0,0.5119523088757102,
2702,Glamorously Detailed And Diamond Studded 18KT Rose Gold Studs For Women,https://www.bhimagold.com/products/glamorously-detailed-and-diamond-studded-18kt-rose-gold-studs-for-women-ngd-stmn18k-s-81423,75461.38,147627.0,0.5111624567321696,
2703,Traditionally Crafted And Diamond Studded 22KT Gold Tanmaniya For Women,https://www.bhimagold.com/products/traditionally-crafted-and-diamond-studded-22kt-gold-tanmaniya-for-women-ngd-chtm-s-77853,258521.4,506224.0,0.5106857833686274,
2704,Glamorously Detailed And Diamond Studded 18KT Rose Gold Studs For Women,https://www.bhimagold.com/products/glamorously-detailed-and-diamond-studded-18kt-rose-gold-studs-for-women-ngd-stmn18k-s-79756,51979.44,101949.0,0.5098572815819675,
2705,Divinely Detailed And Diamond Studded 18KT Rose Gold Sri Krishna Locket For Women,https://www.bhimagold.com/products/divinely-detailed-and-diamond-studded-18kt-rose-gold-sri-krishna-locket-for-women-ngd-chld18k-s-79442,38870.59,76282.0,0.5095643795390786,
2706,Glamorously Detailed And Diamond Studded 18KT Rose Gold Necklace For Women,https://www.bhimagold.com/products/glamorously-detailed-and-diamond-studded-18kt-rose-gold-necklace-for-women-ngd-chdn18k-s-80247,169503.13,332816.0,0.5092998233258017,
2707,Glamorously Detailed And Diamond Studded 18KT Rose Gold Ring For Women,https://www.bhimagold.com/products/glamorously-detailed-and-diamond-studded-18kt-rose-gold-ring-for-women-ngd-rgdr18k-s-79571,29295.43,57522.0,0.5092908800111262,
2708,Traditionally Crafted And Diamond Studded 22KT Gold Close Setting Bangles For Women,https://www.bhimagold.com/products/traditionally-crafted-and-diamond-studded-22kt-gold-close-setting-bangles-for-women-ngd-bgdb-s-80481,297994.56,585825.0,0.5086750480092178,
2709,Glamorously Detailed And Diamond Studded 18KT Rose Gold Studs For Women,https://www.bhimagold.com/products/glamorously-detailed-and-diamond-studded-18kt-rose-gold-studs-for-women-ngd-stdm18k-s-76431,42404.28,83424.0,0.50829833141542,
2710,Traditionally Crafted And Diamond Studded 22KT Gold Close Setting Bangles For Women,https://www.bhimagold.com/products/traditionally-crafted-and-diamond-studded-22kt-gold-close-setting-bangles-for-women-ngd-bgdb-na-s-77757,217658.34,428417.0,0.5080525282610168,
2711,Traditionally Crafted And Diamond Studded 22KT Gold Close Setting Bangles For Women,https://www.bhimagold.com/products/traditionally-crafted-and-diamond-studded-22kt-gold-close-setting-bangles-for-women-ngd-bgdb-s-81811,319399.02,629264.0,0.5075755485773856,
2712,Charmingly Detailed And Diamond Studded 18KT Rose Gold Necklace For Women,https://www.bhimagold.com/products/charmingly-detailed-and-diamond-studded-18kt-rose-gold-necklace-for-women-ngd-chdn18k-s-77736,153886.5,303237.0,0.5074792983705815,
2713,Traditionally Crafted And Diamond Studded 18KT Rose Gold Mangalasutra For Women,https://www.bhimagold.com/products/traditionally-crafted-and-diamond-studded-18kt-rose-gold-mangalasutra-for-women-ngd-chtm18k-s-80239,39554.53,78007.0,0.5070638532439397,
2714,Glamorously Detailed And Diamond Studded 18KT Rose Gold Necklace For Women,https://www.bhimagold.com/products/glamorously-detailed-and-diamond-studded-18kt-rose-gold-necklace-for-women-ngd-chdn18k-s-81917,269472.36,531700.0,0.5068127891668234,
2715,Glamorously Detailed And Diamond Studded 18KT Rose Gold Ring For Men,https://www.bhimagold.com/products/glamorously-detailed-and-diamond-studded-18kt-rose-gold-ring-for-men-ngd-rggr18k-s-81872,59616.77,117887.0,0.505711147115458,
2716,Glamorously Detailed And Diamond Studded 18KT Rose Gold Tanmaniya For Women,https://www.bhimagold.com/products/glamorously-detailed-and-diamond-studded-18kt-rose-gold-tanmaniya-for-women-ngd-chtm18k-s-79584,44000.14,87128.0,0.5050057386833164,
2717,Traditionally Crafted And Diamond Studded 22KT Gold Ring For Women,https://www.bhimagold.com/products/traditionally-crafted-and-diamond-studded-22kt-gold-ring-for-women-ngd-rgdr-s-77885,88675.62,175944.0,0.5039991133542491,
2718,Traditionally Crafted And Diamond Studded 22KT Gold Close Setting Bangles For Women,https://www.bhimagold.com/products/traditionally-crafted-and-diamond-studded-22kt-gold-close-setting-bangles-for-women-ngd-bgdb-s-77738,299940.42,595276.0,0.5038678192972671,
2719,Glamorously Detailed And Diamond Studded 18KT Rose Gold Studs For Women,https://www.bhimagold.com/products/glamorously-detailed-and-diamond-studded-18kt-rose-gold-studs-for-women-ngd-stmn18k-s-81781,17782.44,35304.0,0.5036947654656696,
2720,Glamorously Detailed And Diamond Studded 18KT Rose Gold Necklace For Women,https://www.bhimagold.com/products/glamorously-detailed-and-diamond-studded-18kt-rose-gold-necklace-for-women-ngd-chdn18k-s-80495,66570.16,132187.0,0.5036059521738144,
2721,Glamorously Detailed And Diamond Studded 18KT Rose Gold Necklace For Women,https://www.bhimagold.com/products/glamorously-detailed-and-diamond-studded-18kt-rose-gold-necklace-for-women-ngd-chdn18k-s-77721,189793.35,377213.0,0.5031463655812499,
2722,Glamorously Detailed And Diamond Studded 18KT Rose Gold Studs For Women,https://www.bhimagold.com/products/glamorously-detailed-and-diamond-studded-18kt-rose-gold-studs-for-women-ngd-stdm18k-s-80190,24279.87,48277.0,0.5029283095469892,
2723,Glamorously Detailed And Diamond Studded 18KT Rose Gold Necklace For Women,https://www.bhimagold.com/products/glamorously-detailed-and-diamond-studded-18kt-rose-gold-necklace-for-women-ngd-chdn18k-s-79542,189451.38,376892.0,0.5026675546310349,
2724,Glamorously Detailed And Diamond Studded 18KT Rose Gold Necklace For Women,https://www.bhimagold.com/products/glamorously-detailed-and-diamond-studded-18kt-rose-gold-necklace-for-women-ngd-chdn18k-s-79419,268560.44,534932.0,0.5020459422879917,
2725,Glamorously Detailed And Diamond Studded 18KT Rose Gold Necklace For Women,https://www.bhimagold.com/products/glamorously-detailed-and-diamond-studded-18kt-rose-gold-necklace-for-women-ngd-chdn18k-na-s-77860,119917.48,238869.0,0.5020219450828697,
2726,Glamorously Detailed And Diamond Studded 18KT Rose Gold Ring For Women,https://www.bhimagold.com/products/glamorously-detailed-and-diamond-studded-18kt-rose-gold-ring-for-women-ngd-rgdr18k-s-80334,35678.87,71141.0,0.5015233128575646,
2727,Divinely Detailed And Diamond Studded 18KT Rose Gold Sri Krishna Locket For Women,https://www.bhimagold.com/products/divinely-detailed-and-diamond-studded-18kt-rose-gold-sri-krishna-locket-for-women-ngd-chld18k-s-77972,132798.35,264996.0,0.5011334133345409,
2728,Glamorously Detailed And Diamond Studded 18KT Rose Gold Necklace For Women,https://www.bhimagold.com/products/glamorously-detailed-and-diamond-studded-18kt-rose-gold-necklace-for-women-ngd-chdn18k-s-80236,279047.52,557101.0,0.5008921542054313,
2729,Glamorously Detailed And Diamond Studded 18KT Rose Gold Studs For Women,https://www.bhimagold.com/products/glamorously-detailed-and-diamond-studded-18kt-rose-gold-studs-for-women-ngd-stmn18k-s-77698,52777.37,105367.0,0.5008908861408221,
2730,Traditionally Crafted And Diamond Studded 22KT Gold Studs For Women,https://www.bhimagold.com/products/traditionally-crafted-and-diamond-studded-22kt-gold-studs-for-women-ngd-stdm-s-80379,176378.31,352219.0,0.5007631899471635,
2731,Glamorously Detailed And Diamond Studded 18KT Rose Gold Necklace For Women,https://www.bhimagold.com/products/glamorously-detailed-and-diamond-studded-18kt-rose-gold-necklace-for-women-ngd-chdn18k-na-s-80302,161523.83,322593.0,0.5007046960101428,
2732,Glamorously Detailed And Diamond Studded 18KT Rose Gold Tanmaniya For Women,https://www.bhimagold.com/products/glamorously-detailed-and-diamond-studded-18kt-rose-gold-tanmaniya-for-women-ngd-chtm18k-s-80483,60756.67,121409.0,0.5004297045523808,
2733,Glamorously Detailed And Diamond Studded 18KT Rose Gold Bangles For Women,https://www.bhimagold.com/products/glamorously-detailed-and-diamond-studded-18kt-rose-gold-bangles-for-women-ngd-bgdb18k-na-s-77958,130974.51,261895.0,0.5001031329349548,
2734,Traditionally Crafted And Diamond Studded 22KT Gold Close Setting Bangles For Women,https://www.bhimagold.com/products/traditionally-crafted-and-diamond-studded-22kt-gold-close-setting-bangles-for-women-ngd-bgdb-s-77727,293546.88,587449.0,0.49969764183784465,
2735,Glamorously Detailed And Diamond Studded 18KT Rose Gold Tanmaniya For Women,https://www.bhimagold.com/products/glamorously-detailed-and-diamond-studded-18kt-rose-gold-tanmaniya-for-women-ngd-chtm18k-s-80456,59844.75,119771.0,0.49965976738943485,
2736,Traditionally Crafted And Diamond Studded 22KT Gold Ring For Women,https://www.bhimagold.com/products/traditionally-crafted-and-diamond-studded-22kt-gold-ring-for-women-ngd-rgdr-s-80276,60877.62,121910.0,0.49936526946107784,
2737,Charmingly Detailed And Diamond Studded 18KT Rose Gold Necklace For Women,https://www.bhimagold.com/products/charmingly-detailed-and-diamond-studded-18kt-rose-gold-necklace-for-women-ngd-chdn18k-s-80485,150466.8,301568.0,0.49894816426146005,
2738,Glamorously Detailed And Diamond Studded 18KT Rose Gold Necklace For Women,https://www.bhimagold.com/products/glamorously-detailed-and-diamond-studded-18kt-rose-gold-necklace-for-women-ngd-chdn18k-s-80402,244736.53,491376.0,0.49806366204291624,
2739,Glamorously Detailed And Diamond Studded 18KT Rose Gold Bangles For Women,https://www.bhimagold.com/products/glamorously-detailed-and-diamond-studded-18kt-rose-gold-bangles-for-women-ngd-bgdb18k-s-81414,165855.45,333057.0,0.49797917473585607,
2740,Glamorously Detailed And Diamond Studded 18KT Yellow Gold Ring For Men,https://www.bhimagold.com/products/glamorously-detailed-and-diamond-studded-18kt-yellow-gold-ring-for-men-ngd-rggr18k-s-79424,42746.25,86248.0,0.49562018829422133,
2741,Traditionally Crafted And Diamond Studded 22KT Gold Close Setting Studs For Women,https://www.bhimagold.com/products/traditionally-crafted-and-diamond-studded-22kt-gold-close-setting-studs-for-women-ngd-stdm-na-s-76407,118141.5,238493.0,0.4953667403236154,
2742,Glamorously Detailed And Diamond Studded 18KT Rose Gold Necklace For Women,https://www.bhimagold.com/products/glamorously-detailed-and-diamond-studded-18kt-rose-gold-necklace-for-women-ngd-chdn18k-s-78097,206093.92,416073.0,0.4953311558308278,
2743,Glamorously Detailed And Diamond Studded 18KT Rose Gold Ring For Women,https://www.bhimagold.com/products/glamorously-detailed-and-diamond-studded-18kt-rose-gold-ring-for-women-ngd-rgdr18k-s-80482,23937.9,48440.0,0.4941763005780347,
2744,Glamorously Detailed And Diamond Studded 18KT Rose Gold Necklace For Women,https://www.bhimagold.com/products/glamorously-detailed-and-diamond-studded-18kt-rose-gold-necklace-for-women-ngd-chdn18k-s-79588,197886.64,400617.0,0.4939546749139453,
2745,Glamorously Detailed And Diamond Studded 18KT Rose Gold Necklace For Women,https://www.bhimagold.com/products/glamorously-detailed-and-diamond-studded-18kt-rose-gold-necklace-for-women-ngd-chdn18k-s-79759,199596.49,404232.0,0.4937671683587643,
2746,Glamorously Detailed And Diamond Studded 18KT Rose Gold Necklace For Women,https://www.bhimagold.com/products/glamorously-detailed-and-diamond-studded-18kt-rose-gold-necklace-for-women-ngd-chdn18k-s-80226,242228.75,490634.0,0.4937055931712845,
2747,Glamorously Detailed And Diamond Studded 18KT Rose Gold Studs For Women,https://www.bhimagold.com/products/glamorously-detailed-and-diamond-studded-18kt-rose-gold-studs-for-women-ngd-stmn18k-s-78033,116725.76,236722.0,0.49309215028598946,
2748,Glamorously Detailed And Diamond Studded 18KT Rose Gold Necklace With Changeable Stones For Women,https://www.bhimagold.com/products/glamorously-detailed-and-diamond-studded-18kt-rose-gold-necklace-with-changeable-stones-for-women-ngd-chdn18k-s-77895,179762.23,364889.0,0.4926490795831061,
2749,Glamorously Detailed And Diamond Studded 18KT Rose Gold Studs For Women,https://www.bhimagold.com/products/glamorously-detailed-and-diamond-studded-18kt-rose-gold-studs-for-women-ngd-stmn18k-na-s-81823,24165.88,49086.0,0.4923171576416901,
2750,Divinely Detailed And Diamond Studded 18KT Rose Gold Sri Krishna Locket For Women,https://www.bhimagold.com/products/divinely-detailed-and-diamond-studded-18kt-rose-gold-sri-krishna-locket-for-women-ngd-chld18k-s-81933,132114.41,268371.0,0.4922827354669469,
2751,Glamorously Detailed And Diamond Studded 18KT Rose Gold Necklace For Women,https://www.bhimagold.com/products/glamorously-detailed-and-diamond-studded-18kt-rose-gold-necklace-for-women-ngd-chdn18k-s-79766,191161.23,388622.0,0.49189502910283,
2752,Glamorously Detailed And Diamond Studded 18KT Rose Gold Ring For Women,https://www.bhimagold.com/products/glamorously-detailed-and-diamond-studded-18kt-rose-gold-ring-for-women-ngd-rgdr18k-na-s-80448,31233.26,63596.0,0.4911198817535694,
2753,Glamorously Detailed And Diamond Studded 18KT Rose Gold Studs For Women,https://www.bhimagold.com/products/glamorously-detailed-and-diamond-studded-18kt-rose-gold-studs-for-women-ngd-stmn18k-s-77970,135078.15,275155.0,0.49091657429448854,
2754,Glamorously Detailed And Diamond Studded 18KT Rose Gold Bangles With Changeable Stones For Women,https://www.bhimagold.com/products/glamorously-detailed-and-diamond-studded-18kt-rose-gold-bangles-with-changeable-stones-for-women-ngd-bgdb18k-s-80394,462913.39,944175.0,0.4902834644001377,
2755,Divinely Detailed And Diamond Studded 18KT Rose Gold Sri Krishna Locket For Women,https://www.bhimagold.com/products/divinely-detailed-and-diamond-studded-18kt-rose-gold-sri-krishna-locket-for-women-ngd-chld18k-s-79472,133026.33,271362.0,0.4902172374908793,
2756,Glamorously Detailed And Diamond Studded 18KT Rose Gold Necklace For Women,https://www.bhimagold.com/products/glamorously-detailed-and-diamond-studded-18kt-rose-gold-necklace-for-women-ngd-chdn18k-s-80243,190363.3,388646.0,0.48981155087148714,
2757,Studded And Detailed 22KT Gold Locket,https://www.bhimagold.com/products/studded-and-detailed-22kt-gold-locket-ngo-bslc-brs-s-l-p-24487570,34330.53,70107.0,0.489687620351748,
2758,Glamorously Detailed And Diamond Studded 18KT Rose Gold Studs For Women,https://www.bhimagold.com/products/glamorously-detailed-and-diamond-studded-18kt-rose-gold-studs-for-women-ngd-stdm18k-s-78021,77855.17,159362.0,0.4885428772229264,
2759,Traditionally Crafted And Diamond Studded 22KT Gold Tanmaniya For Women,https://www.bhimagold.com/products/traditionally-crafted-and-diamond-studded-22kt-gold-tanmaniya-for-women-ngd-chtm-s-81705,257270.49,526669.0,0.48848610797293934,
2760,Glamorously Detailed And Diamond Studded 18KT Rose Gold Ring For Women,https://www.bhimagold.com/products/glamorously-detailed-and-diamond-studded-18kt-rose-gold-ring-for-women-ngd-rgdr18k-s-81889,26901.64,55087.0,0.4883482491331893,
2761,Divinely Detailed And Diamond Studded 18KT Rose Gold Sri Krishna Locket For Women,https://www.bhimagold.com/products/divinely-detailed-and-diamond-studded-18kt-rose-gold-sri-krishna-locket-for-women-ngd-chld18k-s-78051,36476.8,74744.0,0.4880231189125549,
2762,Glamorously Detailed And Diamond Studded 18KT Rose Gold Necklace For Women,https://www.bhimagold.com/products/glamorously-detailed-and-diamond-studded-18kt-rose-gold-necklace-for-women-ngd-chdn18k-s-80262,153544.53,314750.0,0.48783011914217633,
2763,Glamorously Detailed And Diamond Studded 18KT Rose Gold Studs For Women,https://www.bhimagold.com/products/glamorously-detailed-and-diamond-studded-18kt-rose-gold-studs-for-women-ngd-stmn18k-s-79436,24621.84,50483.0,0.4877253728978072,
2764,Glamorously Detailed And Diamond Studded 18KT Rose Gold Studs For Women,https://www.bhimagold.com/products/glamorously-detailed-and-diamond-studded-18kt-rose-gold-studs-for-women-ngd-stmn18k-s-76380,49357.67,101292.0,0.4872810291039766,
2765,Glamorously Detailed And Diamond Studded 18KT Rose Gold Necklace For Women,https://www.bhimagold.com/products/glamorously-detailed-and-diamond-studded-18kt-rose-gold-necklace-for-women-ngd-chdn18k-s-78023,532219.31,1093199.0,0.4868457709895454,
2766,Glamorously Detailed And Diamond Studded 18KT Rose Gold Studs For Women,https://www.bhimagold.com/products/glamorously-detailed-and-diamond-studded-18kt-rose-gold-studs-for-women-ngd-stdm18k-s-81824,38072.66,78242.0,0.48660131387234484,
2767,Glamorously Detailed And Diamond Studded 18KT Rose Gold Ring For Women,https://www.bhimagold.com/products/glamorously-detailed-and-diamond-studded-18kt-rose-gold-ring-for-women-ngd-rgdr18k-s-81880,30435.33,62548.0,0.48659157766835076,
2768,Classic Finely Detailed And Crafted 22KT Gold Ring For Men,https://www.bhimagold.com/products/classic-finely-detailed-and-crafted-22kt-gold-ring-for-men-ngo-bsrg-brs-s-g-p-25738701,103408.56,212656.0,0.48627153713038895,
2769,Traditionally Crafted And Diamond Studded 22KT Gold Close Setting Ring For Women,https://www.bhimagold.com/products/traditionally-crafted-and-diamond-studded-22kt-gold-close-setting-ring-for-women-ngd-rgdr-s-80469,75332.58,154969.0,0.4861138679348773,
2770,Charmingly Detailed And Diamond Studded 18KT Rose Gold Tanmaniya For Women,https://www.bhimagold.com/products/charmingly-detailed-and-diamond-studded-18kt-rose-gold-tanmaniya-for-women-ngd-chtm18k-s-81409,46051.96,94736.0,0.48610834318527274,
2771,Glamorously Detailed And Diamond Studded 18KT Rose Gold Studs For Women,https://www.bhimagold.com/products/glamorously-detailed-and-diamond-studded-18kt-rose-gold-studs-for-women-ngd-stmn18k-s-77961,67938.04,139899.0,0.4856220559117649,
2772,Glamorously Detailed And Diamond Studded 18KT Rose Gold Necklace For Women,https://www.bhimagold.com/products/glamorously-detailed-and-diamond-studded-18kt-rose-gold-necklace-for-women-ngd-chdn18k-s-77857,97917.41,201743.0,0.4853571623302915,
2773,Traditionally Crafted And Diamond Studded 22KT Gold Nose Stud For Women,https://www.bhimagold.com/products/traditionally-crafted-and-diamond-studded-22kt-gold-nose-stud-for-women-ngd-stdn-s-81729,11119.2,22930.0,0.4849193196685565,
2774,Charmingly Detailed & Diamond Studded 18KT Rose Gold Matty For Women,https://www.bhimagold.com/products/charmingly-detailed-&-diamond-studded-18kt-rose-gold-matty-for-women-ngd-chld18k-na-s-77754,160383.93,330811.0,0.48482042616478893,
2775,Glamorously Detailed And Diamond Studded 18KT Rose Gold Studs For Women,https://www.bhimagold.com/products/glamorously-detailed-and-diamond-studded-18kt-rose-gold-studs-for-women-ngd-stmn18k-s-79583,18010.42,37207.0,0.4840599887118015,
2776,Glamorously Detailed And Diamond Studded 18KT Rose Gold Studs For Women,https://www.bhimagold.com/products/glamorously-detailed-and-diamond-studded-18kt-rose-gold-studs-for-women-ngd-stdm18k-s-80392,21886.08,45278.0,0.48337117363841164,
2777,Glamorously Detailed And Diamond Studded 18KT Yellow Gold Studs For Women,https://www.bhimagold.com/products/glamorously-detailed-and-diamond-studded-18kt-yellow-gold-studs-for-women-ngd-stmn18k-s-77772,40238.47,83253.0,0.4833275677753354,
2778,Charmingly Detailed And Diamond Studded 18KT Rose Gold Necklace For Women,https://www.bhimagold.com/products/charmingly-detailed-and-diamond-studded-18kt-rose-gold-necklace-for-women-ngd-chdn18k-s-77960,146477.15,303383.0,0.4828126493574129,
2779,Glamorously Detailed And Diamond Studded 18KT Rose Gold Necklace For Women,https://www.bhimagold.com/products/glamorously-detailed-and-diamond-studded-18kt-rose-gold-necklace-for-women-ngd-chdn18k-s-81819,219772.72,455259.0,0.482742175333162,
2780,Traditionally Crafted And Diamond Studded 22KT Gold Close Setting Studs For Women,https://www.bhimagold.com/products/traditionally-crafted-and-diamond-studded-22kt-gold-close-setting-studs-for-women-ngd-stdm-s-80295,120782.31,250390.0,0.4823767322976157,
2781,Glamorously Detailed And Diamond Studded 18KT Rose Gold Tanmaniya For Women,https://www.bhimagold.com/products/glamorously-detailed-and-diamond-studded-18kt-rose-gold-tanmaniya-for-women-ngd-chtm18k-na-s-79500,46279.94,95990.0,0.4821329305135952,
2782,Glamorously Detailed And Diamond Studded 18KT Rose Gold Tanmaniya For Women,https://www.bhimagold.com/products/glamorously-detailed-and-diamond-studded-18kt-rose-gold-tanmaniya-for-women-ngd-chtm18k-s-79431,46849.89,97597.0,0.48003411990122646,
2783,Charmingly Detailed And Diamond Studded 18KT Rose Gold Ring For Women,https://www.bhimagold.com/products/charmingly-detailed-and-diamond-studded-18kt-rose-gold-ring-for-women-ngd-rgdr18k-s-80417,26901.64,56076.0,0.4797353591554319,
2784,Traditionally Crafted And Diamond Studded 22KT Gold Close Setting Locket For Women,https://www.bhimagold.com/products/traditionally-crafted-and-diamond-studded-22kt-gold-close-setting-locket-for-women-ngd-chld-s-77742,117446.55,244915.0,0.4795400445052365,
2785,Traditionally Crafted And Diamond Studded 22KT Gold Close Setting Ring For Women,https://www.bhimagold.com/products/traditionally-crafted-and-diamond-studded-22kt-gold-close-setting-ring-for-women-ngd-rgdr-s-77938,58375.8,121743.0,0.4795002587417757,
2786,Glamorously Detailed And Diamond Studded 18KT Rose Gold Studs For Women,https://www.bhimagold.com/products/glamorously-detailed-and-diamond-studded-18kt-rose-gold-studs-for-women-ngd-stmn18k-s-80267,63378.44,132237.0,0.47927917299999245,
2787,Glamorously Detailed And Diamond Studded 18KT Rose Gold Necklace For Women,https://www.bhimagold.com/products/glamorously-detailed-and-diamond-studded-18kt-rose-gold-necklace-for-women-ngd-chdn18k-s-77964,219088.78,457781.0,0.4785886264392799,
2788,Glamorously Detailed And Diamond Studded 18KT Rose Gold Tanmaniya For Women,https://www.bhimagold.com/products/glamorously-detailed-and-diamond-studded-18kt-rose-gold-tanmaniya-for-women-ngd-chtm18k-s-81719,58020.91,121342.0,0.47816015888974966,
2789,Glamorously Detailed And Diamond Studded 18KT Rose Gold Ring For Women,https://www.bhimagold.com/products/glamorously-detailed-and-diamond-studded-18kt-rose-gold-ring-for-women-ngd-rgdr18k-s-80424,26673.66,55841.0,0.4776716033022331,
2790,Glamorously Detailed And Diamond Studded 18KT Rose Gold Necklace With Changeable Stones For Women,https://www.bhimagold.com/products/glamorously-detailed-and-diamond-studded-18kt-rose-gold-necklace-with-changeable-stones-for-women-ngd-chdh18k-s-81827,369099.62,773316.0,0.4772946893637271,
2791,Glamorously Detailed And Diamond Studded 18KT Rose Gold Studs For Women,https://www.bhimagold.com/products/glamorously-detailed-and-diamond-studded-18kt-rose-gold-studs-for-women-ngd-stdm18k-s-79439,32373.16,67830.0,0.4772690549904172,
2792,Glamorously Detailed And Diamond Studded 18KT Rose Gold Studs For Women,https://www.bhimagold.com/products/glamorously-detailed-and-diamond-studded-18kt-rose-gold-studs-for-women-ngd-stmn18k-s-77830,44342.11,93042.0,0.4765816512972636,
2793,Traditionally Crafted And Diamond Studded 22KT Gold Ring For Women,https://www.bhimagold.com/products/traditionally-crafted-and-diamond-studded-22kt-gold-ring-for-women-ngd-rgdr-s-80210,36137.4,75887.0,0.4762001396813684,
2794,Glamorously Detailed And Diamond Studded 18KT Rose Gold Studs For Women,https://www.bhimagold.com/products/glamorously-detailed-and-diamond-studded-18kt-rose-gold-studs-for-women-ngd-stmn18k-s-77679,38984.58,81962.0,0.475642126839267,
2795,Glamorously Detailed And Diamond Studded 18KT Rose Gold Necklace For Women,https://www.bhimagold.com/products/glamorously-detailed-and-diamond-studded-18kt-rose-gold-necklace-for-women-ngd-chdn18k-s-80494,174632.68,367562.0,0.4751108112372878,
2796,Traditionally Crafted And Diamond Studded 22KT Gold Close Setting Bangles For Women,https://www.bhimagold.com/products/traditionally-crafted-and-diamond-studded-22kt-gold-close-setting-bangles-for-women-ngd-bgdb-s-78060,333576.0,702704.0,0.4747034313167422,
2797,Glamorously Detailed And Diamond Studded 18KT Rose Gold Studs For Women,https://www.bhimagold.com/products/glamorously-detailed-and-diamond-studded-18kt-rose-gold-studs-for-women-ngd-stdm18k-s-77808,45823.98,96540.0,0.4746631448104413,
2798,Glamorously Detailed And Diamond Studded 18KT Rose Gold Studs For Women,https://www.bhimagold.com/products/glamorously-detailed-and-diamond-studded-18kt-rose-gold-studs-for-women-ngd-stdm18k-s-77801,86176.44,181650.0,0.4744092485549133,
2799,Glamorously Detailed And Diamond Studded 18KT Rose Gold Ring For Women,https://www.bhimagold.com/products/glamorously-detailed-and-diamond-studded-18kt-rose-gold-ring-for-women-ngd-rgdr18k-s-81905,18238.4,38462.0,0.4741927096874838,
2800,Glamorously Detailed And Diamond Studded 18KT Rose Gold Ring For Women,https://www.bhimagold.com/products/glamorously-detailed-and-diamond-studded-18kt-rose-gold-ring-for-women-ngd-rgdr18k-na-s-79512,38300.64,80794.0,0.47405302373938657,
2801,Glamorously Detailed And Diamond Studded 18KT Rose Gold Ring For Women,https://www.bhimagold.com/products/glamorously-detailed-and-diamond-studded-18kt-rose-gold-ring-for-women-ngd-rgdr18k-s-80363,19150.32,40421.0,0.47377155439004476,
2802,Glamorously Detailed And Diamond Studded 18KT Rose Gold Studs For Women,https://www.bhimagold.com/products/glamorously-detailed-and-diamond-studded-18kt-rose-gold-studs-for-women-ngd-stdm18k-s-80229,69305.92,146292.0,0.47375058102972134,
2803,Glamorously Detailed And Diamond Studded 18KT Rose Gold Ring For Women,https://www.bhimagold.com/products/glamorously-detailed-and-diamond-studded-18kt-rose-gold-ring-for-women-ngd-rgdr18k-s-80459,32829.12,69319.0,0.4735948297003708,
2804,Glamorously Detailed And Diamond Studded 18KT Rose Gold Ring For Men,https://www.bhimagold.com/products/glamorously-detailed-and-diamond-studded-18kt-rose-gold-ring-for-men-ngd-rggr18k-s-81850,58818.84,124203.0,0.47357020361827007,
2805,Glamorously Detailed And Diamond Studded 18KT Rose Gold Studs For Women,https://www.bhimagold.com/products/glamorously-detailed-and-diamond-studded-18kt-rose-gold-studs-for-women-ngd-stdm18k-s-77714,41036.4,86671.0,0.47347324941445235,
2806,Traditionally Crafted And Diamond Studded 22KT Gold Studs For Women,https://www.bhimagold.com/products/traditionally-crafted-and-diamond-studded-22kt-gold-studs-for-women-ngd-stdm-s-78027,127870.8,270617.0,0.4725157695192837,
2807,Glamorously Detailed And Diamond Studded 18KT Rose Gold Studs For Women,https://www.bhimagold.com/products/glamorously-detailed-and-diamond-studded-18kt-rose-gold-studs-for-women-ngd-stmn18k-s-80325,63378.44,134276.0,0.47200125115433883,
2808,Charmingly Detailed And Diamond Studded 18KT Rose Gold Studs For Women,https://www.bhimagold.com/products/charmingly-detailed-and-diamond-studded-18kt-rose-gold-studs-for-women-ngd-stmn18k-s-77799,39212.56,83124.0,0.4717357201289639,
2809,Glamorously Detailed And Diamond Studded 18KT Rose Gold Tanmaniya For Women,https://www.bhimagold.com/products/glamorously-detailed-and-diamond-studded-18kt-rose-gold-tanmaniya-for-women-ngd-chtm18k-s-79757,43430.19,92196.0,0.4710637120916309,
2810,Divinely Detailed And Diamond Studded 18KT Rose Gold Sri Krishna Locket For Women,https://www.bhimagold.com/products/divinely-detailed-and-diamond-studded-18kt-rose-gold-sri-krishna-locket-for-women-ngd-chld18k-s-80463,62580.51,133176.0,0.4699083168138403,
2811,Glamorously Detailed And Diamond Studded 18KT Rose Gold Necklace For Women,https://www.bhimagold.com/products/glamorously-detailed-and-diamond-studded-18kt-rose-gold-necklace-for-women-ngd-chdn18k-s-81927,147731.04,314558.0,0.46964642450676825,
2812,Glamorously Detailed And Diamond Studded 18KT Rose Gold Studs For Women,https://www.bhimagold.com/products/glamorously-detailed-and-diamond-studded-18kt-rose-gold-studs-for-women-ngd-stmn18k-s-81898,26217.7,55835.0,0.4695567296498612,
2813,Glamorously Detailed And Diamond Studded 18KT Rose Gold Ring For Women,https://www.bhimagold.com/products/glamorously-detailed-and-diamond-studded-18kt-rose-gold-ring-for-women-ngd-rgdr18k-na-s-77944,34766.95,74095.0,0.46922126999122743,
2814,Glamorously Detailed And Diamond Studded 18KT Rose Gold Studs For Women,https://www.bhimagold.com/products/glamorously-detailed-and-diamond-studded-18kt-rose-gold-studs-for-women-ngd-stmn18k-s-80365,37958.67,80905.0,0.4691758234966936,
2815,Glamorously Detailed And Diamond Studded 18KT Rose Gold Studs For Women,https://www.bhimagold.com/products/glamorously-detailed-and-diamond-studded-18kt-rose-gold-studs-for-women-ngd-stmn18k-na-s-80410,26673.66,56861.0,0.46910290005451893,
2816,Glamorously Detailed And Diamond Studded 18KT Rose Gold Ring For Women,https://www.bhimagold.com/products/glamorously-detailed-and-diamond-studded-18kt-rose-gold-ring-for-women-ngd-rgdr18k-s-80214,17098.5,36453.0,0.46905604476997775,
2817,Glamorously Detailed And Diamond Studded 18KT Rose Gold Ring For Women,https://www.bhimagold.com/products/glamorously-detailed-and-diamond-studded-18kt-rose-gold-ring-for-women-ngd-rgdr18k-s-77864,17782.44,37992.0,0.4680574857864813,
2818,Glamorously Detailed And Diamond Studded 18KT Rose Gold Ring For Women,https://www.bhimagold.com/products/glamorously-detailed-and-diamond-studded-18kt-rose-gold-ring-for-women-ngd-rgdr18k-s-80241,22342.04,47787.0,0.46753384811768894,
2819,Glamorously Detailed And Diamond Studded 18KT Rose Gold Necklace For Women,https://www.bhimagold.com/products/glamorously-detailed-and-diamond-studded-18kt-rose-gold-necklace-for-women-ngd-chdn18k-s-78055,190363.3,408380.0,0.46614256329888826,
2820,Glamorously Detailed And Diamond Studded 18KT Rose Gold Studs For Women,https://www.bhimagold.com/products/glamorously-detailed-and-diamond-studded-18kt-rose-gold-studs-for-women-ngd-stmn18k-s-81416,51523.48,110564.0,0.46600593321515144,
2821,Traditionally Crafted And Diamond Studded 22KT Gold Close Setting Locket For Women,https://www.bhimagold.com/products/traditionally-crafted-and-diamond-studded-22kt-gold-close-setting-locket-for-women-ngd-chld-s-78025,141491.82,303691.0,0.46590718855678964,
2822,Traditionally Crafted And Diamond Studded 22KT Gold Close Setting Bangles For Women,https://www.bhimagold.com/products/traditionally-crafted-and-diamond-studded-22kt-gold-close-setting-bangles-for-women-ngd-bgdb-s-77931,294102.84,631462.0,0.4657490712030178,
2823,Glamorously Detailed And Diamond Studded 18KT Rose Gold Necklace For Women,https://www.bhimagold.com/products/glamorously-detailed-and-diamond-studded-18kt-rose-gold-necklace-for-women-ngd-chdn18k-s-76419,153544.53,329767.0,0.46561520710077114,
2824,Glamorously Detailed And Diamond Studded 18KT Rose Gold Studs For Women,https://www.bhimagold.com/products/glamorously-detailed-and-diamond-studded-18kt-rose-gold-studs-for-women-ngd-stmn18k-s-80521,95979.58,206514.0,0.4647606457673572,
2825,Glamorously Detailed And Diamond Studded 18KT Rose Gold Studs For Women,https://www.bhimagold.com/products/glamorously-detailed-and-diamond-studded-18kt-rose-gold-studs-for-women-ngd-stmn18k-s-80427,38072.66,81950.0,0.4645840146430751,
2826,Glamorously Detailed And Diamond Studded 18KT Rose Gold Ring For Women,https://www.bhimagold.com/products/glamorously-detailed-and-diamond-studded-18kt-rose-gold-ring-for-women-ngd-rgdr18k-s-80364,27699.57,59627.0,0.4645474365639727,
2827,Traditionally Crafted And Diamond Studded 22KT Gold Close Setting Locket For Women,https://www.bhimagold.com/products/traditionally-crafted-and-diamond-studded-22kt-gold-close-setting-locket-for-women-ngd-chld-s-76414,85478.85,184238.0,0.463958846709148,
2828,Traditionally Crafted And Diamond Studded 22KT Gold Close Setting Studs For Women,https://www.bhimagold.com/products/traditionally-crafted-and-diamond-studded-22kt-gold-close-setting-studs-for-women-ngd-stdm-s-79514,113832.81,245364.0,0.4639344402601849,
2829,Traditionally Crafted And Diamond Studded 22KT Gold Locket For Women,https://www.bhimagold.com/products/traditionally-crafted-and-diamond-studded-22kt-gold-locket-for-women-ngd-chld-s-79764,30299.82,65311.0,0.46393134387775414,
2830,Glamorously Detailed And Diamond Studded 18KT Rose Gold Studs For Women,https://www.bhimagold.com/products/glamorously-detailed-and-diamond-studded-18kt-rose-gold-studs-for-women-ngd-stmn18k-s-77917,90850.03,196120.0,0.46323694676728533,
2831,Glamorously Detailed And Diamond Studded 18KT Rose Gold Ring For Women,https://www.bhimagold.com/products/glamorously-detailed-and-diamond-studded-18kt-rose-gold-ring-for-women-ngd-rgdr18k-na-s-79526,26901.64,58115.0,0.4629035532994924,
2832,Glamorously Detailed And Diamond Studded 18KT Rose Gold Studs For Women,https://www.bhimagold.com/products/glamorously-detailed-and-diamond-studded-18kt-rose-gold-studs-for-women-ngd-stmn18k-s-80506,50725.55,109743.0,0.46222128062837725,
2833,Glamorously Detailed And Diamond Studded 18KT Rose Gold Ring For Women,https://www.bhimagold.com/products/glamorously-detailed-and-diamond-studded-18kt-rose-gold-ring-for-women-ngd-rgdr18k-na-s-77824,47989.79,103869.0,0.46202225880676623,
2834,Glamorously Detailed And Diamond Studded 18KT Rose Gold Tanmaniya For Women,https://www.bhimagold.com/products/glamorously-detailed-and-diamond-studded-18kt-rose-gold-tanmaniya-for-women-ngd-chtm18k-s-77791,40922.41,88593.0,0.46191471109455606,
2835,Glamorously Detailed And Diamond Studded 18KT Rose Gold Studs For Women,https://www.bhimagold.com/products/glamorously-detailed-and-diamond-studded-18kt-rose-gold-studs-for-women-ngd-stmn18k-s-81783,26901.64,58393.0,0.4606997414073605,
2836,Charmingly Detailed And Diamond Studded 18KT Rose Gold Ring For Women,https://www.bhimagold.com/products/charmingly-detailed-and-diamond-studded-18kt-rose-gold-ring-for-women-ngd-rgdr18k-s-80306,17326.48,37615.0,0.4606268775754353,
2837,Glamorously Detailed & Diamond Studded 18KT Rose Gold Bracelet For Women,https://www.bhimagold.com/products/glamorously-detailed-&-diamond-studded-18kt-rose-gold-bracelet-for-women-ngd-bgdk18k-s-77764,110798.28,240627.0,0.46045655724419954,
2838,Glamorously Detailed And Diamond Studded 18KT Rose Gold Bangles For Women,https://www.bhimagold.com/products/glamorously-detailed-and-diamond-studded-18kt-rose-gold-bangles-for-women-ngd-bgdb18k-s-78040,223306.41,485411.0,0.46003574290652666,
2839,Traditionally Crafted And Diamond Studded 22KT Gold Studs For Women,https://www.bhimagold.com/products/traditionally-crafted-and-diamond-studded-22kt-gold-studs-for-women-ngd-stdm-na-s-79482,84922.89,184768.0,0.4596190357637686,
2840,Glamorously Detailed And Diamond Studded 18KT Rose Gold Ring For Women,https://www.bhimagold.com/products/glamorously-detailed-and-diamond-studded-18kt-rose-gold-ring-for-women-ngd-rgdr18k-s-77984,28269.52,61563.0,0.45919659535760116,
2841,Glamorously Detailed And Diamond Studded 18KT Rose Gold Studs For Women,https://www.bhimagold.com/products/glamorously-detailed-and-diamond-studded-18kt-rose-gold-studs-for-women-ngd-stmn18k-s-79460,37160.74,81010.0,0.45871793605727684,
2842,Charmingly Detailed And Diamond Studded 18KT Rose Gold Ring For Women,https://www.bhimagold.com/products/charmingly-detailed-and-diamond-studded-18kt-rose-gold-ring-for-women-ngd-rgdr18k-s-81913,19606.28,42744.0,0.45869081040613885,
2843,Glamorously Detailed And Diamond Studded 18KT Rose Gold Ring For Women,https://www.bhimagold.com/products/glamorously-detailed-and-diamond-studded-18kt-rose-gold-ring-for-women-ngd-rgdr18k-s-80308,19606.28,42744.0,0.45869081040613885,
2844,Traditionally Crafted And Diamond Studded 22KT Gold Close Setting Locket For Women,https://www.bhimagold.com/products/traditionally-crafted-and-diamond-studded-22kt-gold-close-setting-locket-for-women-ngd-chld-s-76413,83532.99,182234.0,0.4583831227981606,
2845,Glamorously Detailed And Diamond Studded 18KT Rose Gold Necklace For Women,https://www.bhimagold.com/products/glamorously-detailed-and-diamond-studded-18kt-rose-gold-necklace-for-women-ngd-chdn18k-s-79510,163461.66,356748.0,0.4581992330720845,
2846,Glamorously Detailed And Diamond Studded 18KT Rose Gold Ring For Women,https://www.bhimagold.com/products/glamorously-detailed-and-diamond-studded-18kt-rose-gold-ring-for-women-ngd-rgdr18k-s-81903,26673.66,58344.0,0.4571791443850267,
2847,Glamorously Detailed And Diamond Studded 18KT Rose Gold Studs For Women,https://www.bhimagold.com/products/glamorously-detailed-and-diamond-studded-18kt-rose-gold-studs-for-women-ngd-stmn18k-s-80189,44912.06,98264.0,0.4570550761214687,
2848,Glamorously Detailed And Diamond Studded 18KT Rose Gold Studs For Women,https://www.bhimagold.com/products/glamorously-detailed-and-diamond-studded-18kt-rose-gold-studs-for-women-ngd-stdm18k-s-80552,49927.62,109295.0,0.45681522485017617,
2849,Glamorously Detailed And Diamond Studded 18KT Rose Gold Studs For Women,https://www.bhimagold.com/products/glamorously-detailed-and-diamond-studded-18kt-rose-gold-studs-for-women-ngd-stmn18k-s-80514,44798.07,98147.0,0.45643850550704557,
2850,Diamond Studded & Detailed 22KT Gold Pendant For Women,https://www.bhimagold.com/products/diamond-studded-&-detailed-22kt-gold-pendant-for-women-ngd-chld-s-81750,95069.16,208392.0,0.4562035010940919,
2851,Glamorously Detailed And Diamond Studded 18KT Rose Gold Ring For Women,https://www.bhimagold.com/products/glamorously-detailed-and-diamond-studded-18kt-rose-gold-ring-for-women-ngd-rgdr18k-s-77902,26787.65,58733.0,0.45609197555037206,
2852,Glamorously Detailed And Diamond Studded 18KT Rose Gold Studs For Women,https://www.bhimagold.com/products/glamorously-detailed-and-diamond-studded-18kt-rose-gold-studs-for-women-ngd-stmn18k-s-80535,45709.99,100316.0,0.4556600143546393,
2853,Glamorously Detailed And Diamond Studded 18KT Rose Gold Studs For Women,https://www.bhimagold.com/products/glamorously-detailed-and-diamond-studded-18kt-rose-gold-studs-for-women-ngd-stmn18k-na-s-81385,36248.82,79569.0,0.45556460430569695,
2854,Glamorously Detailed And Diamond Studded 18KT Rose Gold Necklace For Women,https://www.bhimagold.com/products/glamorously-detailed-and-diamond-studded-18kt-rose-gold-necklace-for-women-ngd-chdn18k-s-77724,137357.95,301628.0,0.4553885912448447,
2855,Glamorously Detailed And Diamond Studded 18KT Rose Gold Studs For Women,https://www.bhimagold.com/products/glamorously-detailed-and-diamond-studded-18kt-rose-gold-studs-for-women-ngd-stmn18k-na-s-80256,47419.84,104240.0,0.45491020721412123,
2856,Glamorously Detailed And Diamond Studded 18KT Rose Gold Studs For Women,https://www.bhimagold.com/products/glamorously-detailed-and-diamond-studded-18kt-rose-gold-studs-for-women-ngd-stmn18k-s-80532,34197.0,75177.0,0.45488646793567183,
2857,Glamorously Detailed And Diamond Studded 18KT Rose Gold Studs For Women,https://www.bhimagold.com/products/glamorously-detailed-and-diamond-studded-18kt-rose-gold-studs-for-women-ngd-stmn18k-s-81814,35678.87,78480.0,0.4546237257900102,
2858,Glamorously Detailed & Diamond Studded 18KT Rose Gold Matty For Women,https://www.bhimagold.com/products/glamorously-detailed-&-diamond-studded-18kt-rose-gold-matty-for-women-ngd-chld18k-na-s-80242,151948.67,334279.0,0.45455643339844864,
2859,Glamorously Detailed And Diamond Studded 18KT Rose Gold Studs For Women,https://www.bhimagold.com/products/glamorously-detailed-and-diamond-studded-18kt-rose-gold-studs-for-women-ngd-stmn18k-na-s-76404,64176.37,141479.0,0.45361057118017517,
2860,Glamorously Detailed And Diamond Studded 18KT Rose Gold Ring For Women,https://www.bhimagold.com/products/glamorously-detailed-and-diamond-studded-18kt-rose-gold-ring-for-women-ngd-rgdr18k-na-s-77831,33627.05,74220.0,0.45307262193478853,
2861,Glamorously Detailed And Diamond Studded 18KT Rose Gold Studs For Women,https://www.bhimagold.com/products/glamorously-detailed-and-diamond-studded-18kt-rose-gold-studs-for-women-ngd-stdm18k-s-80533,32715.13,72261.0,0.45273563886467116,
2862,Charmingly Detailed And Diamond Studded 18KT Rose Gold Ring For Women,https://www.bhimagold.com/products/charmingly-detailed-and-diamond-studded-18kt-rose-gold-ring-for-women-ngd-rgdr18k-na-s-77997,43658.17,96458.0,0.4526132617304941,
2863,Glamorously Detailed And Diamond Studded 18KT Rose Gold Ring For Women,https://www.bhimagold.com/products/glamorously-detailed-and-diamond-studded-18kt-rose-gold-ring-for-women-ngd-rgdr18k-s-80371,26331.69,58239.0,0.45213156132488536,
2864,Glamorously Detailed And Diamond Studded 18KT Rose Gold Tanmaniya For Women,https://www.bhimagold.com/products/glamorously-detailed-and-diamond-studded-18kt-rose-gold-tanmaniya-for-women-ngd-chtm18k-s-80194,267648.52,592123.0,0.4520150711929785,
2865,Charmingly Detailed And Diamond Studded 18KT Rose Gold Ring For Women,https://www.bhimagold.com/products/charmingly-detailed-and-diamond-studded-18kt-rose-gold-ring-for-women-ngd-rgdr18k-s-77720,75689.36,167514.0,0.45183901047076663,
2866,Glamorously Detailed And Diamond Studded 18KT Rose Gold Studs For Women,https://www.bhimagold.com/products/glamorously-detailed-and-diamond-studded-18kt-rose-gold-studs-for-women-ngd-stdm18k-s-76422,32601.14,72195.0,0.4515706073827827,
2867,Glamorously Detailed And Diamond Studded 18KT Rose Gold Necklace For Women,https://www.bhimagold.com/products/glamorously-detailed-and-diamond-studded-18kt-rose-gold-necklace-for-women-ngd-chdn18k-s-79743,162435.75,359940.0,0.4512856309384897,
2868,Glamorously Detailed And Diamond Studded 18KT Rose Gold Studs For Women,https://www.bhimagold.com/products/glamorously-detailed-and-diamond-studded-18kt-rose-gold-studs-for-women-ngd-stmn18k-s-81881,45823.98,101639.0,0.4508503625576797,
2869,Glamorously Detailed And Diamond Studded 18KT Rose Gold Studs For Women,https://www.bhimagold.com/products/glamorously-detailed-and-diamond-studded-18kt-rose-gold-studs-for-women-ngd-stmn18k-s-81773,23481.94,52090.0,0.4507955461700902,
2870,Glamorously Detailed And Diamond Studded 18KT Rose Gold Bangles For Women,https://www.bhimagold.com/products/glamorously-detailed-and-diamond-studded-18kt-rose-gold-bangles-for-women-ngd-bgdb18k-s-80449,179762.23,398956.0,0.4505815929576194,
2871,Glamorously Detailed And Diamond Studded 18KT Rose Gold Necklace For Women,https://www.bhimagold.com/products/glamorously-detailed-and-diamond-studded-18kt-rose-gold-necklace-for-women-ngd-chdn18k-s-77862,280415.4,622782.0,0.45026253167239905,
2872,Glamorously Detailed And Diamond Studded 18KT Rose Gold Ring For Women,https://www.bhimagold.com/products/glamorously-detailed-and-diamond-studded-18kt-rose-gold-ring-for-women-ngd-rgdr18k-na-s-76410,32373.16,71908.0,0.45020248094787785,
2873,Glamorously Detailed And Diamond Studded 18KT Rose Gold Ring For Women,https://www.bhimagold.com/products/glamorously-detailed-and-diamond-studded-18kt-rose-gold-ring-for-women-ngd-rgdr18k-s-80335,26331.69,58548.0,0.4497453371592539,
2874,Glamorously Detailed And Diamond Studded 18KT Rose Gold Studs For Women,https://www.bhimagold.com/products/glamorously-detailed-and-diamond-studded-18kt-rose-gold-studs-for-women-ngd-stmn18k-s-77844,31917.2,70975.0,0.44969637196195844,
2875,Glamorously Detailed And Diamond Studded 18KT Rose Gold Studs For Women,https://www.bhimagold.com/products/glamorously-detailed-and-diamond-studded-18kt-rose-gold-studs-for-women-ngd-stmn18k-s-80544,51751.46,115192.0,0.4492626224043336,
2876,Glamorously Detailed And Diamond Studded 18KT Rose Gold Studs For Women,https://www.bhimagold.com/products/glamorously-detailed-and-diamond-studded-18kt-rose-gold-studs-for-women-ngd-stmn18k-s-79778,29751.39,66234.0,0.44918606757858504,
2877,Glamorously Detailed And Diamond Studded 18KT Rose Gold Necklace For Women,https://www.bhimagold.com/products/glamorously-detailed-and-diamond-studded-18kt-rose-gold-necklace-for-women-ngd-chdn18k-s-79451,166995.35,371937.0,0.4489882695187626,
2878,Diamond Studded & Detailed 18KT Rose Gold Bracelet For Women,https://www.bhimagold.com/products/diamond-studded-&-detailed-18kt-rose-gold-bracelet-for-women-ngd-bgdk18k-s-81909,44342.11,98813.0,0.4487477356218311,
2879,Traditionally Crafted And Diamond Studded 22KT Gold Close Setting Locket For Women,https://www.bhimagold.com/products/traditionally-crafted-and-diamond-studded-22kt-gold-close-setting-locket-for-women-ngd-chld-s-76395,38500.23,85808.0,0.4486787945179937,
2880,Charmingly Detailed And Diamond Studded 18KT Rose Gold Studs For Women,https://www.bhimagold.com/products/charmingly-detailed-and-diamond-studded-18kt-rose-gold-studs-for-women-ngd-stdm18k-s-81885,16300.57,36352.0,0.4484091659330986,
2881,Glamorously Detailed And Diamond Studded 18KT Rose Gold Studs For Women,https://www.bhimagold.com/products/glamorously-detailed-and-diamond-studded-18kt-rose-gold-studs-for-women-ngd-stmn18k-s-78089,29751.39,66350.0,0.44840075357950265,
2882,Glamorously Detailed And Diamond Studded 18KT Rose Gold Studs For Women,https://www.bhimagold.com/products/glamorously-detailed-and-diamond-studded-18kt-rose-gold-studs-for-women-ngd-stdm18k-s-80339,45596.0,101750.0,0.4481179361179361,
2883,Traditionally Crafted And Diamond Studded 22KT Gold Studs For Women,https://www.bhimagold.com/products/traditionally-crafted-and-diamond-studded-22kt-gold-studs-for-women-ngd-stdm-na-s-80352,91038.45,203221.0,0.4479775712155732,
2884,Studded And Detailed 22KT Gold Locket For Women,https://www.bhimagold.com/products/studded-and-detailed-22kt-gold-locket-for-women-ngo-chlc-rud-s-l-na-26121826,43781.85,97735.0,0.44796490510052694,
2885,Glamorously Detailed And Diamond Studded 18KT Rose Gold Ring For Men,https://www.bhimagold.com/products/glamorously-detailed-and-diamond-studded-18kt-rose-gold-ring-for-men-ngd-rggr18k-s-80237,47761.81,106694.0,0.44765225785892365,
2886,Glamorously Detailed And Diamond Studded 18KT Rose Gold Studs For Women,https://www.bhimagold.com/products/glamorously-detailed-and-diamond-studded-18kt-rose-gold-studs-for-women-ngd-stdm18k-na-s-80272,46507.92,103919.0,0.44754010334972427,
2887,Glamorously Detailed And Diamond Studded 18KT Rose Gold Ring For Women,https://www.bhimagold.com/products/glamorously-detailed-and-diamond-studded-18kt-rose-gold-ring-for-women-ngd-rgdr18k-s-80488,16300.57,36466.0,0.4470073493116876,
2888,Glamorously Detailed And Diamond Studded 18KT Rose Gold Studs For Women,https://www.bhimagold.com/products/glamorously-detailed-and-diamond-studded-18kt-rose-gold-studs-for-women-ngd-stmn18k-s-80188,59502.78,133328.0,0.44628870154806194,
2889,Glamorously Detailed And Diamond Studded 18KT Rose Gold Studs For Women,https://www.bhimagold.com/products/glamorously-detailed-and-diamond-studded-18kt-rose-gold-studs-for-women-ngd-stdm18k-s-81766,26787.65,60037.0,0.44618568549394544,
2890,Glamorously Detailed And Diamond Studded 18KT Rose Gold Locket For Women,https://www.bhimagold.com/products/glamorously-detailed-and-diamond-studded-18kt-rose-gold-locket-for-women-ngd-chld18k-s-79754,24393.86,54677.0,0.4461448140900196,
2891,Glamorously Detailed And Diamond Studded 18KT Rose Gold Studs For Women,https://www.bhimagold.com/products/glamorously-detailed-and-diamond-studded-18kt-rose-gold-studs-for-women-ngd-stdm18k-s-79489,39782.51,89273.0,0.4456275693658777,
2892,Glamorously Detailed And Diamond Studded 18KT Rose Gold Necklace For Women,https://www.bhimagold.com/products/glamorously-detailed-and-diamond-studded-18kt-rose-gold-necklace-for-women-ngd-chdn18k-s-79745,158332.11,355440.0,0.4454538318703578,
2893,Glamorously Detailed And Diamond Studded 18KT Rose Gold Tanmaniya For Women,https://www.bhimagold.com/products/glamorously-detailed-and-diamond-studded-18kt-rose-gold-tanmaniya-for-women-ngd-chtm18k-s-78100,70901.78,159245.0,0.4452370875066721,
2894,Glamorously Detailed And Diamond Studded 18KT Rose Gold Ring For Women,https://www.bhimagold.com/products/glamorously-detailed-and-diamond-studded-18kt-rose-gold-ring-for-women-ngd-rgdr18k-s-80413,18694.36,41990.0,0.44520981185996666,
2895,Glamorously Detailed And Diamond Studded 18KT Rose Gold Studs For Women,https://www.bhimagold.com/products/glamorously-detailed-and-diamond-studded-18kt-rose-gold-studs-for-women-ngd-stdm18k-s-81788,26673.66,59920.0,0.4451545393858478,
2896,Glamorously Detailed And Diamond Studded 18KT Rose Gold Ring For Women,https://www.bhimagold.com/products/glamorously-detailed-and-diamond-studded-18kt-rose-gold-ring-for-women-ngd-rgdr18k-s-77951,66684.15,150020.0,0.444501733102253,
2897,Glamorously Detailed And Diamond Studded 18KT Rose Gold Studs For Women,https://www.bhimagold.com/products/glamorously-detailed-and-diamond-studded-18kt-rose-gold-studs-for-women-ngd-stmn18k-s-80212,30321.34,68258.0,0.44421664859796656,
2898,Traditionally Crafted And Diamond Studded 22KT Gold Close Setting Locket For Women,https://www.bhimagold.com/products/traditionally-crafted-and-diamond-studded-22kt-gold-close-setting-locket-for-women-ngd-chld-s-80438,43225.89,97312.0,0.44419896826701744,
2899,Glamorously Detailed And Diamond Studded 18KT Rose Gold Studs For Women,https://www.bhimagold.com/products/glamorously-detailed-and-diamond-studded-18kt-rose-gold-studs-for-women-ngd-stdm18k-s-81728,30435.33,68522.0,0.44416873412918484,
2900,Glamorously Detailed And Diamond Studded 18KT Rose Gold Studs For Women,https://www.bhimagold.com/products/glamorously-detailed-and-diamond-studded-18kt-rose-gold-studs-for-women-ngd-stmn18k-s-80386,23595.93,53134.0,0.444083449392103,
2901,Glamorously Detailed And Diamond Studded 18KT Rose Gold Ring For Women,https://www.bhimagold.com/products/glamorously-detailed-and-diamond-studded-18kt-rose-gold-ring-for-women-ngd-rgdr18k-s-80330,27471.59,61967.0,0.44332612519566866,
2902,Charmingly Detailed And Diamond Studded 18KT Rose Gold Ring For Women,https://www.bhimagold.com/products/charmingly-detailed-and-diamond-studded-18kt-rose-gold-ring-for-women-ngd-rgdr18k-s-81899,42860.24,96707.0,0.44319687302883964,
2903,Glamorously Detailed And Diamond Studded 18KT Rose Gold Ring For Women,https://www.bhimagold.com/products/glamorously-detailed-and-diamond-studded-18kt-rose-gold-ring-for-women-ngd-rgdr18k-s-81398,31347.25,70852.0,0.4424328177045108,
2904,Glamorously Detailed And Diamond Studded 18KT Rose Gold Studs For Women,https://www.bhimagold.com/products/glamorously-detailed-and-diamond-studded-18kt-rose-gold-studs-for-women-ngd-stmn18k-s-80517,50155.6,113559.0,0.44166996891483723,
2905,Traditionally Crafted And Diamond Studded 22KT Gold Close Setting Locket For Women,https://www.bhimagold.com/products/traditionally-crafted-and-diamond-studded-22kt-gold-close-setting-locket-for-women-ngd-chld-s-76376,42669.93,96739.0,0.44108301719058496,
2906,Glamorously Detailed And Diamond Studded 18KT Rose Gold Studs For Women,https://www.bhimagold.com/products/glamorously-detailed-and-diamond-studded-18kt-rose-gold-studs-for-women-ngd-stmn18k-na-s-77871,32829.12,74592.0,0.44011583011583016,
2907,Glamorously Detailed And Diamond Studded 18KT Rose Gold Ring For Women,https://www.bhimagold.com/products/glamorously-detailed-and-diamond-studded-18kt-rose-gold-ring-for-women-ngd-rgdr18k-s-80341,31005.28,70499.0,0.43979744393537495,
2908,Glamorously Detailed And Diamond Studded 18KT Rose Gold Locket For Women,https://www.bhimagold.com/products/glamorously-detailed-and-diamond-studded-18kt-rose-gold-locket-for-women-ngd-chld18k-s-78072,15730.62,35879.0,0.43843529641294354,
2909,Traditionally Crafted And Diamond Studded 22KT Gold Tanmaniya For Women,https://www.bhimagold.com/products/traditionally-crafted-and-diamond-studded-22kt-gold-tanmaniya-for-women-ngd-chtm-na-s-77839,122589.18,279791.0,0.438145544352749,
2910,Traditionally Crafted And Diamond Studded 22KT Gold Close Setting Locket For Women,https://www.bhimagold.com/products/traditionally-crafted-and-diamond-studded-22kt-gold-close-setting-locket-for-women-ngd-chld-s-79452,52677.21,120229.0,0.4381406316279766,
2911,Glamorously Detailed And Diamond Studded 18KT Rose Gold Studs For Women,https://www.bhimagold.com/products/glamorously-detailed-and-diamond-studded-18kt-rose-gold-studs-for-women-ngd-stdm18k-na-s-80551,37844.68,86442.0,0.4378043080909743,
2912,Glamorously Detailed And Diamond Studded 18KT Rose Gold Studs For Women,https://www.bhimagold.com/products/glamorously-detailed-and-diamond-studded-18kt-rose-gold-studs-for-women-ngd-stmn18k-s-79531,24393.86,55810.0,0.43708761870632507,
2913,Traditionally Crafted And Diamond Studded 22KT Gold Close Setting Locket For Women,https://www.bhimagold.com/products/traditionally-crafted-and-diamond-studded-22kt-gold-close-setting-locket-for-women-ngd-chld-s-81931,52399.23,119943.0,0.4368677621870389,
2914,Glamorously Detailed And Diamond Studded 18KT Rose Gold Ring For Women,https://www.bhimagold.com/products/glamorously-detailed-and-diamond-studded-18kt-rose-gold-ring-for-women-ngd-rgdr18k-s-77949,26559.67,60822.0,0.43667866890269963,
2915,Glamorously Detailed And Diamond Studded 18KT Rose Gold Ring For Women,https://www.bhimagold.com/products/glamorously-detailed-and-diamond-studded-18kt-rose-gold-ring-for-women-ngd-rgdr18k-s-81878,25077.8,57442.0,0.4365760245116813,
2916,Glamorously Detailed And Diamond Studded 18KT Rose Gold Studs For Women,https://www.bhimagold.com/products/glamorously-detailed-and-diamond-studded-18kt-rose-gold-studs-for-women-ngd-stdm18k-s-81775,17212.49,39444.0,0.4363779028496096,
2917,Charmingly Detailed And Diamond Studded 18KT Rose Gold Studs For Women,https://www.bhimagold.com/products/charmingly-detailed-and-diamond-studded-18kt-rose-gold-studs-for-women-ngd-stmn18k-s-77811,28611.49,65624.0,0.4359912532000488,
2918,Traditionally Crafted And Diamond Studded 22KT Gold Close Setting Locket For Women,https://www.bhimagold.com/products/traditionally-crafted-and-diamond-studded-22kt-gold-close-setting-locket-for-women-ngd-chld-s-81739,45449.73,104361.0,0.4355049300025872,
2919,Glamorously Detailed And Diamond Studded 18KT Rose Gold Studs For Women,https://www.bhimagold.com/products/glamorously-detailed-and-diamond-studded-18kt-rose-gold-studs-for-women-ngd-stmn18k-s-78013,42974.23,98864.0,0.43468026784269304,
2920,Divinely Detailed And Diamond Studded 18KT Rose Gold Sri Krishna Locket For Women,https://www.bhimagold.com/products/divinely-detailed-and-diamond-studded-18kt-rose-gold-sri-krishna-locket-for-women-ngd-chld18k-s-77866,65316.27,150270.0,0.4346594130564983,
2921,Glamorously Detailed And Diamond Studded 18KT Rose Gold Studs For Women,https://www.bhimagold.com/products/glamorously-detailed-and-diamond-studded-18kt-rose-gold-studs-for-women-ngd-stmn18k-na-s-77973,46051.96,105952.0,0.4346492751434612,
2922,Glamorously Detailed And Diamond Studded 18KT Rose Gold Tanmaniya For Women,https://www.bhimagold.com/products/glamorously-detailed-and-diamond-studded-18kt-rose-gold-tanmaniya-for-women-ngd-chtm18k-s-79585,45368.02,104389.0,0.4346053702976367,
2923,Glamorously Detailed And Diamond Studded 18KT Rose Gold Studs For Women,https://www.bhimagold.com/products/glamorously-detailed-and-diamond-studded-18kt-rose-gold-studs-for-women-ngd-stmn18k-s-81803,29865.38,68862.0,0.4336989921872731,
2924,Glamorously Detailed And Diamond Studded 18KT Rose Gold Ring For Women,https://www.bhimagold.com/products/glamorously-detailed-and-diamond-studded-18kt-rose-gold-ring-for-women-ngd-rgdr18k-na-s-80254,29067.45,67087.0,0.4332799201037459,
2925,Traditionally Crafted And Diamond Studded 22KT Gold Ring For Women,https://www.bhimagold.com/products/traditionally-crafted-and-diamond-studded-22kt-gold-ring-for-women-ngd-rgdr-s-77912,64908.33,149828.0,0.4332189577382065,
2926,Glamorously Detailed And Diamond Studded 18KT Rose Gold Ring For Women,https://www.bhimagold.com/products/glamorously-detailed-and-diamond-studded-18kt-rose-gold-ring-for-women-ngd-rgdr18k-s-79525,15388.65,35526.0,0.43316585036311434,
2927,Glamorously Detailed And Diamond Studded 18KT Rose Gold Ring For Women,https://www.bhimagold.com/products/glamorously-detailed-and-diamond-studded-18kt-rose-gold-ring-for-women-ngd-rgdr18k-s-80403,71927.69,166100.0,0.4330384708007225,
2928,Glamorously Detailed And Diamond Studded 18KT Rose Gold Studs For Women,https://www.bhimagold.com/products/glamorously-detailed-and-diamond-studded-18kt-rose-gold-studs-for-women-ngd-stdm18k-s-81389,41036.4,94828.0,0.4327456025646434,
2929,Glamorously Detailed And Diamond Studded 18KT Rose Gold Studs For Women,https://www.bhimagold.com/products/glamorously-detailed-and-diamond-studded-18kt-rose-gold-studs-for-women-ngd-stmn18k-s-80508,39326.55,91028.0,0.43202695873797076,
2930,Glamorously Detailed And Diamond Studded 18KT Rose Gold Studs For Women,https://www.bhimagold.com/products/glamorously-detailed-and-diamond-studded-18kt-rose-gold-studs-for-women-ngd-stdm18k-s-79481,20062.24,46458.0,0.431836066985234,
2931,Glamorously Detailed And Diamond Studded 18KT Rose Gold Ring For Women,https://www.bhimagold.com/products/glamorously-detailed-and-diamond-studded-18kt-rose-gold-ring-for-women-ngd-rgdr18k-s-80185,22570.02,52286.0,0.4316646903568833,
2932,Divinely Detailed And Diamond Studded 18KT Rose Gold Sri Krishna Locket For Women,https://www.bhimagold.com/products/divinely-detailed-and-diamond-studded-18kt-rose-gold-sri-krishna-locket-for-women-ngd-chld18k-s-76381,59844.75,138701.0,0.43146588705200395,
2933,Glamorously Detailed And Diamond Studded 18KT Rose Gold Necklace For Women,https://www.bhimagold.com/products/glamorously-detailed-and-diamond-studded-18kt-rose-gold-necklace-for-women-ngd-chdn18k-s-77854,208943.67,484596.0,0.43117085159596863,
2934,Glamorously Detailed And Diamond Studded 18KT Rose Gold Ring For Women,https://www.bhimagold.com/products/glamorously-detailed-and-diamond-studded-18kt-rose-gold-ring-for-women-ngd-rgdr18k-s-80370,29751.39,69208.0,0.4298836839671714,
2935,Glamorously Detailed And Diamond Studded 18KT Rose Gold Ring For Women,https://www.bhimagold.com/products/glamorously-detailed-and-diamond-studded-18kt-rose-gold-ring-for-women-ngd-rgdr18k-s-81701,20176.23,46936.0,0.4298668399522754,
2936,Glamorously Detailed And Diamond Studded 18KT Rose Gold Necklace For Women,https://www.bhimagold.com/products/glamorously-detailed-and-diamond-studded-18kt-rose-gold-necklace-for-women-ngd-chdn18k-na-s-81807,219088.78,509693.0,0.4298445927254249,
2937,Glamorously Detailed And Diamond Studded 18KT Rose Gold Tanmaniya For Women,https://www.bhimagold.com/products/glamorously-detailed-and-diamond-studded-18kt-rose-gold-tanmaniya-for-women-ngd-chtm18k-s-80497,72155.67,168052.0,0.4293651369814105,
2938,Glamorously Detailed And Diamond Studded 18KT Rose Gold Ring For Women,https://www.bhimagold.com/products/glamorously-detailed-and-diamond-studded-18kt-rose-gold-ring-for-women-ngd-rgdr18k-s-81884,24963.81,58158.0,0.42924120499329416,
2939,Glamorously Detailed And Diamond Studded 18KT Rose Gold Tanmaniya For Women,https://www.bhimagold.com/products/glamorously-detailed-and-diamond-studded-18kt-rose-gold-tanmaniya-for-women-ngd-chtm18k-s-78008,244166.58,569027.0,0.42909489356392577,
2940,Glamorously Detailed And Diamond Studded 18KT Rose Gold Ring For Women,https://www.bhimagold.com/products/glamorously-detailed-and-diamond-studded-18kt-rose-gold-ring-for-women-ngd-rgdr18k-s-79516,30435.33,70932.0,0.4290775672475047,
2941,Glamorously Detailed And Diamond Studded 18KT Rose Gold Necklace For Women,https://www.bhimagold.com/products/glamorously-detailed-and-diamond-studded-18kt-rose-gold-necklace-for-women-ngd-chdn18k-s-76415,205409.98,479103.0,0.42873866371114355,
2942,Traditionally Crafted And Diamond Studded 18KT Yellow Gold Locket For Women,https://www.bhimagold.com/products/traditionally-crafted-and-diamond-studded-18kt-yellow-gold-locket-for-women-ngd-chld18k-s-76388,53347.32,124494.0,0.42851318135813776,
2943,Glamorously Detailed And Diamond Studded 18KT Rose Gold Studs For Women,https://www.bhimagold.com/products/glamorously-detailed-and-diamond-studded-18kt-rose-gold-studs-for-women-ngd-stmn18k-s-77950,81502.85,190200.0,0.42851130389064146,
2944,Glamorously Detailed And Diamond Studded 18KT Rose Gold Studs For Women,https://www.bhimagold.com/products/glamorously-detailed-and-diamond-studded-18kt-rose-gold-studs-for-women-ngd-stdm18k-s-81813,25647.75,59883.0,0.42829768047693,
2945,Glamorously Detailed And Diamond Studded 18KT Rose Gold Necklace For Women,https://www.bhimagold.com/products/glamorously-detailed-and-diamond-studded-18kt-rose-gold-necklace-for-women-ngd-chdn18k-s-77749,155368.37,363349.0,0.42760092913424835,
2946,Charmingly Detailed And Diamond Studded 18KT Rose Gold Studs For Women,https://www.bhimagold.com/products/charmingly-detailed-and-diamond-studded-18kt-rose-gold-studs-for-women-ngd-stmn18k-s-78103,64860.31,151697.0,0.42756488262787,
2947,Glamorously Detailed And Diamond Studded 18KT Rose Gold Studs For Women,https://www.bhimagold.com/products/glamorously-detailed-and-diamond-studded-18kt-rose-gold-studs-for-women-ngd-stmn18k-s-77913,44912.06,105165.0,0.42706280606665714,
2948,Glamorously Detailed And Diamond Studded 18KT Rose Gold Studs For Women,https://www.bhimagold.com/products/glamorously-detailed-and-diamond-studded-18kt-rose-gold-studs-for-women-ngd-stmn18k-na-s-80209,32715.13,76623.0,0.42696226981454655,
2949,Glamorously Detailed And Diamond Studded 18KT Rose Gold Studs For Women,https://www.bhimagold.com/products/glamorously-detailed-and-diamond-studded-18kt-rose-gold-studs-for-women-ngd-stmn18k-s-78026,31689.22,74263.0,0.4267161305091365,
2950,Glamorously Detailed And Diamond Studded 18KT Rose Gold Ring For Women,https://www.bhimagold.com/products/glamorously-detailed-and-diamond-studded-18kt-rose-gold-ring-for-women-ngd-rgdr18k-s-80215,26217.7,61489.0,0.42638032818878174,
2951,Glamorously Detailed And Diamond Studded 18KT Rose Gold Studs For Women,https://www.bhimagold.com/products/glamorously-detailed-and-diamond-studded-18kt-rose-gold-studs-for-women-ngd-stmn18k-s-80271,111710.2,262269.0,0.4259374916593269,
2952,Glamorously Detailed And Diamond Studded 18KT Rose Gold Ring For Women,https://www.bhimagold.com/products/glamorously-detailed-and-diamond-studded-18kt-rose-gold-ring-for-women-ngd-rgdr18k-s-78073,23823.91,56003.0,0.4254041747763513,
2953,Glamorously Detailed And Diamond Studded 18KT Rose Gold Studs For Women,https://www.bhimagold.com/products/glamorously-detailed-and-diamond-studded-18kt-rose-gold-studs-for-women-ngd-stdm18k-s-80542,99855.24,234896.0,0.4251040460459097,
2954,Charmingly Detailed And Diamond Studded 18KT Rose Gold Studs For Women,https://www.bhimagold.com/products/charmingly-detailed-and-diamond-studded-18kt-rose-gold-studs-for-women-ngd-stmn18k-s-77683,30549.32,71873.0,0.42504584475394097,
2955,Glamorously Detailed And Diamond Studded 18KT Rose Gold Studs For Women,https://www.bhimagold.com/products/glamorously-detailed-and-diamond-studded-18kt-rose-gold-studs-for-women-ngd-stmn18k-s-77765,31461.24,74028.0,0.42499108445453077,
2956,Glamorously Detailed And Diamond Studded 18KT Rose Gold Ring For Women,https://www.bhimagold.com/products/glamorously-detailed-and-diamond-studded-18kt-rose-gold-ring-for-women-ngd-rgdr18k-s-79434,18352.39,43188.0,0.4249418820042604,
2957,Glamorously Detailed And Diamond Studded 18KT Rose Gold Studs For Women,https://www.bhimagold.com/products/glamorously-detailed-and-diamond-studded-18kt-rose-gold-studs-for-women-ngd-stmn18k-s-78031,35792.86,84236.0,0.4249116767177929,
2958,Traditionally Crafted And Diamond Studded 18KT Yellow Gold Nose Stud For Women,https://www.bhimagold.com/products/traditionally-crafted-and-diamond-studded-18kt-yellow-gold-nose-stud-for-women-ngd-stdn18k-s-80780,5585.51,13152.0,0.42468902068126524,
2959,Glamorously Detailed And Diamond Studded 18KT Rose Gold Studs For Women,https://www.bhimagold.com/products/glamorously-detailed-and-diamond-studded-18kt-rose-gold-studs-for-women-ngd-stmn18k-s-81698,21772.09,51279.0,0.42458101757054545,
2960,Glamorously Detailed And Diamond Studded 18KT Rose Gold Studs For Women,https://www.bhimagold.com/products/glamorously-detailed-and-diamond-studded-18kt-rose-gold-studs-for-women-ngd-stdm18k-s-77817,72383.65,170606.0,0.42427376528375316,
2961,Fancy Gorgeously Detailed And Diamond Studded 18KT Rose Gold Locket For Women,https://www.bhimagold.com/products/fancy-gorgeously-detailed-and-diamond-studded-18kt-rose-gold-locket-for-women-ngd-chld18k-s-78028,20974.16,49437.0,0.4242603717863139,
2962,Glamorously Detailed And Diamond Studded 18KT Rose Gold Studs For Women,https://www.bhimagold.com/products/glamorously-detailed-and-diamond-studded-18kt-rose-gold-studs-for-women-ngd-stdm18k-s-80221,23595.93,55730.0,0.42339727256414855,
2963,Glamorously Detailed And Diamond Studded 18KT Rose Gold Ring For Women,https://www.bhimagold.com/products/glamorously-detailed-and-diamond-studded-18kt-rose-gold-ring-for-women-ngd-rgdr18k-s-79548,29523.41,69746.0,0.4232989705502824,
2964,Glamorously Detailed And Diamond Studded 18KT Rose Gold Studs For Women,https://www.bhimagold.com/products/glamorously-detailed-and-diamond-studded-18kt-rose-gold-studs-for-women-ngd-stdm18k-s-81768,16528.55,39059.0,0.42316879592411477,
2965,Glamorously Detailed And Diamond Studded 18KT Rose Gold Studs For Women,https://www.bhimagold.com/products/glamorously-detailed-and-diamond-studded-18kt-rose-gold-studs-for-women-ngd-stmn18k-s-77688,78083.15,184951.0,0.42218290249849955,
2966,Glamorously Detailed And Diamond Studded 18KT Rose Gold Necklace For Women,https://www.bhimagold.com/products/glamorously-detailed-and-diamond-studded-18kt-rose-gold-necklace-for-women-ngd-chdn18k-s-80235,154912.41,367005.0,0.42209890873421346,
2967,Glamorously Detailed And Diamond Studded 18KT Rose Gold Ring For Women,https://www.bhimagold.com/products/glamorously-detailed-and-diamond-studded-18kt-rose-gold-ring-for-women-ngd-rgdr18k-s-77835,24963.81,59178.0,0.42184274561492446,
2968,Glamorously Detailed And Diamond Studded 18KT Rose Gold Locket For Women,https://www.bhimagold.com/products/glamorously-detailed-and-diamond-studded-18kt-rose-gold-locket-for-women-ngd-chld18k-s-81769,67254.1,159465.0,0.4217483460320447,
2969,Glamorously Detailed And Diamond Studded 18KT Rose Gold Studs For Women,https://www.bhimagold.com/products/glamorously-detailed-and-diamond-studded-18kt-rose-gold-studs-for-women-ngd-stdm18k-s-80525,48673.73,115466.0,0.4215416659449535,
2970,Glamorously Detailed And Diamond Studded 18KT Rose Gold Ring For Women,https://www.bhimagold.com/products/glamorously-detailed-and-diamond-studded-18kt-rose-gold-ring-for-women-ngd-rgdr18k-s-81415,31005.28,73559.0,0.4215021955165241,
2971,Glamorously Detailed And Diamond Studded 18KT Rose Gold Studs For Women,https://www.bhimagold.com/products/glamorously-detailed-and-diamond-studded-18kt-rose-gold-studs-for-women-ngd-stmn18k-s-76403,39098.57,92832.0,0.42117556446053084,
2972,Glamorously Detailed And Diamond Studded 18KT Rose Gold Ring For Women,https://www.bhimagold.com/products/glamorously-detailed-and-diamond-studded-18kt-rose-gold-ring-for-women-ngd-rgdr18k-s-77929,17440.47,41440.0,0.4208607625482626,
2973,Glamorously Detailed And Diamond Studded 18KT Rose Gold Necklace For Women,https://www.bhimagold.com/products/glamorously-detailed-and-diamond-studded-18kt-rose-gold-necklace-for-women-ngd-chdn18k-s-77725,152632.61,362803.0,0.4207038254920714,
2974,Glamorously Detailed And Diamond Studded 18KT Rose Gold Tanmaniya For Women,https://www.bhimagold.com/products/glamorously-detailed-and-diamond-studded-18kt-rose-gold-tanmaniya-for-women-ngd-chtm18k-s-80425,54373.23,129259.0,0.42065333941930544,
2975,Glamorously Detailed And Diamond Studded 18KT Rose Gold Necklace For Women,https://www.bhimagold.com/products/glamorously-detailed-and-diamond-studded-18kt-rose-gold-necklace-for-women-ngd-chdn18k-s-79768,113534.04,270080.0,0.4203718898104265,
2976,Glamorously Detailed And Diamond Studded 18KT Rose Gold Studs For Women,https://www.bhimagold.com/products/glamorously-detailed-and-diamond-studded-18kt-rose-gold-studs-for-women-ngd-stmn18k-s-80418,34424.98,81900.0,0.42032942612942614,
2977,Glamorously Detailed And Diamond Studded 18KT Rose Gold Tanmaniya For Women,https://www.bhimagold.com/products/glamorously-detailed-and-diamond-studded-18kt-rose-gold-tanmaniya-for-women-ngd-chtm18k-s-79569,72269.66,172149.0,0.41980877030944125,
2978,Glamorously Detailed And Diamond Studded 18KT Rose Gold Studs For Women,https://www.bhimagold.com/products/glamorously-detailed-and-diamond-studded-18kt-rose-gold-studs-for-women-ngd-stmn18k-s-80396,60528.69,144285.0,0.4195078490487577,
2979,Charmingly Detailed And Diamond Studded 18KT Rose Gold Necklace For Women,https://www.bhimagold.com/products/charmingly-detailed-and-diamond-studded-18kt-rose-gold-necklace-for-women-ngd-chdn18k-na-s-81418,208487.71,497240.0,0.41928990024937657,
2980,Glamorously Detailed And Diamond Studded 18KT Rose Gold Ring For Women,https://www.bhimagold.com/products/glamorously-detailed-and-diamond-studded-18kt-rose-gold-ring-for-women-ngd-rgdr18k-s-80470,20746.18,49480.0,0.41928415521422796,
2981,Glamorously Detailed And Diamond Studded 18KT Rose Gold Studs For Women,https://www.bhimagold.com/products/glamorously-detailed-and-diamond-studded-18kt-rose-gold-studs-for-women-ngd-stdm18k-s-80549,26901.64,64233.0,0.4188133825292295,
2982,Glamorously Detailed And Diamond Studded 18KT Rose Gold Studs For Women,https://www.bhimagold.com/products/glamorously-detailed-and-diamond-studded-18kt-rose-gold-studs-for-women-ngd-stdm18k-s-80289,28383.51,67799.0,0.41864201536895823,
2983,Glamorously Detailed And Diamond Studded 18KT Rose Gold Ring For Women,https://www.bhimagold.com/products/glamorously-detailed-and-diamond-studded-18kt-rose-gold-ring-for-women-ngd-rgdr18k-s-77890,33627.05,80338.0,0.4185696681520576,
2984,Glamorously Detailed And Diamond Studded 18KT Rose Gold Ring For Women,https://www.bhimagold.com/products/glamorously-detailed-and-diamond-studded-18kt-rose-gold-ring-for-women-ngd-rgdr18k-s-80294,21430.12,51235.0,0.4182711037376793,
2985,Glamorously Detailed And Diamond Studded 18KT Rose Gold Studs For Women,https://www.bhimagold.com/products/glamorously-detailed-and-diamond-studded-18kt-rose-gold-studs-for-women-ngd-stdm18k-na-s-80503,22684.01,54257.0,0.41808448679433063,
2986,Traditionally Crafted And Diamond Studded 22KT Gold Locket For Women,https://www.bhimagold.com/products/traditionally-crafted-and-diamond-studded-22kt-gold-locket-for-women-ngd-chld-s-78012,53094.18,127055.0,0.4178834363071111,
2987,Glamorously Detailed And Diamond Studded 18KT Rose Gold Ring For Women,https://www.bhimagold.com/products/glamorously-detailed-and-diamond-studded-18kt-rose-gold-ring-for-women-ngd-rgdr18k-s-80354,16528.55,39574.0,0.41766184868853284,
2988,Glamorously Detailed And Diamond Studded 18KT Rose Gold Studs For Women,https://www.bhimagold.com/products/glamorously-detailed-and-diamond-studded-18kt-rose-gold-studs-for-women-ngd-stmn18k-s-78064,77057.24,184821.0,0.41692902862769926,
2989,Glamorously Detailed And Diamond Studded 18KT Rose Gold Studs For Women,https://www.bhimagold.com/products/glamorously-detailed-and-diamond-studded-18kt-rose-gold-studs-for-women-ngd-stmn18k-s-77814,25191.79,60433.0,0.41685486406433575,
2990,Traditionally Crafted And Diamond Studded 22KT Gold Close Setting Locket For Women,https://www.bhimagold.com/products/traditionally-crafted-and-diamond-studded-22kt-gold-close-setting-locket-for-women-ngd-chld-s-77771,58097.82,139440.0,0.4166510327022375,
2991,Glamorously Detailed And Diamond Studded 18KT Rose Gold Tanmaniya For Women,https://www.bhimagold.com/products/glamorously-detailed-and-diamond-studded-18kt-rose-gold-tanmaniya-for-women-ngd-chtm18k-s-78046,27015.63,64930.0,0.4160731557061451,
2992,Glamorously Detailed And Diamond Studded 18KT Rose Gold Ring For Women,https://www.bhimagold.com/products/glamorously-detailed-and-diamond-studded-18kt-rose-gold-ring-for-women-ngd-rgdr18k-s-80420,30435.33,73157.0,0.4160275845100264,
2993,Glamorously Detailed And Diamond Studded 18KT Rose Gold Ring For Women,https://www.bhimagold.com/products/glamorously-detailed-and-diamond-studded-18kt-rose-gold-ring-for-women-ngd-rgdr18k-s-80336,16414.56,39457.0,0.41601135413234663,
2994,Glamorously Detailed And Diamond Studded 18KT Rose Gold Studs For Women,https://www.bhimagold.com/products/glamorously-detailed-and-diamond-studded-18kt-rose-gold-studs-for-women-ngd-stmn18k-s-80404,23823.91,57335.0,0.41552123484782416,
2995,Glamorously Detailed And Diamond Studded 18KT Rose Gold Tanmaniya For Women,https://www.bhimagold.com/products/glamorously-detailed-and-diamond-studded-18kt-rose-gold-tanmaniya-for-women-ngd-chtm18k-s-81892,47533.83,114616.0,0.4147224645773714,
2996,Glamorously Detailed And Diamond Studded 18KT Rose Gold Ring For Women,https://www.bhimagold.com/products/glamorously-detailed-and-diamond-studded-18kt-rose-gold-ring-for-women-ngd-rgdr18k-s-79506,24963.81,60198.0,0.41469500647862056,
2997,Glamorously Detailed And Diamond Studded 18KT Rose Gold Ring For Women,https://www.bhimagold.com/products/glamorously-detailed-and-diamond-studded-18kt-rose-gold-ring-for-women-ngd-rgdr18k-s-79423,24735.83,59677.0,0.4144951991554536,
2998,Glamorously Detailed And Diamond Studded 18KT Rose Gold Ring For Women,https://www.bhimagold.com/products/glamorously-detailed-and-diamond-studded-18kt-rose-gold-ring-for-women-ngd-rgdr18k-s-77822,22342.04,53905.0,0.41447064279751417,
2999,Glamorously Detailed And Diamond Studded 18KT Rose Gold Ring For Women,https://www.bhimagold.com/products/glamorously-detailed-and-diamond-studded-18kt-rose-gold-ring-for-women-ngd-rgdr18k-s-80307,24165.88,58356.0,0.4141113167454932,
3000,Charmingly Detailed & Diamond Studded 18KT Rose Gold Bracelet For Women,https://www.bhimagold.com/products/charmingly-detailed-&-diamond-studded-18kt-rose-gold-bracelet-for-women-ngd-bgdk18k-s-80202,42860.24,103567.0,0.4138407021541611,
3001,Glamorously Detailed And Diamond Studded 18KT Rose Gold Studs For Women,https://www.bhimagold.com/products/glamorously-detailed-and-diamond-studded-18kt-rose-gold-studs-for-women-ngd-stmn18k-s-77768,59046.82,142700.0,0.41378290119131045,
3002,Glamorously Detailed And Diamond Studded 18KT Rose Gold Studs For Women,https://www.bhimagold.com/products/glamorously-detailed-and-diamond-studded-18kt-rose-gold-studs-for-women-ngd-stmn18k-s-77798,26331.69,63646.0,0.41372105081230554,
3003,Charmingly Detailed And Diamond Studded 18KT Rose Gold Studs For Women,https://www.bhimagold.com/products/charmingly-detailed-and-diamond-studded-18kt-rose-gold-studs-for-women-ngd-stmn18k-na-s-80266,416747.44,1008018.0,0.41343253791102935,
3004,Glamorously Detailed And Diamond Studded 18KT Rose Gold Studs For Women,https://www.bhimagold.com/products/glamorously-detailed-and-diamond-studded-18kt-rose-gold-studs-for-women-ngd-stdm18k-s-81832,52435.4,126892.0,0.4132285723292249,
3005,Glamorously Detailed And Diamond Studded 18KT Rose Gold Ring For Women,https://www.bhimagold.com/products/glamorously-detailed-and-diamond-studded-18kt-rose-gold-ring-for-women-ngd-rgdr18k-s-79570,21544.11,52156.0,0.41307059590459394,
3006,Glamorously Detailed And Diamond Studded 18KT Rose Gold Ring For Women,https://www.bhimagold.com/products/glamorously-detailed-and-diamond-studded-18kt-rose-gold-ring-for-women-ngd-rgdr18k-s-80434,24051.89,58239.0,0.41298597159978706,
3007,Glamorously Detailed And Diamond Studded 18KT Rose Gold Studs For Women,https://www.bhimagold.com/products/glamorously-detailed-and-diamond-studded-18kt-rose-gold-studs-for-women-ngd-stmn18k-s-77788,26217.7,63578.0,0.41237063135046714,
3008,Glamorously Detailed And Diamond Studded 18KT Rose Gold Ring For Women,https://www.bhimagold.com/products/glamorously-detailed-and-diamond-studded-18kt-rose-gold-ring-for-women-ngd-rgdr18k-s-80422,29181.44,70938.0,0.4113654176886859,
3009,Glamorously Detailed And Diamond Studded 18KT Rose Gold Ring For Women,https://www.bhimagold.com/products/glamorously-detailed-and-diamond-studded-18kt-rose-gold-ring-for-women-ngd-rgdr18k-s-81746,26787.65,65136.0,0.4112572156718251,
3010,Glamorously Detailed And Diamond Studded 18KT Rose Gold Ring For Women,https://www.bhimagold.com/products/glamorously-detailed-and-diamond-studded-18kt-rose-gold-ring-for-women-ngd-rgdr18k-s-77978,27927.55,67909.0,0.4112496134532978,
3011,Glamorously Detailed And Diamond Studded 18KT Rose Gold Tanmaniya For Women,https://www.bhimagold.com/products/glamorously-detailed-and-diamond-studded-18kt-rose-gold-tanmaniya-for-women-ngd-chtm18k-s-80461,67026.12,163016.0,0.4111628306423909,
3012,Glamorously Detailed And Diamond Studded 18KT Rose Gold Studs For Women,https://www.bhimagold.com/products/glamorously-detailed-and-diamond-studded-18kt-rose-gold-studs-for-women-ngd-stdm18k-s-80346,51979.44,126793.0,0.40995512370556736,
3013,Charmingly Detailed And Diamond Studded 18KT Rose Gold Studs For Women,https://www.bhimagold.com/products/charmingly-detailed-and-diamond-studded-18kt-rose-gold-studs-for-women-ngd-stdm18k-s-81404,28725.48,70191.0,0.4092473394024875,
3014,Glamorously Detailed And Diamond Studded 18KT Rose Gold Locket For Women,https://www.bhimagold.com/products/glamorously-detailed-and-diamond-studded-18kt-rose-gold-locket-for-women-ngd-chld18k-s-80407,15502.64,37915.0,0.4088788078596861,
3015,Traditionally Crafted And Diamond Studded 22KT Gold Close Setting Locket For Women,https://www.bhimagold.com/products/traditionally-crafted-and-diamond-studded-22kt-gold-close-setting-locket-for-women-ngd-chld-s-76379,53928.12,131993.0,0.40856803012280957,
3016,Glamorously Detailed And Diamond Studded 18KT Rose Gold Studs For Women,https://www.bhimagold.com/products/glamorously-detailed-and-diamond-studded-18kt-rose-gold-studs-for-women-ngd-stmn18k-s-77875,65202.28,159747.0,0.4081596524504372,
3017,Glamorously Detailed And Diamond Studded 18KT Rose Gold Studs For Women,https://www.bhimagold.com/products/glamorously-detailed-and-diamond-studded-18kt-rose-gold-studs-for-women-ngd-stdm18k-s-79519,44342.11,108647.0,0.4081300910287445,
3018,Glamorously Detailed And Diamond Studded 18KT Rose Gold Ring For Women,https://www.bhimagold.com/products/glamorously-detailed-and-diamond-studded-18kt-rose-gold-ring-for-women-ngd-rgdr18k-s-79435,15844.61,38870.0,0.40763082068433243,
3019,Glamorously Detailed And Diamond Studded 18KT Rose Gold Studs For Women,https://www.bhimagold.com/products/glamorously-detailed-and-diamond-studded-18kt-rose-gold-studs-for-women-ngd-stmn18k-s-81422,56083.08,137741.0,0.40716329923552175,
3020,Charmingly Detailed And Diamond Studded 18KT Rose Gold Tanmaniya For Women,https://www.bhimagold.com/products/charmingly-detailed-and-diamond-studded-18kt-rose-gold-tanmaniya-for-women-ngd-chtm18k-s-79558,82870.73,203660.0,0.40690724737307277,
3021,Glamorously Detailed And Diamond Studded 18KT Rose Gold Studs For Women,https://www.bhimagold.com/products/glamorously-detailed-and-diamond-studded-18kt-rose-gold-studs-for-women-ngd-stmn18k-s-80343,87088.36,214030.0,0.4068979115077326,
3022,Glamorously Detailed And Diamond Studded 18KT Rose Gold Studs For Women,https://www.bhimagold.com/products/glamorously-detailed-and-diamond-studded-18kt-rose-gold-studs-for-women-ngd-stmn18k-na-s-77712,137243.96,337424.0,0.4067403622741713,
3023,Glamorously Detailed And Diamond Studded 18KT Rose Gold Ring For Women,https://www.bhimagold.com/products/glamorously-detailed-and-diamond-studded-18kt-rose-gold-ring-for-women-ngd-rgdr18k-s-79457,14476.73,35607.0,0.40656977560592017,
3024,Glamorously Detailed And Diamond Studded 18KT Rose Gold Ring For Women,https://www.bhimagold.com/products/glamorously-detailed-and-diamond-studded-18kt-rose-gold-ring-for-women-ngd-rgdr18k-s-80466,25989.72,63943.0,0.4064513707520761,
3025,Charmingly Detailed And Diamond Studded 18KT Yellow Gold Studs For Women,https://www.bhimagold.com/products/charmingly-detailed-and-diamond-studded-18kt-yellow-gold-studs-for-women-ngd-stdm18k-na-s-80543,29067.45,71563.0,0.40617986948562806,
3026,Fancy Gorgeously Detailed And Diamond Studded 18KT Rose Gold Locket For Women,https://www.bhimagold.com/products/fancy-gorgeously-detailed-and-diamond-studded-18kt-rose-gold-locket-for-women-ngd-chld18k-s-78020,20860.17,51359.0,0.40616386611888855,
3027,Glamorously Detailed And Diamond Studded 18KT Rose Gold Ring For Women,https://www.bhimagold.com/products/glamorously-detailed-and-diamond-studded-18kt-rose-gold-ring-for-women-ngd-rgdr18k-s-77924,15160.67,37331.0,0.40611475717232326,
3028,Glamorously Detailed And Diamond Studded 18KT Rose Gold Ring For Women,https://www.bhimagold.com/products/glamorously-detailed-and-diamond-studded-18kt-rose-gold-ring-for-women-ngd-rgdr18k-na-s-80475,24735.83,60983.0,0.4056184510437335,
3029,Traditionally Crafted And Diamond Studded 18KT Yellow Gold Locket For Women,https://www.bhimagold.com/products/traditionally-crafted-and-diamond-studded-18kt-yellow-gold-locket-for-women-ngd-chld18k-na-s-81713,20062.24,49517.0,0.40515863238887656,
3030,Glamorously Detailed And Diamond Studded 18KT Rose Gold Studs For Women,https://www.bhimagold.com/products/glamorously-detailed-and-diamond-studded-18kt-rose-gold-studs-for-women-ngd-stmn18k-s-77787,29067.45,71748.0,0.4051325472487038,
3031,Glamorously Detailed And Diamond Studded 18KT Rose Gold Studs For Women,https://www.bhimagold.com/products/glamorously-detailed-and-diamond-studded-18kt-rose-gold-studs-for-women-ngd-stmn18k-s-79430,20062.24,49538.0,0.40498687875974004,
3032,Glamorously Detailed And Diamond Studded 18KT Rose Gold Ring For Women,https://www.bhimagold.com/products/glamorously-detailed-and-diamond-studded-18kt-rose-gold-ring-for-women-ngd-rgdr18k-s-80249,19720.27,48836.0,0.40380600376771236,
3033,Glamorously Detailed And Diamond Studded 18KT Rose Gold Studs For Women,https://www.bhimagold.com/products/glamorously-detailed-and-diamond-studded-18kt-rose-gold-studs-for-women-ngd-stdm18k-s-79786,25761.74,64069.0,0.4020936802509794,
3034,Glamorously Detailed And Diamond Studded 18KT Rose Gold Studs For Women,https://www.bhimagold.com/products/glamorously-detailed-and-diamond-studded-18kt-rose-gold-studs-for-women-ngd-stmn18k-s-81401,70787.79,176370.0,0.4013595849634291,
3035,Glamorously Detailed And Diamond Studded 18KT Yellow Gold Studs For Women,https://www.bhimagold.com/products/glamorously-detailed-and-diamond-studded-18kt-yellow-gold-studs-for-women-ngd-stdm18k-s-81910,71357.74,177977.0,0.4009379863690252,
3036,Glamorously Detailed And Diamond Studded 18KT Rose Gold Necklace For Women,https://www.bhimagold.com/products/glamorously-detailed-and-diamond-studded-18kt-rose-gold-necklace-for-women-ngd-chdn18k-s-77732,113876.01,284083.0,0.4008547149952654,
3037,Glamorously Detailed And Diamond Studded 18KT Rose Gold Ring For Women,https://www.bhimagold.com/products/glamorously-detailed-and-diamond-studded-18kt-rose-gold-ring-for-women-ngd-rgdr18k-s-80478,27585.58,69017.0,0.3996925395192489,
3038,Glamorously Detailed And Diamond Studded 18KT Rose Gold Ring For Women,https://www.bhimagold.com/products/glamorously-detailed-and-diamond-studded-18kt-rose-gold-ring-for-women-ngd-rgdr18k-s-80377,31233.26,78169.0,0.3995606954163415,
3039,Traditionally Crafted And Diamond Studded 22KT Gold Close Setting Locket For Women,https://www.bhimagold.com/products/traditionally-crafted-and-diamond-studded-22kt-gold-close-setting-locket-for-women-ngd-chld-s-77942,44476.8,111500.0,0.398895067264574,
3040,Charmingly Detailed And Diamond Studded 18KT Rose Gold Bangles For Women,https://www.bhimagold.com/products/charmingly-detailed-and-diamond-studded-18kt-rose-gold-bangles-for-women-ngd-bgdb18k-s-81764,204270.08,512518.0,0.39856176758669937,
3041,Glamorously Detailed And Diamond Studded 18KT Rose Gold Ring For Women,https://www.bhimagold.com/products/glamorously-detailed-and-diamond-studded-18kt-rose-gold-ring-for-women-ngd-rgdr18k-s-77933,25191.79,63492.0,0.3967710892710893,
3042,Glamorously Detailed And Diamond Studded 18KT Rose Gold Ring For Women,https://www.bhimagold.com/products/glamorously-detailed-and-diamond-studded-18kt-rose-gold-ring-for-women-ngd-rgdr18k-s-79427,37958.67,95737.0,0.39648902723085117,
3043,Charmingly Detailed And Diamond Studded 18KT Rose Gold Studs For Women,https://www.bhimagold.com/products/charmingly-detailed-and-diamond-studded-18kt-rose-gold-studs-for-women-ngd-stmn18k-s-77759,26103.71,65914.0,0.39602679248718026,
3044,Glamorously Detailed And Diamond Studded 18KT Rose Gold Ring For Women,https://www.bhimagold.com/products/glamorously-detailed-and-diamond-studded-18kt-rose-gold-ring-for-women-ngd-rgdr18k-s-79433,19264.31,48696.0,0.3956035403318548,
3045,Glamorously Detailed And Diamond Studded 18KT Rose Gold Studs For Women,https://www.bhimagold.com/products/glamorously-detailed-and-diamond-studded-18kt-rose-gold-studs-for-women-ngd-stdm18k-s-80287,41150.39,104123.0,0.39520941578709795,
3046,Glamorously Detailed And Diamond Studded 18KT Rose Gold Ring For Women,https://www.bhimagold.com/products/glamorously-detailed-and-diamond-studded-18kt-rose-gold-ring-for-women-ngd-rgdr18k-s-77818,28383.51,71878.0,0.39488452655889145,
3047,Glamorously Detailed And Diamond Studded 18KT Rose Gold Ring For Women,https://www.bhimagold.com/products/glamorously-detailed-and-diamond-studded-18kt-rose-gold-ring-for-women-ngd-rgdr18k-s-77947,21772.09,55357.0,0.39330328594396374,
3048,Glamorously Detailed And Diamond Studded 18KT Rose Gold Studs For Women,https://www.bhimagold.com/products/glamorously-detailed-and-diamond-studded-18kt-rose-gold-studs-for-women-ngd-stdm18k-s-79475,31917.2,81172.0,0.3932045532942394,
3049,Glamorously Detailed And Diamond Studded 18KT Rose Gold Necklace For Women,https://www.bhimagold.com/products/glamorously-detailed-and-diamond-studded-18kt-rose-gold-necklace-for-women-ngd-chdn18k-na-s-79521,79793.0,202981.0,0.3931057586670674,
3050,Glamorously Detailed And Diamond Studded 18KT Rose Gold Locket For Women,https://www.bhimagold.com/products/glamorously-detailed-and-diamond-studded-18kt-rose-gold-locket-for-women-ngd-chld18k-s-78090,44798.07,113998.0,0.3929724205687819,
3051,Glamorously Detailed And Diamond Studded 18KT Rose Gold Ring For Women,https://www.bhimagold.com/products/glamorously-detailed-and-diamond-studded-18kt-rose-gold-ring-for-women-ngd-rgdr18k-s-80331,17668.45,45012.0,0.3925275482093664,
3052,Glamorously Detailed And Diamond Studded 18KT Rose Gold Studs For Women,https://www.bhimagold.com/products/glamorously-detailed-and-diamond-studded-18kt-rose-gold-studs-for-women-ngd-stmn18k-s-79532,38528.62,98680.0,0.39044000810701257,
3053,Glamorously Detailed And Diamond Studded 18KT Rose Gold Studs For Women,https://www.bhimagold.com/products/glamorously-detailed-and-diamond-studded-18kt-rose-gold-studs-for-women-ngd-stmn18k-s-77849,36932.76,94681.0,0.390075727970765,
3054,Glamorously Detailed And Diamond Studded 18KT Rose Gold Studs For Women,https://www.bhimagold.com/products/glamorously-detailed-and-diamond-studded-18kt-rose-gold-studs-for-women-ngd-stmn18k-s-79468,36932.76,94681.0,0.390075727970765,
3055,Charmingly Detailed And Diamond Studded 18KT Rose Gold Necklace For Women,https://www.bhimagold.com/products/charmingly-detailed-and-diamond-studded-18kt-rose-gold-necklace-for-women-ngd-chdn18k-na-s-81390,72041.68,184892.0,0.38964195314021155,
3056,Glamorously Detailed And Diamond Studded 18KT Rose Gold Studs For Women,https://www.bhimagold.com/products/glamorously-detailed-and-diamond-studded-18kt-rose-gold-studs-for-women-ngd-stdm18k-s-76425,61896.57,158984.0,0.3893257812106879,
3057,Glamorously Detailed And Diamond Studded 18KT Rose Gold Ring For Women,https://www.bhimagold.com/products/glamorously-detailed-and-diamond-studded-18kt-rose-gold-ring-for-women-ngd-rgdr18k-s-80311,16756.53,43053.0,0.38920702390077344,
3058,Glamorously Detailed And Diamond Studded 18KT Rose Gold Ring For Women,https://www.bhimagold.com/products/glamorously-detailed-and-diamond-studded-18kt-rose-gold-ring-for-women-ngd-rgdr18k-s-77847,27015.63,69449.0,0.38899955362928196,
3059,Glamorously Detailed And Diamond Studded 18KT Rose Gold Tanmaniya For Women,https://www.bhimagold.com/products/glamorously-detailed-and-diamond-studded-18kt-rose-gold-tanmaniya-for-women-ngd-chtm18k-s-81837,88570.23,228070.0,0.3883466918051475,
3060,Charmingly Detailed And Diamond Studded 18KT Rose Gold Ring For Women,https://www.bhimagold.com/products/charmingly-detailed-and-diamond-studded-18kt-rose-gold-ring-for-women-ngd-rgdr18k-s-81411,43886.15,113183.0,0.3877450677221844,
3061,Glamorously Detailed And Diamond Studded 18KT Rose Gold Tanmaniya For Women,https://www.bhimagold.com/products/glamorously-detailed-and-diamond-studded-18kt-rose-gold-tanmaniya-for-women-ngd-chtm18k-s-80222,59844.75,154460.0,0.38744496957141006,
3062,Charmingly Detailed And Diamond Studded 18KT Rose Gold Locket For Women,https://www.bhimagold.com/products/charmingly-detailed-and-diamond-studded-18kt-rose-gold-locket-for-women-ngd-chld18k-s-80445,42404.28,109493.0,0.3872784561570146,
3063,Glamorously Detailed And Diamond Studded 18KT Rose Gold Locket For Women,https://www.bhimagold.com/products/glamorously-detailed-and-diamond-studded-18kt-rose-gold-locket-for-women-ngd-chld18k-s-78048,15958.6,41212.0,0.38723187421139477,
3064,Glamorously Detailed And Diamond Studded 18KT Rose Gold Ring For Women,https://www.bhimagold.com/products/glamorously-detailed-and-diamond-studded-18kt-rose-gold-ring-for-women-ngd-rgdr18k-s-80355,15958.6,41212.0,0.38723187421139477,
3065,Glamorously Detailed And Diamond Studded 18KT Rose Gold Studs For Women,https://www.bhimagold.com/products/glamorously-detailed-and-diamond-studded-18kt-rose-gold-studs-for-women-ngd-stdm18k-s-81812,30093.36,77718.0,0.3872122288272987,
3066,Glamorously Detailed And Diamond Studded 18KT Rose Gold Locket For Women,https://www.bhimagold.com/products/glamorously-detailed-and-diamond-studded-18kt-rose-gold-locket-for-women-ngd-chld18k-s-77823,21088.15,54467.0,0.3871729671177043,
3067,Glamorously Detailed And Diamond Studded 18KT Rose Gold Ring For Women,https://www.bhimagold.com/products/glamorously-detailed-and-diamond-studded-18kt-rose-gold-ring-for-women-ngd-rgdr18k-s-81888,31347.25,81049.0,0.386769114979827,
3068,Glamorously Detailed And Diamond Studded 18KT Rose Gold Studs For Women,https://www.bhimagold.com/products/glamorously-detailed-and-diamond-studded-18kt-rose-gold-studs-for-women-ngd-stdm18k-s-78075,22456.03,58101.0,0.3864998881258498,
3069,Glamorously Detailed And Diamond Studded 18KT Rose Gold Studs For Women,https://www.bhimagold.com/products/glamorously-detailed-and-diamond-studded-18kt-rose-gold-studs-for-women-ngd-stmn18k-s-77833,33171.09,86172.0,0.38494046790140646,
3070,Glamorously Detailed And Diamond Studded 18KT Rose Gold Studs For Women,https://www.bhimagold.com/products/glamorously-detailed-and-diamond-studded-18kt-rose-gold-studs-for-women-ngd-stmn18k-s-80244,44342.11,115661.0,0.3833799638599009,
3071,Glamorously Detailed And Diamond Studded 18KT Rose Gold Ring For Women,https://www.bhimagold.com/products/glamorously-detailed-and-diamond-studded-18kt-rose-gold-ring-for-women-ngd-rgdr18k-s-81760,23139.97,60359.0,0.3833723222717408,
3072,Glamorously Detailed And Diamond Studded 18KT Rose Gold Ring For Women,https://www.bhimagold.com/products/glamorously-detailed-and-diamond-studded-18kt-rose-gold-ring-for-women-ngd-rgdr18k-s-77861,46621.91,121835.0,0.3826643411170846,
3073,Traditionally Crafted And Diamond Studded 22KT Gold Close Setting Locket For Women,https://www.bhimagold.com/products/traditionally-crafted-and-diamond-studded-22kt-gold-close-setting-locket-for-women-ngd-chld-s-79539,50314.38,131638.0,0.3822177486743949,
3074,Glamorously Detailed And Diamond Studded 18KT Rose Gold Studs For Women,https://www.bhimagold.com/products/glamorously-detailed-and-diamond-studded-18kt-rose-gold-studs-for-women-ngd-stdm18k-s-81901,21202.14,55512.0,0.38193795936013836,
3075,Glamorously Detailed And Diamond Studded 18KT Rose Gold Studs For Women,https://www.bhimagold.com/products/glamorously-detailed-and-diamond-studded-18kt-rose-gold-studs-for-women-ngd-stmn18k-s-77715,67140.11,175879.0,0.3817403442139198,
3076,Glamorously Detailed And Diamond Studded 18KT Rose Gold Necklace For Women,https://www.bhimagold.com/products/glamorously-detailed-and-diamond-studded-18kt-rose-gold-necklace-for-women-ngd-chdn18k-s-78063,185119.76,486394.0,0.38059630669786226,
3077,Glamorously Detailed And Diamond Studded 18KT Rose Gold Locket For Women,https://www.bhimagold.com/products/glamorously-detailed-and-diamond-studded-18kt-rose-gold-locket-for-women-ngd-chld18k-s-81879,29067.45,76383.0,0.3805486822984172,
3078,Glamorously Detailed And Diamond Studded 18KT Rose Gold Tanmaniya For Women,https://www.bhimagold.com/products/glamorously-detailed-and-diamond-studded-18kt-rose-gold-tanmaniya-for-women-ngd-chtm18k-s-77880,91192.0,239925.0,0.3800854433677191,
3079,Glamorously Detailed And Diamond Studded 18KT Rose Gold Studs For Women,https://www.bhimagold.com/products/glamorously-detailed-and-diamond-studded-18kt-rose-gold-studs-for-women-ngd-stmn18k-s-81762,33513.06,88378.0,0.3792013849600579,
3080,Glamorously Detailed And Diamond Studded 18KT Rose Gold Ring For Women,https://www.bhimagold.com/products/glamorously-detailed-and-diamond-studded-18kt-rose-gold-ring-for-women-ngd-rgdr18k-s-77897,37730.69,99519.0,0.37913051779057266,
3081,Glamorously Detailed And Diamond Studded 18KT Rose Gold Studs For Women,https://www.bhimagold.com/products/glamorously-detailed-and-diamond-studded-18kt-rose-gold-studs-for-women-ngd-stdm18k-s-80512,53347.32,141087.0,0.37811648132003656,
3082,Glamorously Detailed And Diamond Studded 18KT Rose Gold Ring For Women,https://www.bhimagold.com/products/glamorously-detailed-and-diamond-studded-18kt-rose-gold-ring-for-women-ngd-rgdr18k-s-77985,24621.84,65253.0,0.37732885844328995,
3083,Glamorously Detailed And Diamond Studded 18KT Rose Gold Studs For Women,https://www.bhimagold.com/products/glamorously-detailed-and-diamond-studded-18kt-rose-gold-studs-for-women-ngd-stdm18k-s-77693,24051.89,63801.0,0.3769829626494882,
3084,Charmingly Detailed And Diamond Studded 18KT Rose Gold Tanmaniya For Women,https://www.bhimagold.com/products/charmingly-detailed-and-diamond-studded-18kt-rose-gold-tanmaniya-for-women-ngd-chtm18k-s-77733,78425.12,208153.0,0.3767667052600731,
3085,Glamorously Detailed And Diamond Studded 18KT Rose Gold Studs For Women,https://www.bhimagold.com/products/glamorously-detailed-and-diamond-studded-18kt-rose-gold-studs-for-women-ngd-stdm18k-s-81852,48559.74,128929.0,0.37663939067238555,
3086,Glamorously Detailed And Diamond Studded 18KT Rose Gold Ring For Women,https://www.bhimagold.com/products/glamorously-detailed-and-diamond-studded-18kt-rose-gold-ring-for-women-ngd-rgdr18k-s-80350,23709.92,62985.0,0.37643756449948396,
3087,Glamorously Detailed And Diamond Studded 18KT Rose Gold Ring For Women,https://www.bhimagold.com/products/glamorously-detailed-and-diamond-studded-18kt-rose-gold-ring-for-women-ngd-rgdr18k-s-81715,19606.28,52107.0,0.37626959909417157,
3088,Glamorously Detailed And Diamond Studded 18KT Rose Gold Studs For Women,https://www.bhimagold.com/products/glamorously-detailed-and-diamond-studded-18kt-rose-gold-studs-for-women-ngd-stdm18k-s-79440,43316.2,115160.0,0.3761392844737756,
3089,Glamorously Detailed And Diamond Studded 18KT Rose Gold Studs For Women,https://www.bhimagold.com/products/glamorously-detailed-and-diamond-studded-18kt-rose-gold-studs-for-women-ngd-stdm18k-s-81717,31803.21,84577.0,0.376026697565532,
3090,Charmingly Detailed And Diamond Studded 18KT Rose Gold Ring For Women,https://www.bhimagold.com/products/charmingly-detailed-and-diamond-studded-18kt-rose-gold-ring-for-women-ngd-rgdr18k-s-77743,37046.75,98815.0,0.3749101857005515,
3091,Glamorously Detailed And Diamond Studded 18KT Rose Gold Ring For Women,https://www.bhimagold.com/products/glamorously-detailed-and-diamond-studded-18kt-rose-gold-ring-for-women-ngd-rgdr18k-s-80369,16984.51,45328.0,0.37470239145781853,
3092,Divinely Detailed And Diamond Studded 18KT Rose Gold Sri Krishna Locket For Women,https://www.bhimagold.com/products/divinely-detailed-and-diamond-studded-18kt-rose-gold-sri-krishna-locket-for-women-ngd-chld18k-s-77745,102363.02,273186.0,0.3747008265430879,
3093,Glamorously Detailed And Diamond Studded 18KT Rose Gold Ring For Women,https://www.bhimagold.com/products/glamorously-detailed-and-diamond-studded-18kt-rose-gold-ring-for-women-ngd-rgdr18k-s-81912,27699.57,74047.0,0.3740809215768363,
3094,Glamorously Detailed And Diamond Studded 18KT Rose Gold Studs For Women,https://www.bhimagold.com/products/glamorously-detailed-and-diamond-studded-18kt-rose-gold-studs-for-women-ngd-stdm18k-s-81707,32715.13,87556.0,0.3736480652382475,
3095,Glamorously Detailed And Diamond Studded 18KT Rose Gold Studs For Women,https://www.bhimagold.com/products/glamorously-detailed-and-diamond-studded-18kt-rose-gold-studs-for-women-ngd-stdm18k-na-s-81387,92217.91,246857.0,0.37356813863896915,
3096,Glamorously Detailed And Diamond Studded 18KT Rose Gold Studs For Women,https://www.bhimagold.com/products/glamorously-detailed-and-diamond-studded-18kt-rose-gold-studs-for-women-ngd-stdm18k-s-80285,44114.13,118393.0,0.3726075865971806,
3097,Glamorously Detailed And Diamond Studded 18KT Rose Gold Ring For Women,https://www.bhimagold.com/products/glamorously-detailed-and-diamond-studded-18kt-rose-gold-ring-for-women-ngd-rgdr18k-s-80440,30093.36,80777.0,0.37254862151354967,
3098,Charmingly Detailed And Diamond Studded 18KT Rose Gold Studs For Women,https://www.bhimagold.com/products/charmingly-detailed-and-diamond-studded-18kt-rose-gold-studs-for-women-ngd-stdm18k-s-80231,39782.51,106793.0,0.3725198280786194,
3099,Charmingly Detailed And Diamond Studded 18KT Rose Gold Studs For Women,https://www.bhimagold.com/products/charmingly-detailed-and-diamond-studded-18kt-rose-gold-studs-for-women-ngd-stmn18k-s-80555,35336.9,94891.0,0.3723946422737668,
3100,Traditionally Crafted And Diamond Studded 22KT Gold Locket For Women,https://www.bhimagold.com/products/traditionally-crafted-and-diamond-studded-22kt-gold-locket-for-women-ngd-chld-s-80453,59348.73,159454.0,0.3721996939556236,
3101,Glamorously Detailed And Diamond Studded 18KT Rose Gold Studs For Women,https://www.bhimagold.com/products/glamorously-detailed-and-diamond-studded-18kt-rose-gold-studs-for-women-ngd-stmn18k-s-81742,31233.26,83990.0,0.37186879390403615,
3102,Traditionally Crafted And Diamond Studded 22KT Gold Close Setting Locket For Women,https://www.bhimagold.com/products/traditionally-crafted-and-diamond-studded-22kt-gold-close-setting-locket-for-women-ngd-chld-s-80409,42530.94,114441.0,0.3716407581199046,
3103,Glamorously Detailed And Diamond Studded 18KT Rose Gold Tanmaniya For Women,https://www.bhimagold.com/products/glamorously-detailed-and-diamond-studded-18kt-rose-gold-tanmaniya-for-women-ngd-chtm18k-s-79787,38528.62,103740.0,0.3713959899749374,
3104,Glamorously Detailed And Diamond Studded 18KT Rose Gold Studs For Women,https://www.bhimagold.com/products/glamorously-detailed-and-diamond-studded-18kt-rose-gold-studs-for-women-ngd-stdm18k-s-77687,37388.72,100712.0,0.37124394312495035,
3105,Glamorously Detailed And Diamond Studded 18KT Rose Gold Studs For Women,https://www.bhimagold.com/products/glamorously-detailed-and-diamond-studded-18kt-rose-gold-studs-for-women-ngd-stdm18k-s-79426,38870.59,104834.0,0.3707822843733903,
3106,Glamorously Detailed And Diamond Studded 18KT Rose Gold Tanmaniya For Women,https://www.bhimagold.com/products/glamorously-detailed-and-diamond-studded-18kt-rose-gold-tanmaniya-for-women-ngd-chtm18k-s-81694,100539.18,272327.0,0.3691855012540071,
3107,Glamorously Detailed And Diamond Studded 18KT Rose Gold Ring For Women,https://www.bhimagold.com/products/glamorously-detailed-and-diamond-studded-18kt-rose-gold-ring-for-women-ngd-rgdr18k-s-80414,26445.68,71921.0,0.36770456473074625,
3108,Glamorously Detailed And Diamond Studded 18KT Rose Gold Tanmaniya For Women,https://www.bhimagold.com/products/glamorously-detailed-and-diamond-studded-18kt-rose-gold-tanmaniya-for-women-ngd-chtm18k-s-80462,75233.4,204866.0,0.36723223961028184,
3109,Glamorously Detailed And Diamond Studded 18KT Rose Gold Ring For Women,https://www.bhimagold.com/products/glamorously-detailed-and-diamond-studded-18kt-rose-gold-ring-for-women-ngd-rgdr18k-s-79483,11285.01,31092.0,0.3629554226167503,
3110,Glamorously Detailed And Diamond Studded 18KT Rose Gold Tanmaniya For Women,https://www.bhimagold.com/products/glamorously-detailed-and-diamond-studded-18kt-rose-gold-tanmaniya-for-women-ngd-chtm18k-na-s-79546,116611.77,321489.0,0.36272398122486305,
3111,Glamorously Detailed And Diamond Studded 18KT Rose Gold Studs For Women,https://www.bhimagold.com/products/glamorously-detailed-and-diamond-studded-18kt-rose-gold-studs-for-women-ngd-stmn18k-s-80291,26445.68,72941.0,0.3625626191031107,
3112,Glamorously Detailed And Diamond Studded 18KT Rose Gold Ring For Women,https://www.bhimagold.com/products/glamorously-detailed-and-diamond-studded-18kt-rose-gold-ring-for-women-ngd-rgdr18k-s-80322,22000.07,60783.0,0.36194445815441817,
3113,Glamorously Detailed And Diamond Studded 18KT Rose Gold Studs For Women,https://www.bhimagold.com/products/glamorously-detailed-and-diamond-studded-18kt-rose-gold-studs-for-women-ngd-stdm18k-s-81767,25191.79,69610.0,0.36189900876310876,
3114,Glamorously Detailed And Diamond Studded 18KT Rose Gold Studs For Women,https://www.bhimagold.com/products/glamorously-detailed-and-diamond-studded-18kt-rose-gold-studs-for-women-ngd-stmn18k-s-80537,43658.17,121075.0,0.36058781746851126,
3115,Glamorously Detailed And Diamond Studded 18KT Rose Gold Studs For Women,https://www.bhimagold.com/products/glamorously-detailed-and-diamond-studded-18kt-rose-gold-studs-for-women-ngd-stmn18k-s-77911,21886.08,60851.0,0.35966672692314017,
3116,Glamorously Detailed And Diamond Studded 18KT Rose Gold Studs For Women,https://www.bhimagold.com/products/glamorously-detailed-and-diamond-studded-18kt-rose-gold-studs-for-women-ngd-stmn18k-s-77816,27813.56,77409.0,0.3593065405831363,
3117,Glamorously Detailed And Diamond Studded 18KT Rose Gold Studs For Women,https://www.bhimagold.com/products/glamorously-detailed-and-diamond-studded-18kt-rose-gold-studs-for-women-ngd-stdm18k-s-81822,16414.56,45760.0,0.3587097902097902,
3118,Glamorously Detailed And Diamond Studded 18KT Rose Gold Ring For Women,https://www.bhimagold.com/products/glamorously-detailed-and-diamond-studded-18kt-rose-gold-ring-for-women-ngd-rgdr18k-s-79449,16984.51,47367.0,0.35857263495682645,
3119,Glamorously Detailed And Diamond Studded 18KT Rose Gold Ring For Women,https://www.bhimagold.com/products/glamorously-detailed-and-diamond-studded-18kt-rose-gold-ring-for-women-ngd-rgdr18k-s-79456,11626.98,32464.0,0.35814995071463773,
3120,Glamorously Detailed And Diamond Studded 18KT Rose Gold Studs For Women,https://www.bhimagold.com/products/glamorously-detailed-and-diamond-studded-18kt-rose-gold-studs-for-women-ngd-stmn18k-na-s-80376,19264.31,53794.0,0.35811261478975354,
3121,Glamorously Detailed And Diamond Studded 18KT Rose Gold Ring For Women,https://www.bhimagold.com/products/glamorously-detailed-and-diamond-studded-18kt-rose-gold-ring-for-women-ngd-rgdr18k-s-80282,11057.03,30950.0,0.3572546042003231,
3122,Glamorously Detailed And Diamond Studded 18KT Rose Gold Tanmaniya For Women,https://www.bhimagold.com/products/glamorously-detailed-and-diamond-studded-18kt-rose-gold-tanmaniya-for-women-ngd-chtm18k-s-81834,29865.38,83694.0,0.3568401558056731,
3123,Glamorously Detailed And Diamond Studded 18KT Rose Gold Ring For Women,https://www.bhimagold.com/products/glamorously-detailed-and-diamond-studded-18kt-rose-gold-ring-for-women-ngd-rgdr18k-s-79462,13222.84,37096.0,0.3564492128531378,
3124,Glamorously Detailed And Diamond Studded 18KT Rose Gold Locket For Women,https://www.bhimagold.com/products/glamorously-detailed-and-diamond-studded-18kt-rose-gold-locket-for-women-ngd-chld18k-s-79763,16528.55,46668.0,0.354173095054427,
3125,Glamorously Detailed And Diamond Studded 18KT Rose Gold Ring For Women,https://www.bhimagold.com/products/glamorously-detailed-and-diamond-studded-18kt-rose-gold-ring-for-women-ngd-rgdr18k-s-80187,18352.39,51835.0,0.3540540175557056,
3126,Glamorously Detailed And Diamond Studded 18KT Rose Gold Locket For Women,https://www.bhimagold.com/products/glamorously-detailed-and-diamond-studded-18kt-rose-gold-locket-for-women-ngd-chld18k-na-s-79559,12082.94,34161.0,0.3537056877726062,
3127,Glamorously Detailed And Diamond Studded 18KT Rose Gold Studs For Women,https://www.bhimagold.com/products/glamorously-detailed-and-diamond-studded-18kt-rose-gold-studs-for-women-ngd-stmn18k-s-81825,46507.92,131729.0,0.35305756515269987,
3128,Glamorously Detailed And Diamond Studded 18KT Rose Gold Ring For Women,https://www.bhimagold.com/products/glamorously-detailed-and-diamond-studded-18kt-rose-gold-ring-for-women-ngd-rgdr18k-s-77810,19378.3,54931.0,0.35277529992171996,
3129,Glamorously Detailed And Diamond Studded 18KT Rose Gold Ring For Women,https://www.bhimagold.com/products/glamorously-detailed-and-diamond-studded-18kt-rose-gold-ring-for-women-ngd-rgdr18k-s-80467,14704.71,41960.0,0.35044590085795996,
3130,Glamorously Detailed And Diamond Studded 18KT Rose Gold Ring For Women,https://www.bhimagold.com/products/glamorously-detailed-and-diamond-studded-18kt-rose-gold-ring-for-women-ngd-rgdr18k-s-81420,23253.96,66594.0,0.3491900171186593,
3131,Glamorously Detailed And Diamond Studded 18KT Rose Gold Studs For Women,https://www.bhimagold.com/products/glamorously-detailed-and-diamond-studded-18kt-rose-gold-studs-for-women-ngd-stdm18k-s-81791,15730.62,45056.0,0.34913485440340913,
3132,Traditionally Crafted And Diamond Studded 22KT Gold Nose Stud For Women,https://www.bhimagold.com/products/traditionally-crafted-and-diamond-studded-22kt-gold-nose-stud-for-women-ngd-stdn-na-s-81722,4030.71,11550.0,0.3489792207792208,
3133,Glamorously Detailed And Diamond Studded 18KT Rose Gold Ring For Women,https://www.bhimagold.com/products/glamorously-detailed-and-diamond-studded-18kt-rose-gold-ring-for-women-ngd-rgdr18k-s-79501,22342.04,64102.0,0.34853889114224207,
3134,Glamorously Detailed And Diamond Studded 18KT Rose Gold Tanmaniya For Women,https://www.bhimagold.com/products/glamorously-detailed-and-diamond-studded-18kt-rose-gold-tanmaniya-for-women-ngd-chtm18k-s-78078,14020.77,40236.0,0.34846331643304507,
3135,Glamorously Detailed And Diamond Studded 18KT Rose Gold Necklace For Women,https://www.bhimagold.com/products/glamorously-detailed-and-diamond-studded-18kt-rose-gold-necklace-for-women-ngd-chdn18k-s-81922,131772.44,378777.0,0.34788923297877117,
3136,Glamorously Detailed And Diamond Studded 18KT Rose Gold Tanmaniya For Women,https://www.bhimagold.com/products/glamorously-detailed-and-diamond-studded-18kt-rose-gold-tanmaniya-for-women-ngd-chtm18k-s-81695,52777.37,151717.0,0.34786721329844383,
3137,Glamorously Detailed And Diamond Studded 18KT Rose Gold Studs For Women,https://www.bhimagold.com/products/glamorously-detailed-and-diamond-studded-18kt-rose-gold-studs-for-women-ngd-stdm18k-s-78036,45596.0,131136.0,0.34770009760858955,
3138,Glamorously Detailed And Diamond Studded 18KT Rose Gold Necklace For Women,https://www.bhimagold.com/products/glamorously-detailed-and-diamond-studded-18kt-rose-gold-necklace-for-women-ngd-chdn18k-s-80492,131544.46,378563.0,0.3474836685043176,
3139,Glamorously Detailed And Diamond Studded 18KT Rose Gold Studs For Women,https://www.bhimagold.com/products/glamorously-detailed-and-diamond-studded-18kt-rose-gold-studs-for-women-ngd-stmn18k-s-81792,46507.92,134278.0,0.34635547148453205,
3140,Traditionally Crafted And Diamond Studded 22KT Gold Close Setting Locket For Women,https://www.bhimagold.com/products/traditionally-crafted-and-diamond-studded-22kt-gold-close-setting-locket-for-women-ngd-chld-s-79492,57958.83,167988.0,0.3450176798342739,
3141,Charmingly Detailed And Diamond Studded 18KT Rose Gold Ring For Women,https://www.bhimagold.com/products/charmingly-detailed-and-diamond-studded-18kt-rose-gold-ring-for-women-ngd-rgdr18k-s-80373,23367.95,67731.0,0.3450111470375456,
3142,Glamorously Detailed And Diamond Studded 18KT Rose Gold Tanmaniya For Women,https://www.bhimagold.com/products/glamorously-detailed-and-diamond-studded-18kt-rose-gold-tanmaniya-for-women-ngd-chtm18k-s-79544,35450.89,102756.0,0.3450006812254272,
3143,Glamorously Detailed And Diamond Studded 18KT Rose Gold Ring For Women,https://www.bhimagold.com/products/glamorously-detailed-and-diamond-studded-18kt-rose-gold-ring-for-women-ngd-rgdr18k-s-80332,22570.02,65441.0,0.3448911233019055,
3144,Glamorously Detailed And Diamond Studded 18KT Rose Gold Tanmaniya For Women,https://www.bhimagold.com/products/glamorously-detailed-and-diamond-studded-18kt-rose-gold-tanmaniya-for-women-ngd-chtm18k-s-77832,89026.19,258204.0,0.34479012718625585,
3145,Glamorously Detailed And Diamond Studded 18KT Rose Gold Studs For Women,https://www.bhimagold.com/products/glamorously-detailed-and-diamond-studded-18kt-rose-gold-studs-for-women-ngd-stdm18k-s-81895,25875.73,75382.0,0.3432613886604229,
3146,Traditionally Crafted And Diamond Studded 22KT Gold Close Setting Locket For Women,https://www.bhimagold.com/products/traditionally-crafted-and-diamond-studded-22kt-gold-close-setting-locket-for-women-ngd-chld-s-76389,57958.83,169007.0,0.3429374522948754,
3147,Glamorously Detailed And Diamond Studded 18KT Rose Gold Ring For Women,https://www.bhimagold.com/products/glamorously-detailed-and-diamond-studded-18kt-rose-gold-ring-for-women-ngd-rgdr18k-na-s-77717,56197.07,163951.0,0.34276747320845863,
3148,Glamorously Detailed And Diamond Studded 18KT Rose Gold Tanmaniya For Women,https://www.bhimagold.com/products/glamorously-detailed-and-diamond-studded-18kt-rose-gold-tanmaniya-for-women-ngd-chtm18k-s-77872,102704.99,299725.0,0.34266407540245225,
3149,Glamorously Detailed And Diamond Studded 18KT Rose Gold Studs For Women,https://www.bhimagold.com/products/glamorously-detailed-and-diamond-studded-18kt-rose-gold-studs-for-women-ngd-stdm18k-s-77976,40694.43,118949.0,0.34211662140917537,
3150,Traditionally Crafted And Diamond Studded 22KT Gold Close Setting Locket For Women,https://www.bhimagold.com/products/traditionally-crafted-and-diamond-studded-22kt-gold-close-setting-locket-for-women-ngd-chld-s-80465,37944.27,111583.0,0.3400542197288117,
3151,Glamorously Detailed And Diamond Studded 18KT Rose Gold Studs For Women,https://www.bhimagold.com/products/glamorously-detailed-and-diamond-studded-18kt-rose-gold-studs-for-women-ngd-stdm18k-s-79458,26559.67,78435.0,0.3386201313189265,
3152,Glamorously Detailed And Diamond Studded 18KT Rose Gold Ring For Women,https://www.bhimagold.com/products/glamorously-detailed-and-diamond-studded-18kt-rose-gold-ring-for-women-ngd-rgdr18k-s-80207,57336.97,170007.0,0.3372624068420712,
3153,Glamorously Detailed And Diamond Studded 18KT Rose Gold Studs For Women,https://www.bhimagold.com/products/glamorously-detailed-and-diamond-studded-18kt-rose-gold-studs-for-women-ngd-stdm18k-s-81786,12994.86,38561.0,0.33699489121132753,
3154,Traditionally Crafted And Diamond Studded 22KT Gold Close Setting Locket For Women,https://www.bhimagold.com/products/traditionally-crafted-and-diamond-studded-22kt-gold-close-setting-locket-for-women-ngd-chld-s-80473,55318.02,165066.0,0.3351266766020864,
3155,Glamorously Detailed And Diamond Studded 18KT Rose Gold Studs For Women,https://www.bhimagold.com/products/glamorously-detailed-and-diamond-studded-18kt-rose-gold-studs-for-women-ngd-stdm18k-s-79517,38870.59,116051.0,0.33494403322677097,
3156,Glamorously Detailed And Diamond Studded 18KT Rose Gold Locket For Women,https://www.bhimagold.com/products/glamorously-detailed-and-diamond-studded-18kt-rose-gold-locket-for-women-ngd-chld18k-s-79445,99513.27,297384.0,0.33462886369138894,
3157,Glamorously Detailed And Diamond Studded 18KT Rose Gold Locket For Women,https://www.bhimagold.com/products/glamorously-detailed-and-diamond-studded-18kt-rose-gold-locket-for-women-ngd-chld18k-na-s-81410,27471.59,82155.0,0.33438731665753757,
3158,Glamorously Detailed And Diamond Studded 18KT Rose Gold Ring For Women,https://www.bhimagold.com/products/glamorously-detailed-and-diamond-studded-18kt-rose-gold-ring-for-women-ngd-rgdr18k-s-80217,34310.99,102795.0,0.3337807286346612,
3159,Glamorously Detailed And Diamond Studded 18KT Rose Gold Locket For Women,https://www.bhimagold.com/products/glamorously-detailed-and-diamond-studded-18kt-rose-gold-locket-for-women-ngd-chld18k-s-79580,17554.46,52682.0,0.33321551953228806,
3160,Glamorously Detailed And Diamond Studded 18KT Rose Gold Locket For Women,https://www.bhimagold.com/products/glamorously-detailed-and-diamond-studded-18kt-rose-gold-locket-for-women-ngd-chld18k-na-s-76400,18922.34,56841.0,0.3328994915641878,
3161,Glamorously Detailed And Diamond Studded 18KT Rose Gold Locket For Women,https://www.bhimagold.com/products/glamorously-detailed-and-diamond-studded-18kt-rose-gold-locket-for-women-ngd-chld18k-s-77755,66000.21,198344.0,0.33275627193159363,
3162,Glamorously Detailed And Diamond Studded 18KT Rose Gold Locket For Women,https://www.bhimagold.com/products/glamorously-detailed-and-diamond-studded-18kt-rose-gold-locket-for-women-ngd-chld18k-na-s-81780,41150.39,124028.0,0.33178306511432903,
3163,Glamorously Detailed And Diamond Studded 18KT Rose Gold Tanmaniya For Women,https://www.bhimagold.com/products/glamorously-detailed-and-diamond-studded-18kt-rose-gold-tanmaniya-for-women-ngd-chtm18k-s-81709,45368.02,136741.0,0.3317806656379579,
3164,Glamorously Detailed And Diamond Studded 18KT Rose Gold Studs For Women,https://www.bhimagold.com/products/glamorously-detailed-and-diamond-studded-18kt-rose-gold-studs-for-women-ngd-stdm18k-s-81887,15046.68,45371.0,0.331636507901523,
3165,Glamorously Detailed And Diamond Studded 18KT Rose Gold Locket For Women,https://www.bhimagold.com/products/glamorously-detailed-and-diamond-studded-18kt-rose-gold-locket-for-women-ngd-chld18k-s-79779,18238.4,55240.0,0.33016654598117307,
3166,Glamorously Detailed And Diamond Studded 18KT Rose Gold Tanmaniya For Women,https://www.bhimagold.com/products/glamorously-detailed-and-diamond-studded-18kt-rose-gold-tanmaniya-for-women-ngd-chtm18k-s-79543,222964.44,676391.0,0.32963838962966685,
3167,Glamorously Detailed And Diamond Studded 18KT Rose Gold Tanmaniya For Women,https://www.bhimagold.com/products/glamorously-detailed-and-diamond-studded-18kt-rose-gold-tanmaniya-for-women-ngd-chtm18k-s-81718,18466.38,56031.0,0.32957434277453557,
3168,Glamorously Detailed And Diamond Studded 18KT Rose Gold Locket For Women,https://www.bhimagold.com/products/glamorously-detailed-and-diamond-studded-18kt-rose-gold-locket-for-women-ngd-chld18k-s-80455,18352.39,55914.0,0.32822531029795754,
3169,Glamorously Detailed And Diamond Studded 18KT Rose Gold Ring For Women,https://www.bhimagold.com/products/glamorously-detailed-and-diamond-studded-18kt-rose-gold-ring-for-women-ngd-rgdr18k-s-80312,23937.9,72964.0,0.32807823036017764,
3170,Glamorously Detailed And Diamond Studded 18KT Rose Gold Ring For Women,https://www.bhimagold.com/products/glamorously-detailed-and-diamond-studded-18kt-rose-gold-ring-for-women-ngd-rgdr18k-s-81734,16642.54,50815.0,0.3275123487159304,
3171,Traditionally Crafted And Diamond Studded 22KT Gold Locket For Women,https://www.bhimagold.com/products/traditionally-crafted-and-diamond-studded-22kt-gold-locket-for-women-ngd-chld-s-79508,36971.34,112919.0,0.32741469548968727,
3172,Traditionally Crafted And Diamond Studded 22KT Gold Nose Stud For Women,https://www.bhimagold.com/products/traditionally-crafted-and-diamond-studded-22kt-gold-nose-stud-for-women-ngd-stdn-na-s-80778,6532.53,19978.0,0.3269861848032836,
3173,Glamorously Detailed And Diamond Studded 18KT Rose Gold Studs For Women,https://www.bhimagold.com/products/glamorously-detailed-and-diamond-studded-18kt-rose-gold-studs-for-women-ngd-stdm18k-s-81755,14704.71,45019.0,0.32663342144427904,
3174,Glamorously Detailed And Diamond Studded 18KT Rose Gold Studs For Women,https://www.bhimagold.com/products/glamorously-detailed-and-diamond-studded-18kt-rose-gold-studs-for-women-ngd-stdm18k-s-79485,12082.94,37012.0,0.3264600670052956,
3175,Glamorously Detailed And Diamond Studded 18KT Rose Gold Studs For Women,https://www.bhimagold.com/products/glamorously-detailed-and-diamond-studded-18kt-rose-gold-studs-for-women-ngd-stdm18k-s-80536,62580.51,192241.0,0.3255315463402708,
3176,Glamorously Detailed And Diamond Studded 18KT Rose Gold Studs For Women,https://www.bhimagold.com/products/glamorously-detailed-and-diamond-studded-18kt-rose-gold-studs-for-women-ngd-stdm18k-s-81727,11512.99,35406.0,0.3251705925549342,
3177,Glamorously Detailed And Diamond Studded 18KT Rose Gold Studs For Women,https://www.bhimagold.com/products/glamorously-detailed-and-diamond-studded-18kt-rose-gold-studs-for-women-ngd-stdm18k-s-80223,14590.72,44901.0,0.3249531190842075,
3178,Glamorously Detailed And Diamond Studded 18KT Rose Gold Studs For Women,https://www.bhimagold.com/products/glamorously-detailed-and-diamond-studded-18kt-rose-gold-studs-for-women-ngd-stdm18k-s-80408,19036.33,58658.0,0.32453083978314984,
3179,Glamorously Detailed And Diamond Studded 18KT Rose Gold Locket For Women,https://www.bhimagold.com/products/glamorously-detailed-and-diamond-studded-18kt-rose-gold-locket-for-women-ngd-chld18k-s-77971,12880.87,40081.0,0.32137097377809937,
3180,Glamorously Detailed And Diamond Studded 18KT Rose Gold Studs For Women,https://www.bhimagold.com/products/glamorously-detailed-and-diamond-studded-18kt-rose-gold-studs-for-women-ngd-stdm18k-s-80288,11285.01,35171.0,0.32086122089221236,
3181,Traditionally Crafted And Diamond Studded 22KT Gold Close Setting Locket For Women,https://www.bhimagold.com/products/traditionally-crafted-and-diamond-studded-22kt-gold-close-setting-locket-for-women-ngd-chld-s-79540,65325.3,203627.0,0.32080863539707405,
3182,Glamorously Detailed And Diamond Studded 18KT Rose Gold Tanmaniya For Women,https://www.bhimagold.com/products/glamorously-detailed-and-diamond-studded-18kt-rose-gold-tanmaniya-for-women-ngd-chtm18k-na-s-81703,38300.64,119543.0,0.32039216014321203,
3183,Glamorously Detailed And Diamond Studded 18KT Rose Gold Ring For Women,https://www.bhimagold.com/products/glamorously-detailed-and-diamond-studded-18kt-rose-gold-ring-for-women-ngd-rgdr18k-s-80490,33855.03,105756.0,0.32012396459775333,
3184,Glamorously Detailed And Diamond Studded 18KT Rose Gold Locket For Women,https://www.bhimagold.com/products/glamorously-detailed-and-diamond-studded-18kt-rose-gold-locket-for-women-ngd-chld18k-s-78087,23253.96,72713.0,0.3198047116746661,
3185,Glamorously Detailed And Diamond Studded 18KT Rose Gold Locket For Women,https://www.bhimagold.com/products/glamorously-detailed-and-diamond-studded-18kt-rose-gold-locket-for-women-ngd-chld18k-s-79453,55057.17,172176.0,0.3197726163925286,
3186,Glamorously Detailed And Diamond Studded 18KT Rose Gold Studs For Women,https://www.bhimagold.com/products/glamorously-detailed-and-diamond-studded-18kt-rose-gold-studs-for-women-ngd-stdm18k-s-80524,35792.86,112881.0,0.31708489471213047,
3187,Glamorously Detailed And Diamond Studded 18KT Rose Gold Ring For Women,https://www.bhimagold.com/products/glamorously-detailed-and-diamond-studded-18kt-rose-gold-ring-for-women-ngd-rgdr18k-s-80358,27129.62,85635.0,0.31680527821568283,
3188,Glamorously Detailed And Diamond Studded 18KT Rose Gold Studs For Women,https://www.bhimagold.com/products/glamorously-detailed-and-diamond-studded-18kt-rose-gold-studs-for-women-ngd-stmn18k-s-80513,35336.9,111577.0,0.3167041594593868,
3189,Glamorously Detailed And Diamond Studded 18KT Rose Gold Ring For Women,https://www.bhimagold.com/products/glamorously-detailed-and-diamond-studded-18kt-rose-gold-ring-for-women-ngd-rgdr18k-s-80433,11057.03,34936.0,0.31649387451339595,
3190,Glamorously Detailed And Diamond Studded 18KT Rose Gold Tanmaniya For Women,https://www.bhimagold.com/products/glamorously-detailed-and-diamond-studded-18kt-rose-gold-tanmaniya-for-women-ngd-chtm18k-s-77737,64404.35,204394.0,0.31509902443320253,
3191,Traditionally Crafted And Detailed 22KT Gold Cats Eye Stone Locket,https://www.bhimagold.com/products/traditionally-crafted-and-detailed-22kt-gold-cats-eye-stone-locket-ngo-bslc-brs-s-l-p-24338919,36693.36,116514.0,0.3149266182604666,
3192,Glamorously Detailed And Diamond Studded 18KT Rose Gold Studs For Women,https://www.bhimagold.com/products/glamorously-detailed-and-diamond-studded-18kt-rose-gold-studs-for-women-ngd-stdm18k-s-80487,15274.66,48665.0,0.31387362580910305,
3193,Glamorously Detailed And Diamond Studded 18KT Rose Gold Studs For Women,https://www.bhimagold.com/products/glamorously-detailed-and-diamond-studded-18kt-rose-gold-studs-for-women-ngd-stdm18k-s-81915,18694.36,59665.0,0.3133220481019023,
3194,Traditionally Crafted And Diamond Studded 22KT Gold Close Setting Locket For Women,https://www.bhimagold.com/products/traditionally-crafted-and-diamond-studded-22kt-gold-close-setting-locket-for-women-ngd-chld-s-77954,34747.5,111854.0,0.31065049081838825,
3195,Glamorously Detailed And Diamond Studded 18KT Rose Gold Tanmaniya For Women,https://www.bhimagold.com/products/glamorously-detailed-and-diamond-studded-18kt-rose-gold-tanmaniya-for-women-ngd-chtm18k-s-80232,32031.19,103167.0,0.3104790291469171,
3196,Glamorously Detailed And Diamond Studded 18KT Rose Gold Studs For Women,https://www.bhimagold.com/products/glamorously-detailed-and-diamond-studded-18kt-rose-gold-studs-for-women-ngd-stdm18k-s-77709,16756.53,54023.0,0.31017399996297873,
3197,Glamorously Detailed And Diamond Studded 18KT Rose Gold Ring For Women,https://www.bhimagold.com/products/glamorously-detailed-and-diamond-studded-18kt-rose-gold-ring-for-women-ngd-rgdr18k-s-80486,34424.98,111071.0,0.30993670715128163,
3198,Traditionally Crafted And Diamond Studded 22KT Gold Close Setting Locket For Women,https://www.bhimagold.com/products/traditionally-crafted-and-diamond-studded-22kt-gold-close-setting-locket-for-women-ngd-chld-s-76377,62545.5,202005.0,0.3096235241701938,
3199,Glamorously Detailed And Diamond Studded 18KT Rose Gold Tanmaniya For Women,https://www.bhimagold.com/products/glamorously-detailed-and-diamond-studded-18kt-rose-gold-tanmaniya-for-women-ngd-chtm18k-s-81778,63150.46,204122.0,0.3093760594154476,
3200,Traditionally Crafted And Diamond Studded 22KT Gold Locket For Women,https://www.bhimagold.com/products/traditionally-crafted-and-diamond-studded-22kt-gold-locket-for-women-ngd-chld-s-79573,61294.59,198235.0,0.3092016546018614,
3201,Traditionally Crafted And Diamond Studded 18KT Yellow Gold Studs For Women,https://www.bhimagold.com/products/traditionally-crafted-and-diamond-studded-18kt-yellow-gold-studs-for-women-ngd-stdm18k-s-77716,22570.02,73298.0,0.3079213621108352,
3202,Glamorously Detailed And Diamond Studded 18KT Rose Gold Studs For Women,https://www.bhimagold.com/products/glamorously-detailed-and-diamond-studded-18kt-rose-gold-studs-for-women-ngd-stmn18k-s-79437,62466.52,203511.0,0.30694419466269635,
3203,Glamorously Detailed And Diamond Studded 18KT Rose Gold Ring For Women,https://www.bhimagold.com/products/glamorously-detailed-and-diamond-studded-18kt-rose-gold-ring-for-women-ngd-rgdr18k-s-77953,17326.48,56897.0,0.30452361284426244,
3204,Glamorously Detailed And Diamond Studded 18KT Rose Gold Studs For Women,https://www.bhimagold.com/products/glamorously-detailed-and-diamond-studded-18kt-rose-gold-studs-for-women-ngd-stdm18k-s-77695,16870.52,55685.0,0.3029634551495017,
3205,Glamorously Detailed And Diamond Studded 18KT Rose Gold Studs For Women,https://www.bhimagold.com/products/glamorously-detailed-and-diamond-studded-18kt-rose-gold-studs-for-women-ngd-stdm18k-s-77704,22456.03,74416.0,0.3017634648462696,
3206,Glamorously Detailed And Diamond Studded 18KT Rose Gold Ring For Women,https://www.bhimagold.com/products/glamorously-detailed-and-diamond-studded-18kt-rose-gold-ring-for-women-ngd-rgdr18k-s-77865,24051.89,79766.0,0.30153060201088183,
3207,Fancy Gorgeously Detailed And Diamond Studded 18KT Rose Gold Locket For Women,https://www.bhimagold.com/products/fancy-gorgeously-detailed-and-diamond-studded-18kt-rose-gold-locket-for-women-ngd-chld18k-s-77789,10601.07,35160.0,0.301509385665529,
3208,Glamorously Detailed And Diamond Studded 18KT Rose Gold Studs For Women,https://www.bhimagold.com/products/glamorously-detailed-and-diamond-studded-18kt-rose-gold-studs-for-women-ngd-stdm18k-s-81758,11968.95,39954.0,0.2995682534915153,
3209,Charmingly Detailed And Diamond Studded 18KT Rose Gold Ring For Women,https://www.bhimagold.com/products/charmingly-detailed-and-diamond-studded-18kt-rose-gold-ring-for-women-ngd-rgdr18k-s-80443,31005.28,103583.0,0.29932788198835714,
3210,Glamorously Detailed And Diamond Studded 18KT Rose Gold Ring For Women,https://www.bhimagold.com/products/glamorously-detailed-and-diamond-studded-18kt-rose-gold-ring-for-women-ngd-rgdr18k-s-77909,23595.93,78984.0,0.29874316317228805,
3211,Glamorously Detailed And Diamond Studded 18KT Rose Gold Studs For Women,https://www.bhimagold.com/products/glamorously-detailed-and-diamond-studded-18kt-rose-gold-studs-for-women-ngd-stdm18k-s-80421,15958.6,53448.0,0.2985817991318665,
3212,Glamorously Detailed And Diamond Studded 18KT Rose Gold Studs For Women,https://www.bhimagold.com/products/glamorously-detailed-and-diamond-studded-18kt-rose-gold-studs-for-women-ngd-stdm18k-s-80556,23139.97,77694.0,0.29783471053105776,
3213,Glamorously Detailed And Diamond Studded 18KT Rose Gold Studs For Women,https://www.bhimagold.com/products/glamorously-detailed-and-diamond-studded-18kt-rose-gold-studs-for-women-ngd-stdm18k-s-77848,21088.15,70844.0,0.297670233188414,
3214,Traditionally Crafted And Diamond Studded 22KT Gold Studs For Women,https://www.bhimagold.com/products/traditionally-crafted-and-diamond-studded-22kt-gold-studs-for-women-ngd-stdm-s-80523,39473.16,132872.0,0.2970765849840448,
3215,Glamorously Detailed And Diamond Studded 18KT Rose Gold Locket For Women,https://www.bhimagold.com/products/glamorously-detailed-and-diamond-studded-18kt-rose-gold-locket-for-women-ngd-chld18k-s-79566,40010.49,134931.0,0.2965255575071703,
3216,Glamorously Detailed And Diamond Studded 18KT Rose Gold Studs For Women,https://www.bhimagold.com/products/glamorously-detailed-and-diamond-studded-18kt-rose-gold-studs-for-women-ngd-stdm18k-s-81744,22456.03,75817.0,0.2961872667079942,
3217,Glamorously Detailed And Diamond Studded 18KT Rose Gold Locket For Women,https://www.bhimagold.com/products/glamorously-detailed-and-diamond-studded-18kt-rose-gold-locket-for-women-ngd-chld18k-na-s-79761,10487.08,35414.0,0.29612808493816006,
3218,Glamorously Detailed And Diamond Studded 18KT Rose Gold Tanmaniya For Women,https://www.bhimagold.com/products/glamorously-detailed-and-diamond-studded-18kt-rose-gold-tanmaniya-for-women-ngd-chtm18k-s-81702,91761.95,311278.0,0.29479099068999415,
3219,Glamorously Detailed And Diamond Studded 18KT Rose Gold Locket For Women,https://www.bhimagold.com/products/glamorously-detailed-and-diamond-studded-18kt-rose-gold-locket-for-women-ngd-chld18k-s-80278,17326.48,58936.0,0.29398805483914753,
3220,Charmingly Detailed And Diamond Studded 18KT Rose Gold Tanmaniya For Women,https://www.bhimagold.com/products/charmingly-detailed-and-diamond-studded-18kt-rose-gold-tanmaniya-for-women-ngd-chtm18k-s-77779,52207.42,178013.0,0.2932786931291535,
3221,Glamorously Detailed And Diamond Studded 18KT Rose Gold Ring For Women,https://www.bhimagold.com/products/glamorously-detailed-and-diamond-studded-18kt-rose-gold-ring-for-women-ngd-rgdr18k-s-78058,19150.32,65460.0,0.2925499541704858,
3222,Glamorously Detailed And Diamond Studded 18KT Rose Gold Ring For Women,https://www.bhimagold.com/products/glamorously-detailed-and-diamond-studded-18kt-rose-gold-ring-for-women-ngd-rgdr18k-s-79484,20404.21,70243.0,0.290480332559828,
3223,Glamorously Detailed And Diamond Studded 18KT Rose Gold Studs For Women,https://www.bhimagold.com/products/glamorously-detailed-and-diamond-studded-18kt-rose-gold-studs-for-women-ngd-stdm18k-s-80546,15388.65,53386.0,0.28825253811860785,
3224,Glamorously Detailed And Diamond Studded 18KT Rose Gold Studs For Women,https://www.bhimagold.com/products/glamorously-detailed-and-diamond-studded-18kt-rose-gold-studs-for-women-ngd-stdm18k-s-79461,20290.22,71166.0,0.28511114858218817,
3225,Glamorously Detailed And Diamond Studded 18KT Yellow Gold Studs For Women,https://www.bhimagold.com/products/glamorously-detailed-and-diamond-studded-18kt-yellow-gold-studs-for-women-ngd-stdm18k-s-79751,42176.3,148007.0,0.28496152209017145,
3226,Glamorously Detailed And Diamond Studded 18KT Rose Gold Studs For Women,https://www.bhimagold.com/products/glamorously-detailed-and-diamond-studded-18kt-rose-gold-studs-for-women-ngd-stdm18k-na-s-80511,38072.66,135551.0,0.28087332443139484,
3227,Glamorously Detailed And Diamond Studded 18KT Rose Gold Studs For Women,https://www.bhimagold.com/products/glamorously-detailed-and-diamond-studded-18kt-rose-gold-studs-for-women-ngd-stdm18k-s-77837,52891.36,188544.0,0.280525288526816,
3228,Glamorously Detailed And Diamond Studded 18KT Rose Gold Ring For Women,https://www.bhimagold.com/products/glamorously-detailed-and-diamond-studded-18kt-rose-gold-ring-for-women-ngd-rgdr18k-s-80366,21088.15,75271.0,0.2801630109869671,
3229,Glamorously Detailed And Diamond Studded 18KT Rose Gold Ring For Women,https://www.bhimagold.com/products/glamorously-detailed-and-diamond-studded-18kt-rose-gold-ring-for-women-ngd-rgdr18k-s-80310,22456.03,80648.0,0.27844497073703006,
3230,Glamorously Detailed And Diamond Studded 18KT Rose Gold Studs For Women,https://www.bhimagold.com/products/glamorously-detailed-and-diamond-studded-18kt-rose-gold-studs-for-women-ngd-stdm18k-s-79574,10601.07,38219.0,0.27737695910411053,
3231,Glamorously Detailed And Diamond Studded 18KT Rose Gold Ring For Women,https://www.bhimagold.com/products/glamorously-detailed-and-diamond-studded-18kt-rose-gold-ring-for-women-ngd-rgdr18k-s-81806,17896.43,64570.0,0.2771632336998606,
3232,Glamorously Detailed And Diamond Studded 18KT Rose Gold Tanmaniya For Women,https://www.bhimagold.com/products/glamorously-detailed-and-diamond-studded-18kt-rose-gold-tanmaniya-for-women-ngd-chtm18k-s-81412,22000.07,81085.0,0.27132108281433065,
3233,Glamorously Detailed And Diamond Studded 18KT Rose Gold Tanmaniya For Women,https://www.bhimagold.com/products/glamorously-detailed-and-diamond-studded-18kt-rose-gold-tanmaniya-for-women-ngd-chtm18k-s-81693,36020.84,133602.0,0.2696130297450637,
3234,Glamorously Detailed And Diamond Studded 18KT Rose Gold Ring For Women,https://www.bhimagold.com/products/glamorously-detailed-and-diamond-studded-18kt-rose-gold-ring-for-women-ngd-rgdr18k-s-81776,15616.63,58194.0,0.26835464137196274,
3235,Glamorously Detailed And Diamond Studded 18KT Rose Gold Ring For Women,https://www.bhimagold.com/products/glamorously-detailed-and-diamond-studded-18kt-rose-gold-ring-for-women-ngd-rgdr18k-s-80316,16300.57,60923.0,0.2675601989396451,
3236,Glamorously Detailed And Diamond Studded 18KT Rose Gold Ring For Women,https://www.bhimagold.com/products/glamorously-detailed-and-diamond-studded-18kt-rose-gold-ring-for-women-ngd-rgdr18k-s-80250,19606.28,73963.0,0.2650822708651623,
3237,Traditionally Crafted And Diamond Studded 22KT Gold Studs For Women,https://www.bhimagold.com/products/traditionally-crafted-and-diamond-studded-22kt-gold-studs-for-women-ngd-stdm-s-79494,171513.66,649864.0,0.2639223899154285,
3238,Charmingly Detailed And Diamond Studded 18KT Rose Gold Locket For Women,https://www.bhimagold.com/products/charmingly-detailed-and-diamond-studded-18kt-rose-gold-locket-for-women-ngd-chld18k-s-77781,8777.23,33282.0,0.2637230334715462,
3239,Glamorously Detailed And Diamond Studded 18KT Rose Gold Locket For Women,https://www.bhimagold.com/products/glamorously-detailed-and-diamond-studded-18kt-rose-gold-locket-for-women-ngd-chld18k-s-79507,21316.13,81585.0,0.26127511184654045,
3240,Glamorously Detailed And Diamond Studded 18KT Rose Gold Locket For Women,https://www.bhimagold.com/products/glamorously-detailed-and-diamond-studded-18kt-rose-gold-locket-for-women-ngd-chld18k-na-s-79762,8663.24,33247.0,0.2605720816915812,
3241,Glamorously Detailed And Diamond Studded 18KT Rose Gold Studs For Women,https://www.bhimagold.com/products/glamorously-detailed-and-diamond-studded-18kt-rose-gold-studs-for-women-ngd-stdm18k-na-s-80391,47647.82,182961.0,0.2604261017375288,
3242,Glamorously Detailed And Diamond Studded 18KT Yellow Gold Studs For Women,https://www.bhimagold.com/products/glamorously-detailed-and-diamond-studded-18kt-yellow-gold-studs-for-women-ngd-stdm18k-s-81810,25989.72,102043.0,0.2546938055525612,
3243,Glamorously Detailed And Diamond Studded 18KT Yellow Gold Studs For Women,https://www.bhimagold.com/products/glamorously-detailed-and-diamond-studded-18kt-yellow-gold-studs-for-women-ngd-stdm18k-s-77932,25989.72,102043.0,0.2546938055525612,
3244,Traditionally Crafted And Diamond Studded 22KT Gold Close Setting Locket For Women,https://www.bhimagold.com/products/traditionally-crafted-and-diamond-studded-22kt-gold-close-setting-locket-for-women-ngd-chld-s-77775,37388.31,146860.0,0.25458470652321935,
3245,Glamorously Detailed And Diamond Studded 18KT Rose Gold Studs For Women,https://www.bhimagold.com/products/glamorously-detailed-and-diamond-studded-18kt-rose-gold-studs-for-women-ngd-stdm18k-s-80529,28155.53,111411.0,0.25271768496827063,
3246,Glamorously Detailed And Diamond Studded 18KT Rose Gold Studs For Women,https://www.bhimagold.com/products/glamorously-detailed-and-diamond-studded-18kt-rose-gold-studs-for-women-ngd-stdm18k-s-79480,10373.09,41369.0,0.25074548575019945,
3247,Glamorously Detailed And Diamond Studded 18KT Rose Gold Tanmaniya For Women,https://www.bhimagold.com/products/glamorously-detailed-and-diamond-studded-18kt-rose-gold-tanmaniya-for-women-ngd-chtm18k-s-81723,71699.71,286510.0,0.2502520330878504,
3248,Glamorously Detailed And Diamond Studded 18KT Rose Gold Studs For Women,https://www.bhimagold.com/products/glamorously-detailed-and-diamond-studded-18kt-rose-gold-studs-for-women-ngd-stdm18k-s-81855,34994.93,140610.0,0.24887938268970913,
3249,Glamorously Detailed And Diamond Studded 18KT Rose Gold Ring For Women,https://www.bhimagold.com/products/glamorously-detailed-and-diamond-studded-18kt-rose-gold-ring-for-women-ngd-rgdr18k-s-80348,15388.65,62049.0,0.24800802591500265,
3250,Glamorously Detailed And Diamond Studded 18KT Rose Gold Studs For Women,https://www.bhimagold.com/products/glamorously-detailed-and-diamond-studded-18kt-rose-gold-studs-for-women-ngd-stdm18k-s-80527,34424.98,140023.0,0.24585232426101428,
3251,Glamorously Detailed And Diamond Studded 18KT Rose Gold Locket For Women,https://www.bhimagold.com/products/glamorously-detailed-and-diamond-studded-18kt-rose-gold-locket-for-women-ngd-chld18k-s-80436,23709.92,97748.0,0.2425616892417236,
3252,Glamorously Detailed And Diamond Studded 18KT Rose Gold Studs For Women,https://www.bhimagold.com/products/glamorously-detailed-and-diamond-studded-18kt-rose-gold-studs-for-women-ngd-stdm18k-s-80515,33741.04,139598.0,0.24170145704093182,
3253,Glamorously Detailed And Diamond Studded 18KT Rose Gold Ring For Women,https://www.bhimagold.com/products/glamorously-detailed-and-diamond-studded-18kt-rose-gold-ring-for-women-ngd-rgdr18k-s-80367,16642.54,69067.0,0.24096225404317548,
3254,Glamorously Detailed And Diamond Studded 18KT Rose Gold Studs For Women,https://www.bhimagold.com/products/glamorously-detailed-and-diamond-studded-18kt-rose-gold-studs-for-women-ngd-stmn18k-s-81816,26445.68,111587.0,0.2369960658499646,
3255,Glamorously Detailed And Diamond Studded 18KT Rose Gold Necklace For Women,https://www.bhimagold.com/products/glamorously-detailed-and-diamond-studded-18kt-rose-gold-necklace-for-women-ngd-chdn18k-s-81848,454022.17,1923297.0,0.236064513177112,
3256,Glamorously Detailed And Diamond Studded 18KT Rose Gold Studs For Women,https://www.bhimagold.com/products/glamorously-detailed-and-diamond-studded-18kt-rose-gold-studs-for-women-ngd-stdm18k-s-81753,11512.99,48869.0,0.23558881908776524,
3257,Charmingly Detailed And Diamond Studded 18KT Rose Gold Locket For Women,https://www.bhimagold.com/products/charmingly-detailed-and-diamond-studded-18kt-rose-gold-locket-for-women-ngd-chld18k-s-80412,26331.69,115280.0,0.22841507633587785,
3258,Glamorously Detailed And Diamond Studded 18KT Rose Gold Locket For Women,https://www.bhimagold.com/products/glamorously-detailed-and-diamond-studded-18kt-rose-gold-locket-for-women-ngd-chld18k-s-77899,15388.65,67384.0,0.22837246230559183,
3259,Glamorously Detailed And Diamond Studded 18KT Rose Gold Ring For Women,https://www.bhimagold.com/products/glamorously-detailed-and-diamond-studded-18kt-rose-gold-ring-for-women-ngd-rgdr18k-s-81751,17440.47,76733.0,0.2272877380005995,
3260,Glamorously Detailed And Diamond Studded 18KT Rose Gold Studs For Women,https://www.bhimagold.com/products/glamorously-detailed-and-diamond-studded-18kt-rose-gold-studs-for-women-ngd-stdm18k-s-77690,28953.46,129795.0,0.2230706883932355,
3261,Glamorously Detailed And Diamond Studded 18KT Rose Gold Studs For Women,https://www.bhimagold.com/products/glamorously-detailed-and-diamond-studded-18kt-rose-gold-studs-for-women-ngd-stdm18k-s-80340,22342.04,108351.0,0.20620058882705283,
3262,Glamorously Detailed And Diamond Studded 18KT Rose Gold Tanmaniya For Women,https://www.bhimagold.com/products/glamorously-detailed-and-diamond-studded-18kt-rose-gold-tanmaniya-for-women-ngd-chtm18k-s-81804,16528.55,80362.0,0.20567619023916775,
3263,Glamorously Detailed And Diamond Studded 18KT Rose Gold Ring For Women,https://www.bhimagold.com/products/glamorously-detailed-and-diamond-studded-18kt-rose-gold-ring-for-women-ngd-rgdr18k-s-81833,16186.58,79660.0,0.20319583228722068,
3264,Glamorously Detailed And Diamond Studded 18KT Rose Gold Locket For Women,https://www.bhimagold.com/products/glamorously-detailed-and-diamond-studded-18kt-rose-gold-locket-for-women-ngd-chld18k-s-78092,34538.97,179121.0,0.19282479441271544,
3265,Traditionally Crafted And Diamond Studded 18KT Yellow Gold Nose Stud For Women,https://www.bhimagold.com/products/traditionally-crafted-and-diamond-studded-18kt-yellow-gold-nose-stud-for-women-ngd-stdn18k-s-81688,4559.6,24641.0,0.18504119151008483,
3266,Traditionally Crafted And Diamond Studded 18KT Yellow Gold Nose Stud For Women,https://www.bhimagold.com/products/traditionally-crafted-and-diamond-studded-18kt-yellow-gold-nose-stud-for-women-ngd-stdn18k-na-s-80777,4559.6,30110.0,0.15143141813351046,
3267,Glamorously Detailed And Diamond Studded 18KT Rose Gold Studs For Women,https://www.bhimagold.com/products/glamorously-detailed-and-diamond-studded-18kt-rose-gold-studs-for-women-ngd-stdm18k-s-80538,11399.0,78816.0,0.14462799431587495,
3268,Glamorously Detailed And Diamond Studded 18KT Rose Gold Studs For Women,https://www.bhimagold.com/products/glamorously-detailed-and-diamond-studded-18kt-rose-gold-studs-for-women-ngd-stdm18k-s-77908,12196.93,110879.0,0.1100021645216858,
3269,Traditionally Crafted And Detailed Silver Rakhi,https://www.bhimagold.com/products/traditionally-crafted-and-detailed-silver-rakhi-sl-slbb-p-76996,22.0,1602.0,0.01373283395755306,
3270,Finely Detailed And Crafted Silver Om Rakhi,https://www.bhimagold.com/products/finely-detailed-and-crafted-silver-om-rakhi-sl-slbb-p-76993,22.0,1697.0,0.01296405421331762,
3271,Finely Detailed And Crafted Silver Shiva Rakhi,https://www.bhimagold.com/products/finely-detailed-and-crafted-silver-shiva-rakhi-sl-slbb-p-76997,22.0,1793.0,0.012269938650306749,
3272,Finely Detailed And Crafted Silver Rakhi,https://www.bhimagold.com/products/finely-detailed-and-crafted-silver-rakhi-sl-slbb-p-76998,22.0,1842.0,0.011943539630836048,
3273,Finely Detailed And Crafted Silver Om Rakhi,https://www.bhimagold.com/products/finely-detailed-and-crafted-silver-om-rakhi-sl-slbb-p-76991,22.0,1969.0,0.0111731843575419,
3274,Finely Detailed Silver Ganesha Rakhi,https://www.bhimagold.com/products/finely-detailed-silver-ganesha-rakhi-sl-slbb-p-76999,22.0,1969.0,0.0111731843575419,
3275,Finely Detailed And Crafted Silver Rakhi,https://www.bhimagold.com/products/finely-detailed-and-crafted-silver-rakhi-sl-slbb-p-77006,22.0,2018.0,0.010901883052527254,
3276,Finely Detailed And Crafted Silver Rakhi,https://www.bhimagold.com/products/finely-detailed-and-crafted-silver-rakhi-sl-slbb-p-77001,22.0,2090.0,0.010526315789473684,
3277,Enamel Worked & Detailed Silver Rakhi,https://www.bhimagold.com/products/enamel-worked-&-detailed-silver-rakhi-sl-slbb-p-77005,22.0,2116.0,0.010396975425330813,
3278,Finely Detailed Silver Lamp,https://www.bhimagold.com/products/finely-detailed-silver-lamp-sl-slla-p-64570,22.0,9722.0,0.002262908866488377,
3279,Traditionally Crafted And Detailed Silver Shanku Stand,https://www.bhimagold.com/products/traditionally-crafted-and-detailed-silver-shanku-stand-sl-slpi-p-64588,22.0,10005.0,0.0021989005497251375,
3280,Finely Detailed Silver Lamp,https://www.bhimagold.com/products/finely-detailed-silver-lamp-sl-slla-p-64571,22.0,10150.0,0.002167487684729064,
3281,Finely Detailed And Crafted Silver Lamp,https://www.bhimagold.com/products/finely-detailed-and-crafted-silver-lamp-sl-slla-p-64627,22.0,13447.0,0.001636052651148955,
3282,Classic Finely Detailed And Crafted Silver Chombu,https://www.bhimagold.com/products/classic-finely-detailed-and-crafted-silver-chombu-sl-slsc-p-64197,22.0,14147.0,0.0015551000212059094,
3283,Antique Finished And Studded 22KT Gold Lakshmi Devi Haaram,https://www.bhimagold.com/products/antique-finished-and-studded-22kt-gold-lakshmi-devi-haaram-ngo-chfc-pcw-s-l-ox-24752486,22.0,,,Could not find both gold value and grand total
3284,Antique Finished And Studded 22KT Gold Drops,https://www.bhimagold.com/products/antique-finished-and-studded-22kt-gold-drops-ngo-stdr-pcw-s-l-ox-2511151,22.0,,,Could not find both gold value and grand total
3285,Matte Finished And Studded 22KT Gold Choker,https://www.bhimagold.com/products/matte-finished-and-studded-22kt-gold-choker-ngo-chkr-adsc-s-l-p-2549343,22.0,,,Could not find both gold value and grand total
3286,Studded And Detailed 22KT Gold Bangles For Women,https://www.bhimagold.com/products/studded-and-detailed-22kt-gold-bangles-for-women-ngo-bgbb-cld-s-l-p-25119104,22.0,,,Could not find both gold value and grand total
3287,Studded And Detailed 22KT Gold Necklace For Women,https://www.bhimagold.com/products/studded-and-detailed-22kt-gold-necklace-for-women-ngo-chnc-adb-s-l-p-25199677,22.0,,,Could not find both gold value and grand total
3288,Studded And Detailed 22KT Gold Bangles For Women,https://www.bhimagold.com/products/studded-and-detailed-22kt-gold-bangles-for-women-ngo-bgbb-p-s-73389,22.0,,,Could not find both gold value and grand total
3289,All Jewellery,https://www.bhimagold.com/products/traditionally-crafted-and-detailed-22kt-gold-haaram-for-women-ngo-chfc-p-p-64995,22.0,,,Could not find both gold value and grand total
3290,All Jewellery,https://www.bhimagold.com/products/antique-finished-and-studded-22kt-gold-lakshmi-devi-haaram-for-women-ngo-chfc-ox-s-64967,22.0,,,Could not find both gold value and grand total
3291,Studded & Detailed 22KT Gold Bracelet For Women,https://www.bhimagold.com/products/studded-&-detailed-22kt-gold-bracelet-for-women-ngo-bgbr-p-s-78264,22.0,,,Could not find both gold value and grand total
3292,Glamorously Detailed And Diamond Studded 18KT Rose Gold Locket For Women,https://www.bhimagold.com/products/glamorously-detailed-and-diamond-studded-18kt-rose-gold-locket-for-women-ngd-chld18k-s-81397,18.0,,,Could not find both gold value and grand total
3293,Classic Finely Detailed And Crafted 22KT Gold Casual Wear Chain,https://www.bhimagold.com/products/classic-finely-detailed-and-crafted-22kt-gold-casual-wear-chain-ngo-chmc-p-p-80962,22.0,,,Could not find both gold value and grand total
3294,Studded And Detailed 22KT Gold Studs For Women,https://www.bhimagold.com/products/studded-and-detailed-22kt-gold-studs-for-women-ngo-stst-p-s-81173,22.0,,,Could not find both gold value and grand total
